type,lat_scaled,lon_scaled,height,standardized_height,pvalue,significant
cold,2.1690,-1.7950,1521.9661,11.7649,0.000000,True
cold,2.6753,-2.4313,1525.2595,10.1981,0.000000,True
cold,3.2178,-1.3284,1531.5834,7.1897,0.009010,True
hot,-0.2903,-0.5224,1553.3259,3.1537,0.411950,False
hot,-0.8328,0.1563,1552.8373,2.9213,0.448173,False
hot,-1.2307,1.1320,1552.8365,2.9209,0.462945,False
hot,-1.4838,2.1925,1552.6024,2.8096,0.477503,False
hot,-0.5073,2.5318,1552.2400,2.6371,0.523392,False
hot,0.2160,1.9379,1552.1710,2.6043,0.523829,False
hot,0.5415,1.1320,1552.0930,2.5672,0.528036,False
hot,-0.1818,0.5805,1552.0881,2.5649,0.536777,False
hot,-0.3265,1.4713,1551.9883,2.5174,0.538560,False
hot,0.8670,-0.9466,1549.0531,1.1211,0.820714,False
hot,2.0605,-0.5224,1548.4868,0.8517,0.859694,False
cold,-1.8455,-2.3465,1546.6965,0.0000,0.936535,False
cold,0.2160,-3.1100,1546.6965,0.0000,0.936858,False
hot,-1.7370,-2.9828,1546.6965,-0.0000,0.937146,False
hot,-0.6882,-2.9403,1546.6965,-0.0000,0.937279,False
cold,-1.3753,-2.9828,1546.6965,0.0000,0.937711,False
cold,3.3986,2.1925,1546.6965,0.0000,0.937836,False
cold,-1.8093,-2.0071,1546.6965,0.0000,0.938010,False
hot,-1.8093,-2.4737,1546.6965,-0.0000,0.938049,False
cold,3.1093,2.9560,1546.6965,0.0000,0.938127,False
cold,3.4348,2.8288,1546.6965,0.0000,0.938136,False
hot,-1.5923,-2.8979,1546.6965,-0.0000,0.938170,False
hot,-1.1945,-3.0676,1546.6965,-0.0000,0.938273,False
hot,-1.1222,-3.1100,1546.6965,-0.0000,0.938318,False
hot,3.2178,3.0409,1546.6965,-0.0000,0.938326,False
hot,-1.6646,-2.8979,1546.6965,-0.0000,0.938420,False
hot,-0.9775,-3.0252,1546.6965,-0.0000,0.938422,False
cold,3.3625,2.0652,1546.6965,0.0000,0.938443,False
hot,-1.4838,-2.4313,1546.6965,-0.0000,0.938488,False
hot,0.0713,-2.9403,1546.6965,-0.0000,0.938537,False
cold,-1.7008,-2.6434,1546.6965,0.0000,0.938542,False
cold,-1.4477,-2.6858,1546.6965,0.0000,0.938552,False
hot,3.2540,2.4046,1546.6965,-0.0000,0.938553,False
cold,-1.4477,-2.8131,1546.6965,0.0000,0.938566,False
hot,3.0008,2.6591,1546.6965,-0.0000,0.938637,False
hot,-0.0733,-2.8979,1546.6965,-0.0000,0.938644,False
cold,-1.5562,-3.0676,1546.6965,0.0000,0.938666,False
cold,0.0713,-3.0676,1546.6965,0.0000,0.938684,False
cold,3.3986,2.5742,1546.6965,0.0000,0.938732,False
cold,3.1093,3.1257,1546.6965,0.0000,0.938765,False
cold,-1.5200,-2.8131,1546.6965,0.0000,0.938784,False
cold,-1.7731,-2.5161,1546.6965,0.0000,0.938788,False
cold,-0.9052,-3.1100,1546.6965,0.0000,0.938808,False
hot,-0.2903,-2.9828,1546.6965,-0.0000,0.938814,False
hot,3.3986,2.8712,1546.6965,-0.0000,0.938818,False
hot,0.0352,-2.9828,1546.6965,-0.0000,0.938823,False
cold,3.3625,3.1257,1546.6965,0.0000,0.938827,False
hot,-0.5073,-2.8979,1546.6965,-0.0000,0.938828,False
cold,-1.6285,-2.8979,1546.6965,0.0000,0.938861,False
cold,-1.4115,-2.8131,1546.6965,0.0000,0.938897,False
hot,2.6030,3.0833,1546.6965,-0.0000,0.938901,False
cold,0.1075,-3.1100,1546.6965,0.0000,0.938909,False
cold,0.1437,-3.1100,1546.6965,0.0000,0.938911,False
cold,-1.5200,-2.9403,1546.6965,0.0000,0.938926,False
cold,3.1455,3.0409,1546.6965,0.0000,0.938971,False
hot,-0.2180,-3.1100,1546.6965,-0.0000,0.938995,False
hot,-1.4115,-3.0252,1546.6965,-0.0000,0.939012,False
hot,3.4710,2.2773,1546.6965,-0.0000,0.939013,False
cold,3.4710,2.6591,1546.6965,0.0000,0.939014,False
cold,-1.5200,-2.2192,1546.6965,0.0000,0.939035,False
hot,-0.9052,-2.9403,1546.6965,-0.0000,0.939042,False
hot,-0.9413,-3.1100,1546.6965,-0.0000,0.939054,False
hot,-1.8093,-2.5161,1546.6965,-0.0000,0.939062,False
cold,3.2178,2.8288,1546.6965,0.0000,0.939062,False
cold,3.4348,2.0652,1546.6965,0.0000,0.939087,False
cold,0.2522,-3.0676,1546.6965,0.0000,0.939114,False
hot,2.8923,3.0833,1546.6965,-0.0000,0.939126,False
hot,-1.1583,-3.0252,1546.6965,-0.0000,0.939130,False
cold,-1.3030,-3.0252,1546.6965,0.0000,0.939141,False
hot,3.2178,2.5742,1546.6965,-0.0000,0.939152,False
hot,-1.6285,-2.3889,1546.6965,-0.0000,0.939155,False
hot,-0.7605,-3.0252,1546.6965,-0.0000,0.939176,False
hot,-0.8328,-2.8131,1546.6965,-0.0000,0.939185,False
cold,-1.5200,-2.3889,1546.6965,0.0000,0.939186,False
cold,-1.7370,-3.1100,1546.6965,0.0000,0.939195,False
hot,0.4692,-2.9403,1546.6965,-0.0000,0.939208,False
cold,-1.7370,-2.6010,1546.6965,0.0000,0.939221,False
hot,-1.2668,-2.8979,1546.6965,-0.0000,0.939226,False
cold,3.2540,2.7015,1546.6965,0.0000,0.939230,False
hot,-1.3392,-2.5161,1546.6965,-0.0000,0.939241,False
cold,-1.7008,-2.8131,1546.6965,0.0000,0.939242,False
hot,0.1075,-3.0676,1546.6965,-0.0000,0.939248,False
hot,-0.2180,-2.8979,1546.6965,-0.0000,0.939250,False
hot,-0.0010,-3.1100,1546.6965,-0.0000,0.939253,False
hot,-1.8093,-2.6434,1546.6965,-0.0000,0.939254,False
hot,-0.1095,-2.9403,1546.6965,-0.0000,0.939262,False
hot,3.1093,2.4046,1546.6965,-0.0000,0.939290,False
hot,-0.2542,-3.0676,1546.6965,-0.0000,0.939294,False
cold,-1.2307,-2.8555,1546.6965,0.0000,0.939302,False
hot,-1.8093,-2.2616,1546.6965,-0.0000,0.939305,False
hot,-1.2668,-2.5586,1546.6965,-0.0000,0.939309,False
hot,3.3986,2.4470,1546.6965,-0.0000,0.939324,False
hot,-1.4477,-2.6010,1546.6965,-0.0000,0.939339,False
cold,-1.7370,-2.3040,1546.6965,0.0000,0.939341,False
hot,3.3625,2.3197,1546.6965,-0.0000,0.939348,False
cold,-0.3627,-3.1100,1546.6965,0.0000,0.939369,False
cold,-0.4350,-3.1100,1546.6965,0.0000,0.939376,False
cold,-1.5923,-2.0919,1546.6965,0.0000,0.939376,False
cold,3.3986,2.1076,1546.6965,0.0000,0.939402,False
cold,-1.0860,-2.9828,1546.6965,0.0000,0.939409,False
cold,-0.2903,-2.3465,1546.6946,0.0009,0.939413,False
cold,-1.7370,-2.2192,1546.6965,0.0000,0.939427,False
hot,-1.5562,-2.4313,1546.6965,-0.0000,0.939451,False
cold,2.9285,3.0409,1546.6965,0.0000,0.939457,False
hot,-0.6158,-2.9828,1546.6965,-0.0000,0.939460,False
cold,3.0731,2.9136,1546.6965,0.0000,0.939463,False
hot,-1.6285,-2.5161,1546.6965,-0.0000,0.939466,False
hot,3.0370,2.6167,1546.6965,-0.0000,0.939468,False
hot,3.2540,3.1257,1546.6965,-0.0000,0.939492,False
hot,-0.5073,-3.0252,1546.6965,-0.0000,0.939518,False
cold,0.4330,-2.9828,1546.6965,0.0000,0.939520,False
hot,0.2522,-2.8131,1546.6965,-0.0000,0.939547,False
cold,-1.6285,-2.3040,1546.6965,0.0000,0.939548,False
hot,2.7115,3.1257,1546.6965,-0.0000,0.939563,False
hot,3.3986,3.0409,1546.6965,-0.0000,0.939570,False
hot,3.4710,2.2349,1546.6965,-0.0000,0.939573,False
cold,-1.8455,-1.9223,1546.6965,0.0000,0.939591,False
cold,-1.3030,-3.1100,1546.6965,0.0000,0.939592,False
cold,-1.5200,-2.3040,1546.6965,0.0000,0.939595,False
hot,3.2540,2.9984,1546.6965,-0.0000,0.939606,False
cold,3.3263,2.6591,1546.6965,0.0000,0.939610,False
hot,-1.6285,-2.4737,1546.6965,-0.0000,0.939610,False
cold,-1.6646,-2.7282,1546.6965,0.0000,0.939615,False
cold,-0.9052,-3.0252,1546.6965,0.0000,0.939634,False
hot,-0.0010,-3.0252,1546.6965,-0.0000,0.939643,False
cold,2.6030,2.4894,1546.6959,0.0003,0.939644,False
hot,-1.7008,-2.8131,1546.6965,-0.0000,0.939649,False
hot,0.4330,-3.1100,1546.6965,-0.0000,0.939657,False
cold,3.2901,2.2773,1546.6965,0.0000,0.939660,False
hot,-1.5923,-2.4313,1546.6965,-0.0000,0.939675,False
hot,-1.5923,-2.6010,1546.6965,-0.0000,0.939682,False
cold,-1.2668,-3.1100,1546.6965,0.0000,0.939689,False
hot,-1.5562,-2.3465,1546.6965,-0.0000,0.939701,False
hot,0.2522,-3.0252,1546.6965,-0.0000,0.939737,False
hot,3.0731,2.9136,1546.6965,-0.0000,0.939757,False
cold,-1.2668,-3.0252,1546.6965,0.0000,0.939773,False
cold,3.4710,2.6167,1546.6965,0.0000,0.939786,False
cold,-0.3627,-2.3465,1546.6946,0.0009,0.939787,False
cold,-1.4838,-2.4313,1546.6965,0.0000,0.939797,False
cold,-1.7731,-2.7707,1546.6965,0.0000,0.939804,False
cold,2.8923,3.0833,1546.6965,0.0000,0.939808,False
cold,3.4710,2.3621,1546.6965,0.0000,0.939816,False
hot,-1.7731,-2.3040,1546.6965,-0.0000,0.939820,False
hot,2.8923,3.1257,1546.6965,-0.0000,0.939826,False
cold,3.2901,2.5318,1546.6965,0.0000,0.939837,False
cold,3.1455,2.9560,1546.6965,0.0000,0.939849,False
hot,3.1093,2.6167,1546.6965,-0.0000,0.939858,False
cold,0.1798,-3.0252,1546.6965,0.0000,0.939863,False
hot,0.6862,-3.0676,1546.6965,-0.0000,0.939864,False
cold,-1.5923,-2.9403,1546.6965,0.0000,0.939866,False
hot,2.7115,2.9984,1546.6965,-0.0000,0.939873,False
hot,3.4348,2.2349,1546.6965,-0.0000,0.939879,False
cold,3.3986,2.4046,1546.6965,0.0000,0.939882,False
hot,-0.8690,-2.8555,1546.6965,-0.0000,0.939890,False
cold,3.3986,3.1257,1546.6965,0.0000,0.939911,False
hot,-0.2903,-3.1100,1546.6965,-0.0000,0.939920,False
cold,3.3263,2.4046,1546.6965,0.0000,0.939927,False
hot,3.2540,2.3621,1546.6965,-0.0000,0.939948,False
cold,3.3625,3.0409,1546.6965,0.0000,0.939948,False
cold,3.2901,2.7015,1546.6965,0.0000,0.939952,False
hot,3.1455,3.0833,1546.6965,-0.0000,0.939952,False
hot,3.1455,2.4470,1546.6965,-0.0000,0.939964,False
cold,-0.6158,-3.0676,1546.6965,0.0000,0.939980,False
cold,-0.8328,-3.0676,1546.6965,0.0000,0.939995,False
cold,3.4348,2.3197,1546.6965,0.0000,0.939999,False
cold,-1.4838,-3.1100,1546.6965,0.0000,0.940004,False
hot,-1.8093,-2.8555,1546.6965,-0.0000,0.940004,False
cold,-1.6646,-2.5586,1546.6965,0.0000,0.940007,False
cold,-1.7008,-2.3040,1546.6965,0.0000,0.940008,False
cold,0.3245,-3.0676,1546.6965,0.0000,0.940011,False
hot,0.3245,-2.9403,1546.6965,-0.0000,0.940012,False
hot,3.3625,3.0833,1546.6965,-0.0000,0.940020,False
cold,3.3986,2.3621,1546.6965,0.0000,0.940032,False
cold,-1.1583,-2.9828,1546.6965,0.0000,0.940032,False
cold,-1.2668,-2.4313,1546.6964,0.0001,0.940039,False
hot,-0.2542,-3.0252,1546.6965,-0.0000,0.940054,False
cold,3.3625,2.3621,1546.6965,0.0000,0.940072,False
hot,-0.1095,-3.0252,1546.6965,-0.0000,0.940072,False
cold,3.2901,2.9984,1546.6965,0.0000,0.940074,False
hot,-1.7731,-2.4313,1546.6965,-0.0000,0.940075,False
cold,-1.8455,-2.5586,1546.6965,0.0000,0.940088,False
hot,2.9646,2.8712,1546.6965,-0.0000,0.940089,False
cold,3.3986,1.9804,1546.6965,0.0000,0.940094,False
hot,3.1816,2.4046,1546.6965,-0.0000,0.940098,False
hot,-0.0733,-3.1100,1546.6965,-0.0000,0.940108,False
hot,-0.0733,-3.0252,1546.6965,-0.0000,0.940130,False
hot,-0.6882,-2.9828,1546.6965,-0.0000,0.940141,False
cold,-1.7370,-2.2616,1546.6965,0.0000,0.940146,False
cold,0.4692,-3.0252,1546.6965,0.0000,0.940147,False
cold,-0.9413,-2.9403,1546.6965,0.0000,0.940159,False
hot,-1.5923,-2.6858,1546.6965,-0.0000,0.940161,False
cold,-1.7731,-2.6858,1546.6965,0.0000,0.940163,False
hot,0.2883,-2.8555,1546.6965,-0.0000,0.940164,False
hot,-1.3030,-2.4313,1546.6965,-0.0000,0.940167,False
hot,3.3986,3.0833,1546.6965,-0.0000,0.940172,False
hot,-1.4838,-2.9828,1546.6965,-0.0000,0.940177,False
hot,-1.5923,-3.0252,1546.6965,-0.0000,0.940180,False
hot,-1.1945,-2.6434,1546.6965,-0.0000,0.940181,False
cold,2.9646,2.9984,1546.6965,0.0000,0.940192,False
hot,-1.3392,-2.8979,1546.6965,-0.0000,0.940192,False
cold,-1.6646,-3.1100,1546.6965,0.0000,0.940195,False
cold,3.2178,2.9560,1546.6965,0.0000,0.940198,False
hot,-1.2307,-2.5586,1546.6965,-0.0000,0.940199,False
hot,-0.3627,-3.1100,1546.6965,-0.0000,0.940207,False
cold,-0.8328,-3.0252,1546.6965,0.0000,0.940217,False
hot,-1.2668,-2.7707,1546.6965,-0.0000,0.940223,False
hot,0.1075,-2.8979,1546.6965,-0.0000,0.940224,False
hot,2.8200,3.0833,1546.6965,-0.0000,0.940227,False
cold,0.2522,-3.0252,1546.6965,0.0000,0.940228,False
hot,3.0731,3.0833,1546.6965,-0.0000,0.940229,False
cold,3.1816,2.8712,1546.6965,0.0000,0.940233,False
hot,-1.6646,-2.4313,1546.6965,-0.0000,0.940238,False
cold,2.4221,3.0833,1546.6965,0.0000,0.940242,False
hot,2.6753,2.9560,1546.6965,-0.0000,0.940244,False
hot,3.3263,3.1257,1546.6965,-0.0000,0.940251,False
hot,3.1455,3.1257,1546.6965,-0.0000,0.940264,False
cold,-1.0137,-2.9828,1546.6965,0.0000,0.940264,False
hot,3.3263,2.4894,1546.6965,-0.0000,0.940274,False
hot,3.2540,2.9560,1546.6965,-0.0000,0.940276,False
hot,-1.5200,-2.6434,1546.6965,-0.0000,0.940283,False
hot,3.4710,2.5318,1546.6965,-0.0000,0.940290,False
cold,3.2540,2.5742,1546.6965,0.0000,0.940298,False
hot,2.9646,2.6591,1546.6965,-0.0000,0.940300,False
hot,0.6138,-2.9828,1546.6965,-0.0000,0.940306,False
hot,-1.3392,-2.6010,1546.6965,-0.0000,0.940307,False
cold,-1.3392,-2.9828,1546.6965,0.0000,0.940314,False
cold,2.6030,2.4470,1546.6959,0.0003,0.940321,False
hot,-0.7243,-3.0676,1546.6965,-0.0000,0.940327,False
hot,-1.8093,-3.1100,1546.6965,-0.0000,0.940330,False
hot,-1.7731,-2.9828,1546.6965,-0.0000,0.940330,False
hot,3.3263,2.4046,1546.6965,-0.0000,0.940338,False
hot,3.2901,2.9560,1546.6965,-0.0000,0.940340,False
hot,-1.7008,-2.5161,1546.6965,-0.0000,0.940350,False
cold,3.3986,2.4470,1546.6965,0.0000,0.940352,False
hot,0.5415,-3.0252,1546.6965,-0.0000,0.940353,False
hot,-1.7731,-2.7707,1546.6965,-0.0000,0.940369,False
hot,3.0008,2.5318,1546.6965,-0.0000,0.940370,False
hot,0.5777,-2.8979,1546.6965,-0.0000,0.940393,False
hot,3.0731,2.5742,1546.6965,-0.0000,0.940393,False
cold,-1.6285,-3.1100,1546.6965,0.0000,0.940394,False
hot,-1.5562,-2.3889,1546.6965,-0.0000,0.940394,False
cold,3.2540,2.9984,1546.6965,0.0000,0.940399,False
hot,2.9646,2.9560,1546.6965,-0.0000,0.940418,False
cold,3.2178,2.1076,1546.6965,0.0000,0.940419,False
hot,-0.6158,-3.0252,1546.6965,-0.0000,0.940434,False
hot,-1.5923,-2.5161,1546.6965,-0.0000,0.940438,False
hot,-0.1095,-2.9828,1546.6965,-0.0000,0.940454,False
hot,-1.7370,-2.4313,1546.6965,-0.0000,0.940458,False
hot,2.7476,3.1257,1546.6965,-0.0000,0.940469,False
hot,-0.1457,-3.0676,1546.6965,-0.0000,0.940473,False
cold,3.4348,2.7863,1546.6965,0.0000,0.940473,False
cold,-1.8455,-2.9828,1546.6965,0.0000,0.940485,False
cold,-1.7731,-2.3465,1546.6965,0.0000,0.940485,False
hot,2.8200,3.0409,1546.6965,-0.0000,0.940487,False
cold,-1.1583,-3.0676,1546.6965,0.0000,0.940490,False
hot,-1.0860,-2.7707,1546.6965,-0.0000,0.940491,False
hot,-1.5200,-2.7707,1546.6965,-0.0000,0.940493,False
cold,-1.4838,-2.1768,1546.6965,0.0000,0.940504,False
cold,-1.5200,-3.0252,1546.6965,0.0000,0.940514,False
hot,3.1816,3.1257,1546.6965,-0.0000,0.940516,False
hot,-1.3030,-2.7707,1546.6965,-0.0000,0.940517,False
hot,0.4692,-3.1100,1546.6965,-0.0000,0.940524,False
hot,3.0370,2.9136,1546.6965,-0.0000,0.940527,False
cold,0.4330,-2.9403,1546.6965,0.0000,0.940533,False
hot,0.2522,-2.8979,1546.6965,-0.0000,0.940536,False
cold,-1.8455,-1.9647,1546.6965,0.0000,0.940540,False
cold,-1.3753,-2.8979,1546.6965,0.0000,0.940541,False
hot,-0.5797,-3.0676,1546.6965,-0.0000,0.940542,False
hot,2.7838,2.9136,1546.6965,-0.0000,0.940542,False
cold,3.1455,2.7439,1546.6965,0.0000,0.940543,False
cold,-1.8455,-2.9403,1546.6965,0.0000,0.940545,False
hot,3.1816,2.6167,1546.6965,-0.0000,0.940547,False
cold,-1.8455,-2.0919,1546.6965,0.0000,0.940547,False
cold,-1.8455,-2.3889,1546.6965,0.0000,0.940551,False
cold,-1.7008,-3.0252,1546.6965,0.0000,0.940561,False
hot,-0.9052,-2.8979,1546.6965,-0.0000,0.940568,False
cold,-1.3392,-3.0252,1546.6965,0.0000,0.940569,False
hot,-0.3627,-2.8979,1546.6965,-0.0000,0.940571,False
cold,-1.4477,-3.0676,1546.6965,0.0000,0.940573,False
hot,-1.4115,-2.8979,1546.6965,-0.0000,0.940574,False
cold,3.3625,2.2773,1546.6965,0.0000,0.940578,False
cold,3.1093,2.9984,1546.6965,0.0000,0.940584,False
hot,3.3625,2.5742,1546.6965,-0.0000,0.940585,False
hot,-1.4115,-2.8131,1546.6965,-0.0000,0.940595,False
cold,3.0731,2.8712,1546.6965,0.0000,0.940602,False
hot,-0.6520,-2.8979,1546.6965,-0.0000,0.940604,False
hot,-1.7008,-2.8979,1546.6965,-0.0000,0.940610,False
hot,-1.2307,-3.0252,1546.6965,-0.0000,0.940611,False
hot,0.5053,-2.8979,1546.6965,-0.0000,0.940614,False
hot,-0.6520,-3.0676,1546.6965,-0.0000,0.940620,False
hot,3.0008,2.5742,1546.6965,-0.0000,0.940620,False
cold,-1.5562,-2.8979,1546.6965,0.0000,0.940624,False
hot,3.1816,2.6591,1546.6965,-0.0000,0.940625,False
cold,-1.3392,-3.0676,1546.6965,0.0000,0.940627,False
cold,2.8923,3.1257,1546.6965,0.0000,0.940630,False
hot,3.2901,2.3621,1546.6965,-0.0000,0.940632,False
cold,0.3607,-0.8193,1546.6533,0.0206,0.940632,False
cold,3.3625,2.4470,1546.6965,0.0000,0.940633,False
hot,-0.8690,-2.9828,1546.6965,-0.0000,0.940634,False
cold,-1.8455,-2.7707,1546.6965,0.0000,0.940635,False
cold,3.2540,2.1076,1546.6965,0.0000,0.940645,False
hot,2.9285,2.7439,1546.6965,-0.0000,0.940649,False
hot,-1.5200,-3.1100,1546.6965,-0.0000,0.940650,False
cold,2.4221,3.1257,1546.6965,0.0000,0.940651,False
cold,3.1455,3.0833,1546.6965,0.0000,0.940655,False
hot,-0.4712,-2.9828,1546.6965,-0.0000,0.940655,False
cold,3.3625,2.7863,1546.6965,0.0000,0.940663,False
hot,-1.2668,-2.8131,1546.6965,-0.0000,0.940664,False
hot,0.0713,-2.8979,1546.6965,-0.0000,0.940672,False
cold,-1.4838,-3.0252,1546.6965,0.0000,0.940676,False
hot,3.4710,2.6167,1546.6965,-0.0000,0.940677,False
hot,-0.5797,-2.8979,1546.6965,-0.0000,0.940679,False
hot,3.0370,2.4470,1546.6965,-0.0000,0.940679,False
hot,-0.8690,-3.1100,1546.6965,-0.0000,0.940683,False
cold,-1.7370,-2.0071,1546.6965,0.0000,0.940691,False
cold,-0.8328,-2.9828,1546.6965,0.0000,0.940697,False
cold,-1.7008,-2.0919,1546.6965,0.0000,0.940703,False
cold,-1.3753,-2.9403,1546.6965,0.0000,0.940704,False
hot,2.7115,2.9560,1546.6965,-0.0000,0.940705,False
hot,3.3986,2.7015,1546.6965,-0.0000,0.940706,False
cold,-0.3988,-3.1100,1546.6965,0.0000,0.940709,False
cold,-1.5923,-2.7707,1546.6965,0.0000,0.940709,False
hot,0.1075,-2.9828,1546.6965,-0.0000,0.940715,False
hot,-1.3392,-2.5586,1546.6965,-0.0000,0.940717,False
hot,-0.9413,-2.8555,1546.6965,-0.0000,0.940719,False
cold,3.3625,2.9136,1546.6965,0.0000,0.940721,False
cold,-1.7731,-3.0676,1546.6965,0.0000,0.940725,False
hot,-1.1945,-2.7707,1546.6965,-0.0000,0.940732,False
cold,-1.2668,-2.4737,1546.6964,0.0001,0.940744,False
hot,3.3625,2.3621,1546.6965,-0.0000,0.940747,False
cold,-1.2307,-2.8979,1546.6965,0.0000,0.940755,False
hot,0.5053,-2.9403,1546.6965,-0.0000,0.940758,False
hot,3.2901,2.7863,1546.6965,-0.0000,0.940762,False
cold,-1.5923,-2.3040,1546.6965,0.0000,0.940767,False
cold,-1.1583,-3.1100,1546.6965,0.0000,0.940771,False
hot,3.2901,2.9984,1546.6965,-0.0000,0.940773,False
hot,-1.0860,-3.1100,1546.6965,-0.0000,0.940776,False
cold,-1.7008,-2.1344,1546.6965,0.0000,0.940778,False
hot,-1.5200,-2.9828,1546.6965,-0.0000,0.940780,False
hot,-1.2668,-2.6858,1546.6965,-0.0000,0.940782,False
cold,3.4710,2.9560,1546.6965,0.0000,0.940785,False
cold,3.2178,2.4894,1546.6965,0.0000,0.940786,False
hot,0.3245,-3.0676,1546.6965,-0.0000,0.940787,False
cold,3.2901,2.0652,1546.6965,0.0000,0.940788,False
cold,-1.8093,-1.9223,1546.6965,0.0000,0.940788,False
hot,0.2522,-2.9828,1546.6965,-0.0000,0.940792,False
cold,-0.6882,-3.0676,1546.6965,0.0000,0.940793,False
hot,-1.3030,-2.5161,1546.6965,-0.0000,0.940803,False
hot,3.4710,2.4470,1546.6965,-0.0000,0.940808,False
hot,-1.6285,-3.0676,1546.6965,-0.0000,0.940810,False
hot,-1.1222,-2.6434,1546.6965,-0.0000,0.940817,False
hot,-0.3988,-3.0252,1546.6965,-0.0000,0.940819,False
cold,-1.1222,-3.0252,1546.6965,0.0000,0.940819,False
hot,-0.0010,-2.8555,1546.6965,-0.0000,0.940829,False
cold,3.1816,2.5318,1546.6965,0.0000,0.940831,False
cold,-1.0860,-3.0676,1546.6965,0.0000,0.940836,False
cold,-1.7731,-2.1768,1546.6965,0.0000,0.940844,False
hot,-1.3030,-2.8555,1546.6965,-0.0000,0.940852,False
hot,0.3245,-2.7707,1546.6965,-0.0000,0.940853,False
hot,3.2178,2.9984,1546.6965,-0.0000,0.940856,False
cold,3.4348,2.5742,1546.6965,0.0000,0.940859,False
hot,0.2160,-3.1100,1546.6965,-0.0000,0.940864,False
hot,-1.2307,-2.8555,1546.6965,-0.0000,0.940865,False
hot,-1.5200,-3.0676,1546.6965,-0.0000,0.940866,False
cold,3.2901,2.2349,1546.6965,0.0000,0.940867,False
cold,3.0008,3.0409,1546.6965,0.0000,0.940869,False
cold,3.4348,2.5318,1546.6965,0.0000,0.940872,False
cold,-1.7731,-2.0919,1546.6965,0.0000,0.940872,False
cold,0.4692,-2.9828,1546.6965,0.0000,0.940875,False
hot,-0.9052,-2.8555,1546.6965,-0.0000,0.940880,False
cold,-1.1222,-3.1100,1546.6965,0.0000,0.940886,False
cold,3.1455,2.1925,1546.6965,0.0000,0.940886,False
cold,3.3986,2.9136,1546.6965,0.0000,0.940887,False
hot,-1.7370,-3.0676,1546.6965,-0.0000,0.940887,False
cold,-1.8093,-2.5161,1546.6965,0.0000,0.940889,False
hot,3.4348,2.7863,1546.6965,-0.0000,0.940895,False
hot,-1.5200,-2.9403,1546.6965,-0.0000,0.940897,False
hot,-1.1945,-2.9403,1546.6965,-0.0000,0.940900,False
hot,-0.6520,-3.1100,1546.6965,-0.0000,0.940900,False
cold,-1.8455,-3.1100,1546.6965,0.0000,0.940901,False
hot,3.1093,3.1257,1546.6965,-0.0000,0.940905,False
hot,-1.8455,-2.5161,1546.6965,-0.0000,0.940909,False
cold,3.1816,2.3197,1546.6965,0.0000,0.940911,False
hot,3.3986,2.4046,1546.6965,-0.0000,0.940911,False
cold,3.2901,2.7863,1546.6965,0.0000,0.940912,False
hot,-0.1457,-3.0252,1546.6965,-0.0000,0.940913,False
cold,2.5306,3.1257,1546.6965,0.0000,0.940916,False
hot,0.4692,-3.0252,1546.6965,-0.0000,0.940919,False
cold,3.1093,3.0833,1546.6965,0.0000,0.940939,False
hot,3.2540,2.7015,1546.6965,-0.0000,0.940945,False
cold,-1.7370,-2.1768,1546.6965,0.0000,0.940946,False
cold,0.2883,-3.0676,1546.6965,0.0000,0.940947,False
hot,3.0370,2.9560,1546.6965,-0.0000,0.940949,False
cold,-1.5200,-2.7707,1546.6965,0.0000,0.940953,False
hot,-0.7967,-3.0252,1546.6965,-0.0000,0.940955,False
hot,-0.5797,-2.9828,1546.6965,-0.0000,0.940959,False
hot,-1.7370,-2.2616,1546.6965,-0.0000,0.940967,False
hot,3.4710,2.1500,1546.6965,-0.0000,0.940967,False
hot,-1.7731,-2.8131,1546.6965,-0.0000,0.940968,False
cold,-1.8455,-3.0252,1546.6965,0.0000,0.940970,False
hot,-0.8328,-3.0252,1546.6965,-0.0000,0.940972,False
cold,-1.7370,-2.6858,1546.6965,0.0000,0.940975,False
cold,-1.7731,-2.8555,1546.6965,0.0000,0.940978,False
cold,-0.8690,-3.0676,1546.6965,0.0000,0.940979,False
hot,2.7115,3.0409,1546.6965,-0.0000,0.940984,False
hot,-1.1583,-2.9828,1546.6965,-0.0000,0.940989,False
cold,-1.3753,-3.0252,1546.6965,0.0000,0.940993,False
cold,0.3968,-3.1100,1546.6965,0.0000,0.940996,False
hot,-1.6285,-3.1100,1546.6965,-0.0000,0.940998,False
cold,-1.8455,-1.8374,1546.6965,0.0000,0.941000,False
cold,-1.1583,-2.8979,1546.6965,0.0000,0.941001,False
hot,-1.0137,-3.0252,1546.6965,-0.0000,0.941003,False
hot,3.2178,3.0833,1546.6965,-0.0000,0.941006,False
hot,-1.7008,-2.3465,1546.6965,-0.0000,0.941007,False
cold,3.4348,2.1076,1546.6965,0.0000,0.941008,False
hot,-1.7008,-2.3889,1546.6965,-0.0000,0.941010,False
cold,-1.7731,-2.7282,1546.6965,0.0000,0.941010,False
cold,-1.7008,-2.6010,1546.6965,0.0000,0.941013,False
cold,3.4710,2.3197,1546.6965,0.0000,0.941015,False
hot,-0.0010,-2.9828,1546.6965,-0.0000,0.941015,False
hot,-1.6646,-2.5161,1546.6965,-0.0000,0.941017,False
hot,-0.3988,-2.8979,1546.6965,-0.0000,0.941028,False
cold,-1.4115,-2.9403,1546.6965,0.0000,0.941043,False
hot,-0.0733,-2.9828,1546.6965,-0.0000,0.941045,False
cold,-0.2542,-2.3465,1546.6946,0.0009,0.941046,False
cold,-1.8093,-2.8979,1546.6965,0.0000,0.941047,False
hot,-1.3753,-2.6858,1546.6965,-0.0000,0.941052,False
cold,3.0731,3.0833,1546.6965,0.0000,0.941054,False
hot,-0.4350,-3.1100,1546.6965,-0.0000,0.941054,False
hot,-0.1457,-2.8979,1546.6965,-0.0000,0.941059,False
hot,-1.5562,-2.7707,1546.6965,-0.0000,0.941061,False
hot,3.1455,2.5318,1546.6965,-0.0000,0.941063,False
hot,0.5415,-3.0676,1546.6965,-0.0000,0.941068,False
hot,-1.0860,-2.8555,1546.6965,-0.0000,0.941068,False
hot,-1.8093,-2.4313,1546.6965,-0.0000,0.941069,False
cold,-1.0860,-3.1100,1546.6965,0.0000,0.941072,False
hot,3.2540,2.9136,1546.6965,-0.0000,0.941072,False
cold,0.4692,-3.1100,1546.6965,0.0000,0.941078,False
hot,-0.6882,-3.0676,1546.6965,-0.0000,0.941084,False
cold,3.4348,2.1500,1546.6965,0.0000,0.941093,False
cold,3.4348,1.9804,1546.6965,0.0000,0.941095,False
hot,-1.7008,-2.7282,1546.6965,-0.0000,0.941095,False
cold,-1.5923,-2.7282,1546.6965,0.0000,0.941101,False
hot,0.3607,-2.8555,1546.6965,-0.0000,0.941107,False
hot,-0.9413,-2.9828,1546.6965,-0.0000,0.941113,False
hot,0.3607,-3.0676,1546.6965,-0.0000,0.941113,False
cold,-1.5923,-2.3889,1546.6965,0.0000,0.941115,False
cold,3.3625,2.6167,1546.6965,0.0000,0.941126,False
hot,3.2178,2.3621,1546.6965,-0.0000,0.941127,False
hot,-1.7370,-2.7282,1546.6965,-0.0000,0.941129,False
cold,3.4348,2.7439,1546.6965,0.0000,0.941130,False
hot,3.4348,2.5742,1546.6965,-0.0000,0.941132,False
cold,-1.2307,-3.0252,1546.6965,0.0000,0.941132,False
hot,0.6500,-3.1100,1546.6965,-0.0000,0.941136,False
hot,0.2522,-2.8555,1546.6965,-0.0000,0.941147,False
hot,3.0008,2.8288,1546.6965,-0.0000,0.941149,False
cold,3.2901,2.6591,1546.6965,0.0000,0.941153,False
cold,-1.6285,-2.1344,1546.6965,0.0000,0.941153,False
hot,0.1798,-3.0252,1546.6965,-0.0000,0.941157,False
hot,2.9646,3.0409,1546.6965,-0.0000,0.941164,False
cold,-1.6285,-3.0676,1546.6965,0.0000,0.941168,False
hot,-1.1945,-2.8979,1546.6965,-0.0000,0.941174,False
cold,-1.7008,-3.0676,1546.6965,0.0000,0.941174,False
hot,0.3245,-3.1100,1546.6965,-0.0000,0.941176,False
hot,3.4710,2.7439,1546.6965,-0.0000,0.941179,False
cold,-1.8455,-2.8131,1546.6965,0.0000,0.941180,False
hot,-1.7008,-2.3040,1546.6965,-0.0000,0.941180,False
hot,-0.1818,-3.1100,1546.6965,-0.0000,0.941181,False
hot,0.2883,-2.7707,1546.6965,-0.0000,0.941182,False
cold,3.3986,2.3197,1546.6965,0.0000,0.941183,False
cold,2.9285,3.1257,1546.6965,0.0000,0.941184,False
hot,2.7838,3.0409,1546.6965,-0.0000,0.941188,False
hot,-1.8455,-2.2192,1546.6965,-0.0000,0.941193,False
hot,-1.3753,-2.7282,1546.6965,-0.0000,0.941196,False
hot,3.3986,2.3621,1546.6965,-0.0000,0.941199,False
cold,-1.8093,-1.9647,1546.6965,0.0000,0.941201,False
hot,-1.7008,-2.8555,1546.6965,-0.0000,0.941203,False
cold,-1.7370,-3.0252,1546.6965,0.0000,0.941204,False
hot,-0.9775,-2.8555,1546.6965,-0.0000,0.941205,False
hot,3.1093,2.6591,1546.6965,-0.0000,0.941208,False
cold,-1.7370,-2.5586,1546.6965,0.0000,0.941210,False
cold,-1.8093,-2.8131,1546.6965,0.0000,0.941211,False
hot,0.2883,-3.0676,1546.6965,-0.0000,0.941221,False
hot,-1.4115,-2.6434,1546.6965,-0.0000,0.941223,False
cold,-1.2668,-2.8131,1546.6965,0.0000,0.941223,False
cold,3.2901,3.0409,1546.6965,0.0000,0.941231,False
cold,3.4348,3.1257,1546.6965,0.0000,0.941231,False
hot,3.1455,2.8288,1546.6965,-0.0000,0.941233,False
hot,-1.7370,-2.8131,1546.6965,-0.0000,0.941233,False
hot,-1.6285,-2.8131,1546.6965,-0.0000,0.941242,False
hot,-1.5562,-2.4737,1546.6965,-0.0000,0.941245,False
hot,-1.1945,-3.1100,1546.6965,-0.0000,0.941245,False
hot,-1.1583,-2.8979,1546.6965,-0.0000,0.941249,False
cold,-1.1583,-2.8555,1546.6965,0.0000,0.941251,False
cold,3.3263,2.3197,1546.6965,0.0000,0.941253,False
hot,-1.5562,-2.5586,1546.6965,-0.0000,0.941259,False
hot,3.3625,2.4894,1546.6965,-0.0000,0.941260,False
hot,3.1455,2.9984,1546.6965,-0.0000,0.941262,False
hot,-1.4477,-3.0676,1546.6965,-0.0000,0.941265,False
hot,-0.2903,-2.8979,1546.6965,-0.0000,0.941265,False
hot,-1.5200,-2.4737,1546.6965,-0.0000,0.941272,False
hot,3.3625,2.6591,1546.6965,-0.0000,0.941273,False
hot,-1.4115,-2.5586,1546.6965,-0.0000,0.941283,False
cold,3.4348,2.4046,1546.6965,0.0000,0.941285,False
cold,0.2883,-3.1100,1546.6965,0.0000,0.941286,False
hot,3.1093,2.8712,1546.6965,-0.0000,0.941287,False
hot,-1.8093,-2.1768,1546.6965,-0.0000,0.941288,False
hot,-0.7967,-2.9403,1546.6965,-0.0000,0.941289,False
cold,3.1093,2.8712,1546.6965,0.0000,0.941293,False
hot,-1.7370,-2.6434,1546.6965,-0.0000,0.941301,False
hot,0.0352,-3.0676,1546.6965,-0.0000,0.941302,False
hot,-1.4115,-2.7282,1546.6965,-0.0000,0.941306,False
cold,-1.6285,-2.5586,1546.6965,0.0000,0.941306,False
cold,-1.3392,-2.8555,1546.6965,0.0000,0.941307,False
hot,3.4710,2.5742,1546.6965,-0.0000,0.941311,False
hot,-0.0372,-3.1100,1546.6965,-0.0000,0.941313,False
hot,-1.6285,-2.8979,1546.6965,-0.0000,0.941314,False
hot,3.4348,2.6591,1546.6965,-0.0000,0.941316,False
cold,3.2540,2.6167,1546.6965,0.0000,0.941316,False
hot,0.5777,-3.1100,1546.6965,-0.0000,0.941319,False
hot,3.2901,2.4894,1546.6965,-0.0000,0.941320,False
cold,3.4710,2.8712,1546.6965,0.0000,0.941326,False
cold,3.1455,2.7863,1546.6965,0.0000,0.941327,False
cold,3.1455,2.6591,1546.6965,0.0000,0.941327,False
cold,-1.8093,-2.9828,1546.6965,0.0000,0.941332,False
cold,-0.5797,-3.1100,1546.6965,0.0000,0.941333,False
hot,2.6753,3.0409,1546.6965,-0.0000,0.941335,False
cold,-1.7008,-2.3465,1546.6965,0.0000,0.941337,False
cold,3.3263,2.7863,1546.6965,0.0000,0.941341,False
cold,3.2901,2.4046,1546.6965,0.0000,0.941345,False
hot,3.1455,2.9136,1546.6965,-0.0000,0.941346,False
hot,-1.7731,-2.6858,1546.6965,-0.0000,0.941347,False
cold,-0.9413,-3.0252,1546.6965,0.0000,0.941347,False
hot,-1.7370,-2.3465,1546.6965,-0.0000,0.941349,False
hot,0.6138,-2.9403,1546.6965,-0.0000,0.941351,False
cold,-1.3030,-2.7282,1546.6965,0.0000,0.941351,False
hot,-0.9052,-3.0676,1546.6965,-0.0000,0.941354,False
hot,2.8561,2.8288,1546.6965,-0.0000,0.941354,False
hot,-1.3753,-2.9828,1546.6965,-0.0000,0.941356,False
hot,-1.5200,-2.7282,1546.6965,-0.0000,0.941364,False
cold,3.1455,2.7015,1546.6965,0.0000,0.941364,False
cold,3.4710,1.9804,1546.6965,0.0000,0.941365,False
cold,-0.0010,-3.0676,1546.6965,0.0000,0.941365,False
hot,-0.3627,-2.9403,1546.6965,-0.0000,0.941368,False
hot,3.4710,2.7863,1546.6965,-0.0000,0.941372,False
hot,-0.7605,-2.9403,1546.6965,-0.0000,0.941373,False
hot,-1.2668,-2.9403,1546.6965,-0.0000,0.941374,False
hot,3.2540,2.8288,1546.6965,-0.0000,0.941377,False
hot,0.3245,-3.0252,1546.6965,-0.0000,0.941378,False
hot,-0.1818,-2.9828,1546.6965,-0.0000,0.941378,False
hot,-1.0498,-2.8131,1546.6965,-0.0000,0.941379,False
hot,3.2178,2.9136,1546.6965,-0.0000,0.941385,False
cold,-1.3392,-2.9403,1546.6965,0.0000,0.941390,False
hot,-1.5562,-2.6010,1546.6965,-0.0000,0.941390,False
hot,3.4348,2.7439,1546.6965,-0.0000,0.941391,False
cold,-1.5200,-2.6010,1546.6965,0.0000,0.941396,False
cold,3.4710,2.4046,1546.6965,0.0000,0.941400,False
cold,3.2901,2.6167,1546.6965,0.0000,0.941401,False
hot,-0.2542,-2.8979,1546.6965,-0.0000,0.941403,False
hot,3.3263,2.5742,1546.6965,-0.0000,0.941407,False
cold,-1.5923,-2.4313,1546.6965,0.0000,0.941408,False
cold,3.3625,2.8288,1546.6965,0.0000,0.941409,False
hot,3.1455,2.8712,1546.6965,-0.0000,0.941409,False
cold,-0.2542,-3.1100,1546.6965,0.0000,0.941410,False
hot,-1.0860,-2.9828,1546.6965,-0.0000,0.941411,False
cold,3.2178,2.6591,1546.6965,0.0000,0.941414,False
cold,-1.4115,-3.1100,1546.6965,0.0000,0.941415,False
cold,0.2522,-3.1100,1546.6965,0.0000,0.941423,False
hot,3.0731,2.7015,1546.6965,-0.0000,0.941423,False
hot,-0.9775,-2.8131,1546.6965,-0.0000,0.941423,False
cold,-0.7605,-3.0676,1546.6965,0.0000,0.941424,False
cold,-1.7370,-2.8555,1546.6965,0.0000,0.941425,False
hot,3.3263,2.9984,1546.6965,-0.0000,0.941426,False
hot,3.2901,2.6167,1546.6965,-0.0000,0.941427,False
hot,2.9285,3.1257,1546.6965,-0.0000,0.941430,False
cold,3.2901,2.7439,1546.6965,0.0000,0.941430,False
cold,0.3968,-3.0676,1546.6965,0.0000,0.941432,False
cold,-1.5923,-2.6434,1546.6965,0.0000,0.941436,False
cold,3.2178,2.2349,1546.6965,0.0000,0.941436,False
hot,-0.1818,-3.0676,1546.6965,-0.0000,0.941442,False
cold,3.4710,2.9984,1546.6965,0.0000,0.941442,False
hot,2.6391,3.0833,1546.6965,-0.0000,0.941443,False
hot,-1.4115,-2.9403,1546.6965,-0.0000,0.941445,False
hot,0.0352,-3.1100,1546.6965,-0.0000,0.941445,False
hot,-0.6882,-3.0252,1546.6965,-0.0000,0.941450,False
hot,-0.4350,-2.8979,1546.6965,-0.0000,0.941451,False
hot,3.3625,2.9560,1546.6965,-0.0000,0.941453,False
hot,0.3968,-3.0676,1546.6965,-0.0000,0.941455,False
hot,-0.8690,-3.0252,1546.6965,-0.0000,0.941460,False
cold,-1.1583,-2.9403,1546.6965,0.0000,0.941461,False
cold,0.1798,-3.0676,1546.6965,0.0000,0.941461,False
hot,-1.4477,-2.9403,1546.6965,-0.0000,0.941467,False
hot,-1.6646,-2.8131,1546.6965,-0.0000,0.941468,False
cold,-1.2668,-2.8555,1546.6965,0.0000,0.941468,False
cold,3.2901,2.9560,1546.6965,0.0000,0.941468,False
cold,-1.7370,-2.3465,1546.6965,0.0000,0.941470,False
hot,-1.2307,-3.0676,1546.6965,-0.0000,0.941471,False
cold,-0.7243,-3.0252,1546.6965,0.0000,0.941473,False
hot,3.1816,2.7863,1546.6965,-0.0000,0.941474,False
hot,-1.8455,-2.6858,1546.6965,-0.0000,0.941477,False
hot,0.5415,-2.8979,1546.6965,-0.0000,0.941483,False
hot,-1.0498,-2.8979,1546.6965,-0.0000,0.941484,False
hot,0.2160,-2.8555,1546.6965,-0.0000,0.941488,False
hot,-0.9413,-2.9403,1546.6965,-0.0000,0.941489,False
cold,-1.4838,-2.3040,1546.6965,0.0000,0.941492,False
hot,-1.7370,-2.3040,1546.6965,-0.0000,0.941493,False
hot,3.2901,2.3197,1546.6965,-0.0000,0.941497,False
cold,3.2540,2.9560,1546.6965,0.0000,0.941504,False
hot,-0.6882,-3.1100,1546.6965,-0.0000,0.941504,False
cold,3.1816,2.1925,1546.6965,0.0000,0.941505,False
hot,-0.9052,-2.7707,1546.6965,-0.0000,0.941508,False
hot,-0.9775,-2.7707,1546.6965,-0.0000,0.941516,False
cold,2.8561,3.0833,1546.6965,0.0000,0.941517,False
hot,2.8923,2.9136,1546.6965,-0.0000,0.941521,False
hot,3.2540,3.0833,1546.6965,-0.0000,0.941523,False
cold,3.2901,2.8288,1546.6965,0.0000,0.941524,False
hot,-1.8455,-2.2616,1546.6965,-0.0000,0.941524,False
hot,-1.1222,-2.9403,1546.6965,-0.0000,0.941526,False
cold,-1.7731,-1.9223,1546.6965,0.0000,0.941528,False
hot,3.2178,2.7439,1546.6965,-0.0000,0.941531,False
hot,3.1816,2.3621,1546.6965,-0.0000,0.941533,False
cold,3.2901,2.1500,1546.6965,0.0000,0.941534,False
cold,3.3986,2.0652,1546.6965,0.0000,0.941537,False
hot,3.3986,2.6167,1546.6965,-0.0000,0.941538,False
cold,3.2540,3.0833,1546.6965,0.0000,0.941539,False
hot,-1.1222,-2.8131,1546.6965,-0.0000,0.941546,False
hot,3.1093,2.4894,1546.6965,-0.0000,0.941549,False
cold,3.4348,2.4470,1546.6965,0.0000,0.941550,False
cold,-1.5562,-2.3465,1546.6965,0.0000,0.941552,False
cold,-1.8093,-2.1344,1546.6965,0.0000,0.941554,False
cold,-1.8093,-1.8798,1546.6965,0.0000,0.941554,False
cold,-1.1945,-3.0252,1546.6965,0.0000,0.941555,False
hot,3.4710,2.8712,1546.6965,-0.0000,0.941567,False
cold,-0.1095,-3.1100,1546.6965,0.0000,0.941568,False
cold,3.3625,2.8712,1546.6965,0.0000,0.941570,False
cold,-1.7008,-2.9828,1546.6965,0.0000,0.941574,False
cold,-0.7967,-3.0676,1546.6965,0.0000,0.941577,False
cold,-1.8093,-2.4737,1546.6965,0.0000,0.941579,False
hot,-0.6520,-2.9828,1546.6965,-0.0000,0.941584,False
hot,0.0713,-3.1100,1546.6965,-0.0000,0.941587,False
hot,3.1816,2.7015,1546.6965,-0.0000,0.941590,False
hot,0.1798,-2.9828,1546.6965,-0.0000,0.941594,False
cold,-1.5200,-2.7282,1546.6965,0.0000,0.941594,False
hot,0.5415,-2.9403,1546.6965,-0.0000,0.941594,False
cold,3.2901,2.3621,1546.6965,0.0000,0.941596,False
hot,-1.7731,-2.5161,1546.6965,-0.0000,0.941599,False
hot,-1.4838,-2.8555,1546.6965,-0.0000,0.941602,False
cold,3.1093,2.9136,1546.6965,0.0000,0.941607,False
hot,3.1093,2.7863,1546.6965,-0.0000,0.941610,False
cold,-1.5200,-3.0676,1546.6965,0.0000,0.941610,False
cold,-1.5562,-2.9403,1546.6965,0.0000,0.941614,False
hot,3.4710,2.9136,1546.6965,-0.0000,0.941615,False
hot,-1.6646,-2.9403,1546.6965,-0.0000,0.941634,False
hot,3.1093,3.0409,1546.6965,-0.0000,0.941638,False
cold,3.3986,3.0409,1546.6965,0.0000,0.941640,False
cold,0.3607,-3.0252,1546.6965,0.0000,0.941640,False
hot,-1.2307,-2.8131,1546.6965,-0.0000,0.941643,False
cold,-1.5923,-2.8555,1546.6965,0.0000,0.941646,False
cold,3.2540,2.4894,1546.6965,0.0000,0.941647,False
cold,-0.9052,-3.0676,1546.6965,0.0000,0.941648,False
hot,-1.8455,-2.8131,1546.6965,-0.0000,0.941649,False
hot,3.0008,2.8712,1546.6965,-0.0000,0.941650,False
hot,-1.4477,-2.4737,1546.6965,-0.0000,0.941658,False
cold,-0.9775,-3.0252,1546.6965,0.0000,0.941661,False
hot,-1.4477,-3.1100,1546.6965,-0.0000,0.941663,False
hot,3.4348,2.1925,1546.6965,-0.0000,0.941664,False
hot,0.6500,-3.0676,1546.6965,-0.0000,0.941665,False
cold,0.4330,-3.0676,1546.6965,0.0000,0.941665,False
hot,0.1798,-2.8979,1546.6965,-0.0000,0.941666,False
cold,3.1816,2.9984,1546.6965,0.0000,0.941666,False
cold,3.4348,2.2349,1546.6965,0.0000,0.941668,False
cold,-1.0137,-2.9403,1546.6965,0.0000,0.941669,False
cold,3.4710,2.2773,1546.6965,0.0000,0.941679,False
hot,0.5777,-2.9828,1546.6965,-0.0000,0.941679,False
hot,-0.7605,-2.8979,1546.6965,-0.0000,0.941680,False
cold,-0.6520,-3.1100,1546.6965,0.0000,0.941683,False
cold,-0.7967,-3.1100,1546.6965,0.0000,0.941684,False
hot,0.3607,-2.8979,1546.6965,-0.0000,0.941685,False
cold,-1.7008,-2.2616,1546.6965,0.0000,0.941686,False
cold,-1.0498,-2.9403,1546.6965,0.0000,0.941687,False
cold,3.0370,2.9984,1546.6965,0.0000,0.941690,False
hot,-0.6520,-3.0252,1546.6965,-0.0000,0.941692,False
cold,-1.2668,-3.0676,1546.6965,0.0000,0.941694,False
cold,-1.5923,-2.2192,1546.6965,0.0000,0.941695,False
hot,-1.8455,-2.3040,1546.6965,-0.0000,0.941695,False
cold,3.0731,3.0409,1546.6965,0.0000,0.941695,False
hot,-1.8455,-2.7282,1546.6965,-0.0000,0.941705,False
hot,0.3968,-3.1100,1546.6965,-0.0000,0.941707,False
hot,0.2522,-3.0676,1546.6965,-0.0000,0.941716,False
hot,-0.5797,-2.8555,1546.6965,-0.0000,0.941718,False
cold,-1.3753,-3.1100,1546.6965,0.0000,0.941721,False
hot,0.1437,-2.9403,1546.6965,-0.0000,0.941721,False
hot,3.0370,2.7863,1546.6965,-0.0000,0.941722,False
cold,3.3986,3.0833,1546.6965,0.0000,0.941722,False
cold,-1.0137,-3.1100,1546.6965,0.0000,0.941726,False
hot,-0.8328,-3.0676,1546.6965,-0.0000,0.941729,False
cold,-1.2307,-3.1100,1546.6965,0.0000,0.941730,False
cold,-1.8093,-3.1100,1546.6965,0.0000,0.941730,False
hot,3.1816,2.9984,1546.6965,-0.0000,0.941733,False
cold,-1.8455,-2.5161,1546.6965,0.0000,0.941750,False
cold,-1.4477,-2.8555,1546.6965,0.0000,0.941753,False
cold,-1.6646,-2.3889,1546.6965,0.0000,0.941757,False
hot,3.4348,2.3621,1546.6965,-0.0000,0.941758,False
hot,3.2178,3.1257,1546.6965,-0.0000,0.941761,False
hot,-0.4712,-3.0676,1546.6965,-0.0000,0.941763,False
cold,-1.6646,-2.3040,1546.6965,0.0000,0.941765,False
cold,-1.8455,-2.8555,1546.6965,0.0000,0.941766,False
cold,3.2540,3.1257,1546.6965,0.0000,0.941766,False
hot,3.0008,2.7863,1546.6965,-0.0000,0.941769,False
hot,0.2522,-2.9403,1546.6965,-0.0000,0.941769,False
hot,3.3263,2.9560,1546.6965,-0.0000,0.941771,False
cold,2.5668,2.4894,1546.6959,0.0003,0.941772,False
cold,-1.8455,-2.6858,1546.6965,0.0000,0.941775,False
hot,-1.2668,-3.0676,1546.6965,-0.0000,0.941781,False
cold,3.3263,2.1925,1546.6965,0.0000,0.941781,False
cold,-1.7370,-2.9403,1546.6965,0.0000,0.941782,False
cold,3.3263,2.1500,1546.6965,0.0000,0.941784,False
cold,-1.7370,-1.9647,1546.6965,0.0000,0.941786,False
hot,-0.5073,-2.9828,1546.6965,-0.0000,0.941788,False
hot,0.2160,-2.8131,1546.6965,-0.0000,0.941791,False
hot,-1.7008,-3.0676,1546.6965,-0.0000,0.941800,False
cold,-1.6285,-2.9828,1546.6965,0.0000,0.941800,False
hot,-1.6646,-3.0252,1546.6965,-0.0000,0.941803,False
cold,2.9285,3.0833,1546.6965,0.0000,0.941809,False
hot,-1.8093,-2.6010,1546.6965,-0.0000,0.941813,False
hot,-1.1583,-3.0676,1546.6965,-0.0000,0.941813,False
cold,3.2901,2.8712,1546.6965,0.0000,0.941814,False
hot,-1.0137,-2.7282,1546.6965,-0.0000,0.941817,False
cold,-1.4838,-2.6858,1546.6965,0.0000,0.941818,False
hot,-0.2903,-3.0676,1546.6965,-0.0000,0.941827,False
cold,-1.4477,-2.9403,1546.6965,0.0000,0.941828,False
cold,-1.3753,-2.6858,1546.6965,0.0000,0.941830,False
hot,-1.0137,-2.8979,1546.6965,-0.0000,0.941836,False
hot,3.2901,3.0833,1546.6965,-0.0000,0.941837,False
cold,3.1816,2.7439,1546.6965,0.0000,0.941838,False
hot,-1.3030,-2.7282,1546.6965,-0.0000,0.941840,False
cold,-1.5562,-2.3889,1546.6965,0.0000,0.941840,False
hot,-1.3030,-2.9403,1546.6965,-0.0000,0.941841,False
hot,-1.0498,-2.8555,1546.6965,-0.0000,0.941842,False
hot,0.2160,-3.0676,1546.6965,-0.0000,0.941844,False
cold,3.3263,2.0228,1546.6965,0.0000,0.941848,False
hot,-1.4115,-2.4313,1546.6965,-0.0000,0.941850,False
cold,-1.2668,-2.8979,1546.6965,0.0000,0.941851,False
cold,0.3968,-3.0252,1546.6965,0.0000,0.941854,False
hot,3.0731,2.6167,1546.6965,-0.0000,0.941861,False
hot,3.2540,2.6591,1546.6965,-0.0000,0.941861,False
hot,2.8561,3.1257,1546.6965,-0.0000,0.941861,False
cold,3.2901,3.1257,1546.6965,0.0000,0.941862,False
hot,2.8923,3.0409,1546.6965,-0.0000,0.941862,False
hot,-0.6882,-2.8979,1546.6965,-0.0000,0.941864,False
cold,3.4710,2.1925,1546.6965,0.0000,0.941873,False
cold,2.8200,3.1257,1546.6965,0.0000,0.941875,False
hot,0.3607,-2.9828,1546.6965,-0.0000,0.941878,False
hot,3.0008,2.9560,1546.6965,-0.0000,0.941883,False
cold,3.2178,2.7439,1546.6965,0.0000,0.941885,False
cold,3.1816,3.1257,1546.6965,0.0000,0.941887,False
cold,-1.8093,-2.6858,1546.6965,0.0000,0.941888,False
hot,0.0352,-2.9403,1546.6965,-0.0000,0.941890,False
hot,-1.6646,-3.0676,1546.6965,-0.0000,0.941892,False
hot,-1.8093,-2.7282,1546.6965,-0.0000,0.941896,False
cold,-1.6285,-2.6434,1546.6965,0.0000,0.941896,False
cold,3.3263,2.3621,1546.6965,0.0000,0.941901,False
hot,-0.7967,-3.1100,1546.6965,-0.0000,0.941903,False
hot,3.0370,2.6591,1546.6965,-0.0000,0.941909,False
hot,3.1816,2.5742,1546.6965,-0.0000,0.941910,False
cold,-1.2307,-2.8131,1546.6965,0.0000,0.941911,False
hot,-1.4838,-3.1100,1546.6965,-0.0000,0.941912,False
hot,0.6500,-3.0252,1546.6965,-0.0000,0.941915,False
hot,3.1816,2.4470,1546.6965,-0.0000,0.941916,False
cold,-1.7370,-2.0495,1546.6965,0.0000,0.941916,False
cold,-1.4838,-2.5586,1546.6965,0.0000,0.941916,False
cold,-1.8455,-2.6010,1546.6965,0.0000,0.941919,False
cold,-1.5200,-2.2616,1546.6965,0.0000,0.941919,False
hot,3.2178,2.9560,1546.6965,-0.0000,0.941923,False
cold,3.3625,2.0228,1546.6965,0.0000,0.941925,False
cold,-1.4477,-2.8979,1546.6965,0.0000,0.941926,False
hot,3.4348,2.4894,1546.6965,-0.0000,0.941930,False
hot,-1.7731,-2.4737,1546.6965,-0.0000,0.941933,False
hot,-1.4477,-3.0252,1546.6965,-0.0000,0.941936,False
cold,-1.6646,-2.0495,1546.6965,0.0000,0.941939,False
hot,0.3245,-2.8979,1546.6965,-0.0000,0.941943,False
cold,0.2160,-3.0676,1546.6965,0.0000,0.941945,False
hot,-0.9775,-3.1100,1546.6965,-0.0000,0.941950,False
hot,-1.4115,-2.5161,1546.6965,-0.0000,0.941956,False
cold,-1.3753,-2.7282,1546.6965,0.0000,0.941956,False
hot,3.1455,2.9560,1546.6965,-0.0000,0.941958,False
hot,3.2178,2.4470,1546.6965,-0.0000,0.941960,False
hot,-1.3030,-3.0676,1546.6965,-0.0000,0.941961,False
hot,-1.3392,-3.0676,1546.6965,-0.0000,0.941962,False
cold,-1.7008,-2.3889,1546.6965,0.0000,0.941966,False
cold,-1.6646,-2.0919,1546.6965,0.0000,0.941968,False
hot,0.5053,-3.1100,1546.6965,-0.0000,0.941969,False
cold,-1.8093,-2.0495,1546.6965,0.0000,0.941969,False
cold,-1.5200,-2.5586,1546.6965,0.0000,0.941973,False
cold,3.3625,2.4894,1546.6965,0.0000,0.941974,False
cold,-0.2180,-2.3465,1546.6946,0.0009,0.941977,False
cold,-1.3030,-2.8979,1546.6965,0.0000,0.941978,False
hot,3.0008,2.7015,1546.6965,-0.0000,0.941980,False
hot,-1.3753,-2.9403,1546.6965,-0.0000,0.941980,False
cold,-1.3392,-2.8131,1546.6965,0.0000,0.941980,False
hot,0.2883,-2.9403,1546.6965,-0.0000,0.941981,False
hot,-0.3265,-3.0676,1546.6965,-0.0000,0.941982,False
cold,-0.2180,-3.1100,1546.6965,0.0000,0.941983,False
cold,-0.5435,-3.1100,1546.6965,0.0000,0.941984,False
hot,-1.3753,-2.5586,1546.6965,-0.0000,0.941984,False
hot,3.3986,2.7439,1546.6965,-0.0000,0.941994,False
cold,-1.0498,-3.0252,1546.6965,0.0000,0.941996,False
hot,-1.1583,-3.1100,1546.6965,-0.0000,0.941997,False
hot,-0.8328,-2.8555,1546.6965,-0.0000,0.941998,False
hot,3.0731,2.6591,1546.6965,-0.0000,0.941998,False
hot,3.3625,2.8712,1546.6965,-0.0000,0.942000,False
cold,-1.5200,-2.4737,1546.6965,0.0000,0.942003,False
hot,-1.7370,-2.8979,1546.6965,-0.0000,0.942008,False
hot,-1.3030,-2.4737,1546.6965,-0.0000,0.942009,False
cold,-1.8093,-2.8555,1546.6965,0.0000,0.942010,False
hot,-1.8455,-2.8555,1546.6965,-0.0000,0.942010,False
cold,-1.5200,-2.3465,1546.6965,0.0000,0.942012,False
hot,2.8561,3.0833,1546.6965,-0.0000,0.942017,False
cold,3.1816,2.2349,1546.6965,0.0000,0.942018,False
hot,3.2901,2.5742,1546.6965,-0.0000,0.942020,False
cold,3.1816,2.2773,1546.6965,0.0000,0.942034,False
hot,3.1455,2.4046,1546.6965,-0.0000,0.942034,False
hot,3.3625,3.0409,1546.6965,-0.0000,0.942036,False
hot,0.2522,-3.1100,1546.6965,-0.0000,0.942036,False
hot,0.6138,-3.0252,1546.6965,-0.0000,0.942037,False
cold,3.3263,2.2773,1546.6965,0.0000,0.942038,False
hot,-1.5200,-2.4313,1546.6965,-0.0000,0.942042,False
hot,3.2178,2.7015,1546.6965,-0.0000,0.942045,False
hot,-1.1222,-2.8555,1546.6965,-0.0000,0.942045,False
hot,-1.8093,-2.3040,1546.6965,-0.0000,0.942049,False
cold,3.3263,2.0652,1546.6965,0.0000,0.942050,False
cold,-1.7731,-2.1344,1546.6965,0.0000,0.942054,False
hot,-1.5562,-2.8555,1546.6965,-0.0000,0.942060,False
cold,-1.0498,-2.8979,1546.6965,0.0000,0.942069,False
cold,-1.4838,-2.6434,1546.6965,0.0000,0.942070,False
cold,3.1816,2.9560,1546.6965,0.0000,0.942071,False
hot,3.2178,2.8712,1546.6965,-0.0000,0.942072,False
hot,-0.4350,-3.0252,1546.6965,-0.0000,0.942074,False
cold,0.5053,-3.1100,1546.6965,0.0000,0.942077,False
cold,3.4710,2.7439,1546.6965,0.0000,0.942080,False
cold,3.4710,2.4894,1546.6965,0.0000,0.942082,False
hot,-1.4477,-2.6434,1546.6965,-0.0000,0.942083,False
hot,-1.8455,-2.6434,1546.6965,-0.0000,0.942085,False
cold,-1.8093,-2.3889,1546.6965,0.0000,0.942089,False
hot,2.9646,2.7015,1546.6965,-0.0000,0.942089,False
hot,2.9285,2.7015,1546.6965,-0.0000,0.942097,False
hot,0.5777,-2.9403,1546.6965,-0.0000,0.942098,False
hot,3.3986,2.2773,1546.6965,-0.0000,0.942100,False
cold,3.2178,3.1257,1546.6965,0.0000,0.942100,False
hot,3.4710,2.9984,1546.6965,-0.0000,0.942100,False
hot,-0.7605,-2.8131,1546.6965,-0.0000,0.942101,False
cold,3.3625,2.3197,1546.6965,0.0000,0.942108,False
cold,-1.5562,-2.6434,1546.6965,0.0000,0.942112,False
cold,3.4348,2.8712,1546.6965,0.0000,0.942112,False
hot,-1.5562,-3.1100,1546.6965,-0.0000,0.942113,False
hot,-0.8690,-2.9403,1546.6965,-0.0000,0.942114,False
cold,-1.5562,-2.9828,1546.6965,0.0000,0.942118,False
hot,3.3986,2.9136,1546.6965,-0.0000,0.942120,False
cold,-1.7731,-2.6434,1546.6965,0.0000,0.942121,False
hot,0.3968,-2.8979,1546.6965,-0.0000,0.942123,False
hot,3.3263,2.4470,1546.6965,-0.0000,0.942124,False
hot,-1.6646,-2.6434,1546.6965,-0.0000,0.942127,False
cold,-1.8455,-2.4737,1546.6965,0.0000,0.942128,False
hot,-1.4838,-2.5586,1546.6965,-0.0000,0.942130,False
hot,-0.2542,-2.9403,1546.6965,-0.0000,0.942134,False
cold,-1.4477,-2.6010,1546.6965,0.0000,0.942134,False
hot,-1.3753,-2.5161,1546.6965,-0.0000,0.942137,False
cold,0.0352,-3.1100,1546.6965,0.0000,0.942140,False
hot,-1.1945,-2.8131,1546.6965,-0.0000,0.942143,False
hot,-0.9775,-2.9828,1546.6965,-0.0000,0.942145,False
hot,-0.9413,-3.0676,1546.6965,-0.0000,0.942147,False
hot,-1.1945,-2.9828,1546.6965,-0.0000,0.942149,False
cold,-1.5200,-2.8979,1546.6965,0.0000,0.942152,False
cold,-0.7243,-3.1100,1546.6965,0.0000,0.942161,False
hot,3.1816,2.9136,1546.6965,-0.0000,0.942165,False
hot,2.8923,2.8712,1546.6965,-0.0000,0.942165,False
hot,3.0731,3.0409,1546.6965,-0.0000,0.942165,False
hot,2.7476,2.9136,1546.6965,-0.0000,0.942165,False
cold,3.3986,2.6591,1546.6965,0.0000,0.942167,False
hot,-0.9052,-2.8131,1546.6965,-0.0000,0.942168,False
hot,3.2540,2.7863,1546.6965,-0.0000,0.942171,False
cold,-1.7370,-2.8131,1546.6965,0.0000,0.942171,False
hot,0.5777,-3.0676,1546.6965,-0.0000,0.942172,False
cold,-1.0498,-2.9828,1546.6965,0.0000,0.942174,False
cold,-1.7008,-2.5586,1546.6965,0.0000,0.942179,False
hot,-1.2307,-2.9828,1546.6965,-0.0000,0.942180,False
hot,0.4692,-2.9828,1546.6965,-0.0000,0.942181,False
cold,-1.5562,-2.8131,1546.6965,0.0000,0.942185,False
cold,-1.5562,-2.5161,1546.6965,0.0000,0.942188,False
hot,-1.7731,-3.0252,1546.6965,-0.0000,0.942189,False
hot,2.9285,2.9560,1546.6965,-0.0000,0.942191,False
cold,-1.4477,-2.9828,1546.6965,0.0000,0.942192,False
cold,-1.4477,-2.7282,1546.6965,0.0000,0.942195,False
cold,3.2901,2.4894,1546.6965,0.0000,0.942199,False
hot,-1.3030,-2.9828,1546.6965,-0.0000,0.942202,False
hot,-1.5562,-2.9828,1546.6965,-0.0000,0.942202,False
hot,3.0370,2.8712,1546.6965,-0.0000,0.942209,False
hot,3.0731,2.4046,1546.6965,-0.0000,0.942209,False
hot,-1.1222,-2.8979,1546.6965,-0.0000,0.942210,False
cold,-1.5200,-2.6434,1546.6965,0.0000,0.942210,False
cold,-1.1222,-2.8979,1546.6965,0.0000,0.942211,False
cold,3.1455,2.8288,1546.6965,0.0000,0.942212,False
hot,-1.4838,-2.6434,1546.6965,-0.0000,0.942215,False
hot,-1.1945,-2.6010,1546.6965,-0.0000,0.942217,False
cold,-0.4712,-3.1100,1546.6965,0.0000,0.942218,False
cold,-1.3030,-3.0676,1546.6965,0.0000,0.942224,False
hot,3.1455,3.0409,1546.6965,-0.0000,0.942231,False
hot,2.9646,2.9136,1546.6965,-0.0000,0.942234,False
hot,0.1798,-2.8555,1546.6965,-0.0000,0.942235,False
hot,-1.7731,-3.0676,1546.6965,-0.0000,0.942237,False
cold,-1.6646,-2.2192,1546.6965,0.0000,0.942238,False
cold,-1.6646,-2.1344,1546.6965,0.0000,0.942246,False
cold,3.4710,2.1076,1546.6965,0.0000,0.942246,False
hot,-1.3753,-2.8131,1546.6965,-0.0000,0.942249,False
hot,0.5053,-2.9828,1546.6965,-0.0000,0.942253,False
hot,0.4692,-3.0676,1546.6965,-0.0000,0.942254,False
cold,3.1816,2.5742,1546.6965,0.0000,0.942256,False
hot,-0.5435,-3.1100,1546.6965,-0.0000,0.942257,False
hot,-1.1583,-2.6434,1546.6965,-0.0000,0.942259,False
cold,-1.4115,-2.8979,1546.6965,0.0000,0.942261,False
hot,-0.5073,-2.9403,1546.6965,-0.0000,0.942263,False
cold,3.4710,2.1500,1546.6965,0.0000,0.942270,False
hot,2.7838,2.9560,1546.6965,-0.0000,0.942273,False
hot,-1.8455,-2.3465,1546.6965,-0.0000,0.942273,False
hot,-1.6285,-2.9828,1546.6965,-0.0000,0.942277,False
hot,-1.6285,-2.8555,1546.6965,-0.0000,0.942282,False
cold,-1.3030,-2.3889,1546.6964,0.0001,0.942288,False
hot,-1.1583,-2.6010,1546.6965,-0.0000,0.942293,False
cold,3.0370,3.1257,1546.6965,0.0000,0.942296,False
cold,-1.0860,-3.0252,1546.6965,0.0000,0.942296,False
cold,3.3986,2.1500,1546.6965,0.0000,0.942297,False
cold,-0.9052,-2.9828,1546.6965,0.0000,0.942298,False
hot,3.2178,2.7863,1546.6965,-0.0000,0.942300,False
hot,-1.4838,-2.9403,1546.6965,-0.0000,0.942301,False
cold,-1.6646,-2.3465,1546.6965,0.0000,0.942301,False
hot,-1.7731,-2.5586,1546.6965,-0.0000,0.942301,False
hot,0.3968,-3.0252,1546.6965,-0.0000,0.942303,False
hot,-0.4350,-2.9403,1546.6965,-0.0000,0.942305,False
hot,-0.3265,-2.8979,1546.6965,-0.0000,0.942309,False
cold,0.1437,-3.0676,1546.6965,0.0000,0.942311,False
cold,-1.7008,-2.4737,1546.6965,0.0000,0.942312,False
cold,-1.5562,-2.1768,1546.6965,0.0000,0.942313,False
hot,2.8561,2.8712,1546.6965,-0.0000,0.942313,False
hot,0.6862,-3.1100,1546.6965,-0.0000,0.942318,False
hot,-0.1095,-2.8979,1546.6965,-0.0000,0.942319,False
hot,3.3263,2.7015,1546.6965,-0.0000,0.942319,False
hot,3.0731,2.4470,1546.6965,-0.0000,0.942319,False
hot,-1.7008,-2.6858,1546.6965,-0.0000,0.942322,False
hot,3.3263,3.0409,1546.6965,-0.0000,0.942324,False
hot,-1.5923,-2.4737,1546.6965,-0.0000,0.942325,False
hot,3.2901,2.8288,1546.6965,-0.0000,0.942332,False
hot,-1.6646,-2.6858,1546.6965,-0.0000,0.942334,False
hot,-1.3030,-2.6010,1546.6965,-0.0000,0.942337,False
cold,-1.4838,-2.4737,1546.6965,0.0000,0.942340,False
hot,-1.3392,-2.4313,1546.6965,-0.0000,0.942342,False
hot,-1.7370,-2.7707,1546.6965,-0.0000,0.942343,False
hot,-0.8690,-2.8131,1546.6965,-0.0000,0.942343,False
hot,-1.0137,-3.1100,1546.6965,-0.0000,0.942345,False
cold,3.0008,2.9560,1546.6965,0.0000,0.942349,False
hot,0.4330,-2.8555,1546.6965,-0.0000,0.942349,False
hot,0.4330,-3.0252,1546.6965,-0.0000,0.942350,False
hot,3.3625,2.6167,1546.6965,-0.0000,0.942351,False
hot,-0.0372,-2.8979,1546.6965,-0.0000,0.942356,False
hot,3.2540,2.4894,1546.6965,-0.0000,0.942357,False
cold,3.0731,3.1257,1546.6965,0.0000,0.942369,False
cold,-1.5923,-2.1768,1546.6965,0.0000,0.942373,False
hot,-0.3627,-3.0252,1546.6965,-0.0000,0.942373,False
cold,3.1093,2.8288,1546.6965,0.0000,0.942375,False
hot,-1.8093,-2.7707,1546.6965,-0.0000,0.942377,False
hot,3.3986,2.7863,1546.6965,-0.0000,0.942379,False
cold,-0.0010,-3.1100,1546.6965,0.0000,0.942380,False
cold,3.2901,2.3197,1546.6965,0.0000,0.942381,False
hot,0.1437,-3.1100,1546.6965,-0.0000,0.942383,False
hot,3.2540,2.6167,1546.6965,-0.0000,0.942384,False
hot,-1.5923,-2.7707,1546.6965,-0.0000,0.942384,False
hot,3.2901,2.6591,1546.6965,-0.0000,0.942389,False
cold,-1.6646,-2.8555,1546.6965,0.0000,0.942389,False
hot,-1.8455,-2.9828,1546.6965,-0.0000,0.942391,False
cold,-1.4115,-2.6858,1546.6965,0.0000,0.942393,False
hot,-0.7967,-2.8979,1546.6965,-0.0000,0.942394,False
hot,-1.8455,-3.0676,1546.6965,-0.0000,0.942399,False
hot,-1.7731,-2.8555,1546.6965,-0.0000,0.942406,False
cold,-1.7370,-3.0676,1546.6965,0.0000,0.942408,False
cold,-1.5923,-3.1100,1546.6965,0.0000,0.942408,False
hot,0.5777,-3.0252,1546.6965,-0.0000,0.942409,False
hot,-0.0733,-2.9403,1546.6965,-0.0000,0.942409,False
cold,2.9646,3.0833,1546.6965,0.0000,0.942413,False
cold,3.0731,2.9560,1546.6965,0.0000,0.942418,False
hot,0.5053,-2.8555,1546.6965,-0.0000,0.942419,False
cold,-1.8093,-2.0919,1546.6965,0.0000,0.942422,False
hot,-1.8455,-2.5586,1546.6965,-0.0000,0.942422,False
hot,0.2883,-2.8131,1546.6965,-0.0000,0.942424,False
cold,-1.7731,-3.1100,1546.6965,0.0000,0.942424,False
hot,3.1455,2.6591,1546.6965,-0.0000,0.942426,False
hot,-1.5562,-2.5161,1546.6965,-0.0000,0.942427,False
cold,3.3625,1.9804,1546.6965,0.0000,0.942428,False
hot,-0.3988,-3.0676,1546.6965,-0.0000,0.942428,False
hot,-1.8093,-3.0676,1546.6965,-0.0000,0.942430,False
cold,-1.6285,-2.1768,1546.6965,0.0000,0.942431,False
cold,3.3986,2.7015,1546.6965,0.0000,0.942436,False
hot,-0.6520,-2.8555,1546.6965,-0.0000,0.942436,False
cold,-1.5562,-2.2192,1546.6965,0.0000,0.942441,False
cold,-1.8455,-2.6434,1546.6965,0.0000,0.942442,False
hot,-1.1945,-3.0252,1546.6965,-0.0000,0.942443,False
cold,-1.5200,-2.1768,1546.6965,0.0000,0.942444,False
hot,0.5053,-3.0676,1546.6965,-0.0000,0.942444,False
cold,-1.6646,-2.6010,1546.6965,0.0000,0.942448,False
hot,3.4710,2.1925,1546.6965,-0.0000,0.942455,False
cold,-1.7008,-2.9403,1546.6965,0.0000,0.942455,False
hot,2.7838,3.1257,1546.6965,-0.0000,0.942455,False
hot,-1.4115,-2.9828,1546.6965,-0.0000,0.942455,False
hot,-1.5923,-2.8131,1546.6965,-0.0000,0.942456,False
cold,3.3986,2.5318,1546.6965,0.0000,0.942459,False
hot,2.9285,2.7863,1546.6965,-0.0000,0.942462,False
hot,2.6391,3.1257,1546.6965,-0.0000,0.942463,False
cold,3.3986,2.8712,1546.6965,0.0000,0.942464,False
hot,-1.4477,-2.8555,1546.6965,-0.0000,0.942466,False
hot,-1.1945,-2.6858,1546.6965,-0.0000,0.942466,False
hot,3.2540,2.5742,1546.6965,-0.0000,0.942468,False
cold,0.0713,-3.1100,1546.6965,0.0000,0.942470,False
cold,3.3263,2.1076,1546.6965,0.0000,0.942470,False
cold,-1.5923,-3.0252,1546.6965,0.0000,0.942470,False
hot,3.1816,2.8712,1546.6965,-0.0000,0.942473,False
hot,-1.3030,-2.8979,1546.6965,-0.0000,0.942473,False
hot,0.4330,-2.8979,1546.6965,-0.0000,0.942474,False
cold,-1.7731,-2.3040,1546.6965,0.0000,0.942474,False
hot,0.0713,-2.8555,1546.6965,-0.0000,0.942481,False
cold,-1.3030,-2.3465,1546.6964,0.0001,0.942481,False
hot,3.2901,2.7439,1546.6965,-0.0000,0.942482,False
hot,-1.4477,-2.4313,1546.6965,-0.0000,0.942486,False
cold,3.2540,2.7439,1546.6965,0.0000,0.942486,False
hot,3.2178,2.4046,1546.6965,-0.0000,0.942487,False
hot,-0.5435,-2.9403,1546.6965,-0.0000,0.942489,False
hot,-1.1583,-2.8555,1546.6965,-0.0000,0.942489,False
cold,-1.5923,-2.2616,1546.6965,0.0000,0.942490,False
hot,3.1093,2.4470,1546.6965,-0.0000,0.942491,False
hot,-0.5435,-3.0676,1546.6965,-0.0000,0.942493,False
cold,3.2540,2.1925,1546.6965,0.0000,0.942494,False
cold,-1.8093,-2.9403,1546.6965,0.0000,0.942495,False
hot,-1.2307,-2.6434,1546.6965,-0.0000,0.942498,False
hot,-1.4838,-2.6010,1546.6965,-0.0000,0.942499,False
cold,3.1455,2.1500,1546.6965,0.0000,0.942500,False
cold,-1.6646,-2.1768,1546.6965,0.0000,0.942501,False
cold,-1.7008,-2.0495,1546.6965,0.0000,0.942501,False
cold,-1.3030,-2.9828,1546.6965,0.0000,0.942503,False
hot,-0.8328,-2.7707,1546.6965,-0.0000,0.942509,False
cold,-1.5562,-3.1100,1546.6965,0.0000,0.942512,False
hot,-1.0860,-3.0252,1546.6965,-0.0000,0.942514,False
cold,3.3625,2.7015,1546.6965,0.0000,0.942515,False
cold,3.1816,2.1500,1546.6965,0.0000,0.942518,False
cold,-1.6646,-3.0676,1546.6965,0.0000,0.942520,False
hot,3.2540,2.4470,1546.6965,-0.0000,0.942521,False
hot,0.0352,-2.8979,1546.6965,-0.0000,0.942525,False
hot,0.6138,-3.0676,1546.6965,-0.0000,0.942525,False
hot,-1.7370,-2.6010,1546.6965,-0.0000,0.942527,False
hot,-0.4712,-2.8979,1546.6965,-0.0000,0.942527,False
hot,-1.1583,-2.8131,1546.6965,-0.0000,0.942528,False
hot,-1.5200,-2.6010,1546.6965,-0.0000,0.942528,False
hot,3.0370,2.7015,1546.6965,-0.0000,0.942529,False
hot,3.0731,2.7863,1546.6965,-0.0000,0.942529,False
cold,-1.6285,-2.6858,1546.6965,0.0000,0.942532,False
cold,0.2883,-3.0252,1546.6965,0.0000,0.942533,False
cold,-1.7008,-2.0071,1546.6965,0.0000,0.942535,False
hot,2.8561,2.9136,1546.6965,-0.0000,0.942536,False
hot,-0.7243,-3.1100,1546.6965,-0.0000,0.942537,False
cold,-1.1945,-2.9403,1546.6965,0.0000,0.942538,False
hot,-1.3753,-2.6434,1546.6965,-0.0000,0.942539,False
hot,-0.1457,-2.9828,1546.6965,-0.0000,0.942540,False
hot,-0.3988,-3.1100,1546.6965,-0.0000,0.942540,False
cold,3.4348,2.2773,1546.6965,0.0000,0.942541,False
hot,3.1455,2.7015,1546.6965,-0.0000,0.942544,False
hot,2.9646,3.1257,1546.6965,-0.0000,0.942546,False
cold,3.3625,2.2349,1546.6965,0.0000,0.942546,False
cold,2.8561,3.1257,1546.6965,0.0000,0.942554,False
hot,-0.7605,-3.0676,1546.6965,-0.0000,0.942555,False
cold,-1.4838,-2.7707,1546.6965,0.0000,0.942555,False
cold,-1.6646,-2.7707,1546.6965,0.0000,0.942559,False
cold,3.4710,2.0228,1546.6965,0.0000,0.942565,False
hot,3.1093,2.9136,1546.6965,-0.0000,0.942566,False
cold,3.3263,2.4470,1546.6965,0.0000,0.942568,False
hot,-1.0860,-2.8979,1546.6965,-0.0000,0.942574,False
cold,-1.5200,-2.9828,1546.6965,0.0000,0.942574,False
cold,-1.3030,-2.7707,1546.6965,0.0000,0.942582,False
hot,-1.1945,-2.5586,1546.6965,-0.0000,0.942584,False
hot,-0.8328,-2.9403,1546.6965,-0.0000,0.942586,False
cold,3.4710,2.8288,1546.6965,0.0000,0.942587,False
cold,3.2178,2.5318,1546.6965,0.0000,0.942589,False
hot,0.0713,-3.0676,1546.6965,-0.0000,0.942590,False
cold,-0.9775,-3.1100,1546.6965,0.0000,0.942593,False
cold,-1.5923,-2.5161,1546.6965,0.0000,0.942599,False
cold,0.3968,-2.9828,1546.6965,0.0000,0.942600,False
cold,3.2901,2.4470,1546.6965,0.0000,0.942600,False
hot,-1.5562,-3.0676,1546.6965,-0.0000,0.942604,False
hot,2.8200,2.9984,1546.6965,-0.0000,0.942606,False
cold,-1.1583,-3.0252,1546.6965,0.0000,0.942612,False
hot,-1.1583,-2.6858,1546.6965,-0.0000,0.942615,False
hot,3.0008,2.9136,1546.6965,-0.0000,0.942617,False
hot,-1.4115,-2.8555,1546.6965,-0.0000,0.942618,False
cold,-1.1945,-2.9828,1546.6965,0.0000,0.942619,False
hot,-0.9413,-2.8979,1546.6965,-0.0000,0.942620,False
hot,-1.3753,-2.6010,1546.6965,-0.0000,0.942621,False
cold,3.4348,2.4894,1546.6965,0.0000,0.942621,False
hot,-1.1222,-2.9828,1546.6965,-0.0000,0.942622,False
hot,2.8923,2.9560,1546.6965,-0.0000,0.942622,False
cold,-1.7370,-2.4313,1546.6965,0.0000,0.942625,False
hot,3.3986,2.2349,1546.6965,-0.0000,0.942625,False
cold,3.3625,2.5742,1546.6965,0.0000,0.942633,False
cold,-1.6285,-2.9403,1546.6965,0.0000,0.942634,False
cold,3.0008,2.9984,1546.6965,0.0000,0.942635,False
hot,-0.9413,-2.8131,1546.6965,-0.0000,0.942635,False
hot,3.1455,2.6167,1546.6965,-0.0000,0.942642,False
hot,3.4348,2.9560,1546.6965,-0.0000,0.942644,False
cold,3.3263,2.4894,1546.6965,0.0000,0.942648,False
hot,-1.6646,-2.8555,1546.6965,-0.0000,0.942650,False
cold,3.3625,2.1500,1546.6965,0.0000,0.942651,False
hot,-1.4838,-2.6858,1546.6965,-0.0000,0.942654,False
cold,-1.5923,-2.6858,1546.6965,0.0000,0.942654,False
cold,0.3607,-3.1100,1546.6965,0.0000,0.942655,False
hot,-1.8455,-2.1344,1546.6965,-0.0000,0.942659,False
cold,2.4583,3.1257,1546.6965,0.0000,0.942659,False
hot,-1.4838,-2.5161,1546.6965,-0.0000,0.942662,False
hot,-1.3030,-2.6858,1546.6965,-0.0000,0.942663,False
cold,3.2178,3.0833,1546.6965,0.0000,0.942667,False
cold,-1.7731,-2.9403,1546.6965,0.0000,0.942669,False
hot,2.7838,3.0833,1546.6965,-0.0000,0.942670,False
cold,3.2178,2.3621,1546.6965,0.0000,0.942671,False
cold,-0.6158,-3.1100,1546.6965,0.0000,0.942672,False
hot,-1.8093,-2.2192,1546.6965,-0.0000,0.942676,False
hot,-1.7370,-2.9403,1546.6965,-0.0000,0.942678,False
hot,-0.1457,-3.1100,1546.6965,-0.0000,0.942680,False
cold,-1.8455,-2.1344,1546.6965,0.0000,0.942682,False
hot,-1.7008,-2.5586,1546.6965,-0.0000,0.942685,False
hot,-1.5562,-2.6434,1546.6965,-0.0000,0.942686,False
hot,3.0008,2.6167,1546.6965,-0.0000,0.942688,False
hot,-1.7008,-2.7707,1546.6965,-0.0000,0.942690,False
hot,3.0731,2.5318,1546.6965,-0.0000,0.942691,False
hot,-1.7008,-2.4313,1546.6965,-0.0000,0.942692,False
hot,3.3263,2.8712,1546.6965,-0.0000,0.942692,False
hot,-1.1945,-2.7282,1546.6965,-0.0000,0.942692,False
hot,3.4710,2.8288,1546.6965,-0.0000,0.942693,False
hot,-1.6646,-2.6010,1546.6965,-0.0000,0.942693,False
cold,-1.7008,-2.8979,1546.6965,0.0000,0.942695,False
hot,-1.8455,-2.4313,1546.6965,-0.0000,0.942696,False
hot,-1.4115,-2.6010,1546.6965,-0.0000,0.942696,False
hot,3.1093,2.9560,1546.6965,-0.0000,0.942697,False
cold,0.1798,-3.1100,1546.6965,0.0000,0.942699,False
hot,-0.4350,-2.9828,1546.6965,-0.0000,0.942702,False
cold,-1.4115,-2.7282,1546.6965,0.0000,0.942705,False
hot,-0.0010,-2.8979,1546.6965,-0.0000,0.942705,False
cold,-1.5562,-2.4313,1546.6965,0.0000,0.942706,False
hot,2.6391,3.0409,1546.6965,-0.0000,0.942706,False
cold,-1.8455,-2.7282,1546.6965,0.0000,0.942707,False
cold,-1.8093,-2.1768,1546.6965,0.0000,0.942707,False
hot,-1.5562,-2.9403,1546.6965,-0.0000,0.942707,False
hot,0.6138,-2.8979,1546.6965,-0.0000,0.942710,False
cold,-1.5200,-2.6858,1546.6965,0.0000,0.942710,False
hot,-0.7967,-3.0676,1546.6965,-0.0000,0.942715,False
cold,-1.2668,-2.9403,1546.6965,0.0000,0.942715,False
cold,-1.6646,-2.9403,1546.6965,0.0000,0.942716,False
hot,-1.8093,-2.3889,1546.6965,-0.0000,0.942716,False
cold,3.3263,2.7439,1546.6965,0.0000,0.942716,False
hot,-0.5435,-2.8979,1546.6965,-0.0000,0.942717,False
hot,0.1075,-3.1100,1546.6965,-0.0000,0.942719,False
hot,-1.5562,-3.0252,1546.6965,-0.0000,0.942719,False
hot,-0.8328,-2.8979,1546.6965,-0.0000,0.942725,False
hot,0.0352,-2.8555,1546.6965,-0.0000,0.942728,False
hot,-1.0137,-3.0676,1546.6965,-0.0000,0.942729,False
hot,0.3968,-2.8131,1546.6965,-0.0000,0.942731,False
cold,-0.9775,-3.0676,1546.6965,0.0000,0.942732,False
cold,3.1455,2.8712,1546.6965,0.0000,0.942733,False
hot,-1.4477,-2.3889,1546.6965,-0.0000,0.942734,False
hot,3.1455,2.4894,1546.6965,-0.0000,0.942741,False
cold,-1.7731,-2.4737,1546.6965,0.0000,0.942743,False
cold,-1.1222,-3.0676,1546.6965,0.0000,0.942744,False
hot,-1.4838,-2.8979,1546.6965,-0.0000,0.942746,False
hot,3.2178,2.6591,1546.6965,-0.0000,0.942746,False
hot,-1.5923,-2.3465,1546.6965,-0.0000,0.942747,False
hot,0.3968,-2.9828,1546.6965,-0.0000,0.942748,False
hot,-1.2307,-2.6858,1546.6965,-0.0000,0.942748,False
cold,3.3263,2.5742,1546.6965,0.0000,0.942753,False
hot,-1.2307,-2.7707,1546.6965,-0.0000,0.942755,False
cold,-1.7731,-2.2616,1546.6965,0.0000,0.942757,False
hot,-0.3265,-3.1100,1546.6965,-0.0000,0.942757,False
hot,2.8561,2.9560,1546.6965,-0.0000,0.942758,False
hot,-0.5797,-2.9403,1546.6965,-0.0000,0.942763,False
cold,-1.7370,-2.6434,1546.6965,0.0000,0.942763,False
hot,0.4692,-2.8979,1546.6965,-0.0000,0.942765,False
hot,-1.8455,-2.1768,1546.6965,-0.0000,0.942766,False
hot,-1.7370,-3.0252,1546.6965,-0.0000,0.942767,False
cold,-1.5200,-2.4313,1546.6965,0.0000,0.942771,False
hot,-1.3753,-2.4737,1546.6965,-0.0000,0.942772,False
cold,2.9646,3.0409,1546.6965,0.0000,0.942776,False
hot,-0.2903,-2.9403,1546.6965,-0.0000,0.942777,False
hot,-1.1583,-2.7707,1546.6965,-0.0000,0.942778,False
hot,2.9646,2.7863,1546.6965,-0.0000,0.942783,False
cold,-0.1457,-3.1100,1546.6965,0.0000,0.942788,False
hot,3.1093,2.8288,1546.6965,-0.0000,0.942789,False
hot,-1.5923,-3.1100,1546.6965,-0.0000,0.942789,False
hot,3.4348,2.4470,1546.6965,-0.0000,0.942798,False
cold,-1.7731,-2.5586,1546.6965,0.0000,0.942799,False
hot,3.0731,2.8288,1546.6965,-0.0000,0.942799,False
hot,-1.7370,-2.8555,1546.6965,-0.0000,0.942800,False
hot,3.3263,2.3197,1546.6965,-0.0000,0.942803,False
hot,-0.3265,-2.9828,1546.6965,-0.0000,0.942806,False
cold,3.3986,2.9560,1546.6965,0.0000,0.942808,False
cold,-1.3753,-2.8131,1546.6965,0.0000,0.942809,False
cold,-1.7370,-2.7707,1546.6965,0.0000,0.942811,False
cold,3.2901,2.1076,1546.6965,0.0000,0.942814,False
hot,2.8200,2.8712,1546.6965,-0.0000,0.942820,False
hot,2.9646,2.8288,1546.6965,-0.0000,0.942825,False
hot,-0.9775,-2.7282,1546.6965,-0.0000,0.942833,False
cold,3.0008,3.0833,1546.6965,0.0000,0.942834,False
hot,3.0731,2.9560,1546.6965,-0.0000,0.942835,False
hot,3.4348,3.0409,1546.6965,-0.0000,0.942835,False
hot,-0.4712,-3.1100,1546.6965,-0.0000,0.942837,False
cold,-1.8455,-2.2616,1546.6965,0.0000,0.942838,False
hot,3.2901,2.4470,1546.6965,-0.0000,0.942841,False
cold,3.2540,2.6591,1546.6965,0.0000,0.942841,False
cold,-1.7731,-1.9647,1546.6965,0.0000,0.942842,False
hot,-1.2307,-2.8979,1546.6965,-0.0000,0.942845,False
hot,2.8561,2.9984,1546.6965,-0.0000,0.942847,False
cold,-1.4115,-2.8555,1546.6965,0.0000,0.942851,False
cold,-1.6285,-2.4313,1546.6965,0.0000,0.942853,False
hot,3.3263,2.5318,1546.6965,-0.0000,0.942854,False
cold,3.4348,2.9984,1546.6965,0.0000,0.942861,False
hot,-1.3753,-2.7707,1546.6965,-0.0000,0.942864,False
cold,-1.8093,-3.0252,1546.6965,0.0000,0.942867,False
hot,-1.1583,-2.9403,1546.6965,-0.0000,0.942870,False
cold,-1.1222,-2.8555,1546.6965,0.0000,0.942870,False
hot,0.2883,-3.1100,1546.6965,-0.0000,0.942871,False
cold,2.4945,3.1257,1546.6965,0.0000,0.942874,False
hot,-0.6520,-2.9403,1546.6965,-0.0000,0.942875,False
hot,-1.6285,-2.7282,1546.6965,-0.0000,0.942883,False
cold,-1.7370,-2.1344,1546.6965,0.0000,0.942889,False
hot,3.0731,2.8712,1546.6965,-0.0000,0.942900,False
hot,-0.0010,-3.0676,1546.6965,-0.0000,0.942903,False
cold,-1.6285,-2.7282,1546.6965,0.0000,0.942904,False
hot,3.3986,2.5742,1546.6965,-0.0000,0.942906,False
cold,3.1816,2.8288,1546.6965,0.0000,0.942908,False
hot,-0.5073,-3.0676,1546.6965,-0.0000,0.942919,False
cold,-1.5923,-2.8979,1546.6965,0.0000,0.942919,False
cold,-1.6646,-2.8131,1546.6965,0.0000,0.942920,False
hot,0.6138,-3.1100,1546.6965,-0.0000,0.942921,False
cold,-1.5923,-2.1344,1546.6965,0.0000,0.942930,False
cold,-1.3392,-2.7707,1546.6965,0.0000,0.942931,False
hot,-0.9413,-3.0252,1546.6965,-0.0000,0.942935,False
hot,-0.7243,-2.8979,1546.6965,-0.0000,0.942940,False
hot,-1.1222,-3.0676,1546.6965,-0.0000,0.942941,False
hot,-0.3988,-2.9828,1546.6965,-0.0000,0.942941,False
hot,-1.7731,-2.9403,1546.6965,-0.0000,0.942943,False
cold,3.4710,2.7863,1546.6965,0.0000,0.942946,False
cold,-1.2668,-2.9828,1546.6965,0.0000,0.942950,False
cold,3.3986,2.6167,1546.6965,0.0000,0.942953,False
hot,-1.0860,-2.8131,1546.6965,-0.0000,0.942956,False
cold,-1.7731,-2.0495,1546.6965,0.0000,0.942959,False
hot,-1.5923,-2.9403,1546.6965,-0.0000,0.942962,False
cold,2.9646,3.1257,1546.6965,0.0000,0.942966,False
hot,-1.2668,-2.6434,1546.6965,-0.0000,0.942968,False
cold,0.4330,-3.1100,1546.6965,0.0000,0.942968,False
hot,-1.5923,-2.6434,1546.6965,-0.0000,0.942975,False
hot,-1.8455,-3.0252,1546.6965,-0.0000,0.942986,False
hot,3.3625,2.9984,1546.6965,-0.0000,0.942988,False
hot,3.3986,3.1257,1546.6965,-0.0000,0.942993,False
hot,-1.3753,-3.1100,1546.6965,-0.0000,0.942996,False
hot,-0.4712,-2.9403,1546.6965,-0.0000,0.943000,False
cold,-1.5562,-2.8555,1546.6965,0.0000,0.943001,False
cold,3.3986,2.0228,1546.6965,0.0000,0.943003,False
cold,-1.6285,-2.8131,1546.6965,0.0000,0.943005,False
hot,-1.2668,-2.7282,1546.6965,-0.0000,0.943006,False
hot,-1.6285,-2.7707,1546.6965,-0.0000,0.943006,False
hot,-1.3030,-2.5586,1546.6965,-0.0000,0.943011,False
cold,3.4348,2.0228,1546.6965,0.0000,0.943012,False
cold,-1.6285,-2.3889,1546.6965,0.0000,0.943014,False
hot,3.3263,2.6591,1546.6965,-0.0000,0.943018,False
hot,0.2160,-2.9403,1546.6965,-0.0000,0.943025,False
hot,-1.1222,-2.7707,1546.6965,-0.0000,0.943026,False
hot,3.4710,2.4046,1546.6965,-0.0000,0.943034,False
cold,-1.5562,-2.6010,1546.6965,0.0000,0.943034,False
hot,3.0370,2.5318,1546.6965,-0.0000,0.943035,False
hot,0.1798,-3.0676,1546.6965,-0.0000,0.943038,False
cold,-1.6285,-2.4737,1546.6965,0.0000,0.943039,False
cold,-1.4477,-2.7707,1546.6965,0.0000,0.943040,False
hot,0.4330,-2.9828,1546.6965,-0.0000,0.943041,False
hot,3.3625,2.5318,1546.6965,-0.0000,0.943043,False
cold,-1.6285,-2.7707,1546.6965,0.0000,0.943043,False
hot,-1.3753,-3.0676,1546.6965,-0.0000,0.943045,False
cold,-1.5923,-2.9828,1546.6965,0.0000,0.943045,False
hot,0.1798,-2.9403,1546.6965,-0.0000,0.943049,False
cold,-1.8455,-2.0071,1546.6965,0.0000,0.943052,False
hot,-1.1583,-2.7282,1546.6965,-0.0000,0.943056,False
hot,-1.3392,-2.9403,1546.6965,-0.0000,0.943062,False
hot,-1.3030,-3.0252,1546.6965,-0.0000,0.943065,False
hot,-1.0137,-2.7707,1546.6965,-0.0000,0.943067,False
hot,3.0370,3.1257,1546.6965,-0.0000,0.943067,False
hot,-1.8455,-2.7707,1546.6965,-0.0000,0.943077,False
hot,-1.5562,-2.6858,1546.6965,-0.0000,0.943082,False
cold,3.3263,3.0833,1546.6965,0.0000,0.943082,False
cold,3.1455,2.9984,1546.6965,0.0000,0.943085,False
hot,3.3263,2.7863,1546.6965,-0.0000,0.943086,False
cold,-1.5562,-2.4737,1546.6965,0.0000,0.943098,False
hot,3.4710,3.0409,1546.6965,-0.0000,0.943100,False
cold,3.2540,2.1500,1546.6965,0.0000,0.943100,False
cold,3.2178,2.9136,1546.6965,0.0000,0.943104,False
hot,-0.0010,-2.9403,1546.6965,-0.0000,0.943107,False
hot,3.4710,2.3197,1546.6965,-0.0000,0.943109,False
hot,-1.2668,-2.8555,1546.6965,-0.0000,0.943113,False
hot,0.2883,-2.9828,1546.6965,-0.0000,0.943123,False
hot,-1.3030,-3.1100,1546.6965,-0.0000,0.943125,False
cold,-0.9775,-2.9403,1546.6965,0.0000,0.943128,False
hot,0.2160,-2.9828,1546.6965,-0.0000,0.943129,False
cold,-0.3265,-2.3465,1546.6946,0.0009,0.943133,False
hot,0.4330,-2.9403,1546.6965,-0.0000,0.943134,False
hot,2.6030,3.1257,1546.6965,-0.0000,0.943134,False
hot,2.7476,2.9560,1546.6965,-0.0000,0.943135,False
cold,-1.8455,-3.0676,1546.6965,0.0000,0.943135,False
hot,-1.7731,-2.6434,1546.6965,-0.0000,0.943146,False
cold,3.2178,2.1500,1546.6965,0.0000,0.943147,False
hot,-1.0498,-3.1100,1546.6965,-0.0000,0.943148,False
hot,-1.7731,-2.3465,1546.6965,-0.0000,0.943148,False
cold,3.3263,3.0409,1546.6965,0.0000,0.943153,False
hot,-1.6646,-2.3465,1546.6965,-0.0000,0.943155,False
cold,-1.2668,-2.7707,1546.6965,0.0000,0.943158,False
hot,3.3625,2.7439,1546.6965,-0.0000,0.943167,False
hot,2.9285,2.8712,1546.6965,-0.0000,0.943169,False
hot,2.9285,2.9984,1546.6965,-0.0000,0.943172,False
hot,-0.6158,-3.0676,1546.6965,-0.0000,0.943174,False
cold,-1.8455,-2.0495,1546.6965,0.0000,0.943175,False
hot,0.1075,-2.9403,1546.6965,-0.0000,0.943177,False
cold,3.1093,2.1925,1546.6965,0.0000,0.943178,False
hot,-1.3392,-2.6434,1546.6965,-0.0000,0.943178,False
hot,3.4710,2.3621,1546.6965,-0.0000,0.943183,False
hot,-1.7008,-3.1100,1546.6965,-0.0000,0.943184,False
hot,3.3263,3.0833,1546.6965,-0.0000,0.943190,False
cold,0.4692,-3.0676,1546.6965,0.0000,0.943194,False
cold,-1.7731,-2.9828,1546.6965,0.0000,0.943197,False
hot,-0.7605,-2.8555,1546.6965,-0.0000,0.943197,False
cold,0.3245,-3.1100,1546.6965,0.0000,0.943198,False
cold,-1.4477,-3.1100,1546.6965,0.0000,0.943198,False
hot,-0.0372,-2.9828,1546.6965,-0.0000,0.943208,False
cold,3.4710,2.5318,1546.6965,0.0000,0.943210,False
cold,-1.6285,-3.0252,1546.6965,0.0000,0.943212,False
cold,0.4330,-3.0252,1546.6965,0.0000,0.943215,False
cold,0.3607,-3.0676,1546.6965,0.0000,0.943219,False
cold,-1.4838,-2.9403,1546.6965,0.0000,0.943223,False
cold,3.2178,2.6167,1546.6965,0.0000,0.943225,False
hot,-1.0860,-2.7282,1546.6965,-0.0000,0.943228,False
cold,3.3986,2.2773,1546.6965,0.0000,0.943241,False
hot,-1.0137,-2.6858,1546.6965,-0.0000,0.943242,False
cold,-1.0137,-3.0676,1546.6965,0.0000,0.943242,False
hot,3.1093,2.9984,1546.6965,-0.0000,0.943243,False
hot,-1.4838,-3.0676,1546.6965,-0.0000,0.943243,False
hot,3.0008,3.0833,1546.6965,-0.0000,0.943247,False
hot,3.3986,2.9984,1546.6965,-0.0000,0.943249,False
cold,3.2178,3.0409,1546.6965,0.0000,0.943253,False
cold,-1.5923,-2.3465,1546.6965,0.0000,0.943254,False
cold,-1.7731,-2.3889,1546.6965,0.0000,0.943255,False
hot,-1.8093,-2.9403,1546.6965,-0.0000,0.943258,False
hot,3.4348,3.1257,1546.6965,-0.0000,0.943260,False
hot,-0.7243,-2.8131,1546.6965,-0.0000,0.943261,False
hot,3.2901,2.4046,1546.6965,-0.0000,0.943263,False
hot,0.1437,-3.0676,1546.6965,-0.0000,0.943264,False
hot,-0.6158,-2.8979,1546.6965,-0.0000,0.943266,False
hot,2.7476,3.0833,1546.6965,-0.0000,0.943266,False
cold,-0.9775,-2.9828,1546.6965,0.0000,0.943267,False
hot,-0.4712,-3.0252,1546.6965,-0.0000,0.943267,False
cold,-1.7008,-2.8555,1546.6965,0.0000,0.943268,False
hot,0.4692,-2.8555,1546.6965,-0.0000,0.943270,False
hot,-1.6646,-3.1100,1546.6965,-0.0000,0.943276,False
hot,-1.8455,-2.3889,1546.6965,-0.0000,0.943276,False
cold,-1.3030,-2.9403,1546.6965,0.0000,0.943279,False
cold,-1.7731,-2.6010,1546.6965,0.0000,0.943281,False
cold,-1.4838,-2.2192,1546.6965,0.0000,0.943284,False
cold,-1.4838,-2.6010,1546.6965,0.0000,0.943287,False
hot,-1.3753,-2.4313,1546.6965,-0.0000,0.943290,False
hot,-1.8455,-2.9403,1546.6965,-0.0000,0.943297,False
hot,3.1816,2.7439,1546.6965,-0.0000,0.943298,False
hot,2.8923,2.8288,1546.6965,-0.0000,0.943304,False
cold,-1.7370,-2.9828,1546.6965,0.0000,0.943307,False
cold,-1.0498,-3.0676,1546.6965,0.0000,0.943309,False
cold,-0.9413,-3.0676,1546.6965,0.0000,0.943310,False
cold,3.4710,3.0833,1546.6965,0.0000,0.943310,False
cold,-1.6646,-2.9828,1546.6965,0.0000,0.943314,False
hot,-1.1222,-3.0252,1546.6965,-0.0000,0.943318,False
hot,3.0731,3.1257,1546.6965,-0.0000,0.943318,False
cold,3.3263,2.9560,1546.6965,0.0000,0.943319,False
cold,-1.4115,-2.9828,1546.6965,0.0000,0.943321,False
hot,-1.8455,-2.8979,1546.6965,-0.0000,0.943327,False
cold,-1.5562,-2.3040,1546.6965,0.0000,0.943331,False
hot,-1.8093,-2.6858,1546.6965,-0.0000,0.943331,False
hot,-0.9052,-3.0252,1546.6965,-0.0000,0.943347,False
hot,-1.6646,-2.5586,1546.6965,-0.0000,0.943353,False
cold,3.3625,2.9560,1546.6965,0.0000,0.943356,False
cold,-0.7967,-3.0252,1546.6965,0.0000,0.943356,False
hot,-0.5435,-2.9828,1546.6965,-0.0000,0.943356,False
hot,-1.2668,-2.6010,1546.6965,-0.0000,0.943358,False
hot,3.2178,2.5318,1546.6965,-0.0000,0.943366,False
hot,-1.3030,-2.8131,1546.6965,-0.0000,0.943368,False
hot,-0.1818,-2.9403,1546.6965,-0.0000,0.943369,False
cold,-1.5562,-2.5586,1546.6965,0.0000,0.943369,False
hot,3.4710,3.0833,1546.6965,-0.0000,0.943369,False
cold,3.4710,2.7015,1546.6965,0.0000,0.943376,False
hot,3.3986,2.8288,1546.6965,-0.0000,0.943378,False
cold,-1.5923,-2.5586,1546.6965,0.0000,0.943381,False
cold,3.1816,2.6167,1546.6965,0.0000,0.943385,False
hot,-1.7008,-2.6010,1546.6965,-0.0000,0.943394,False
hot,-1.0860,-3.0676,1546.6965,-0.0000,0.943394,False
hot,3.3986,2.9560,1546.6965,-0.0000,0.943396,False
cold,-1.7731,-3.0252,1546.6965,0.0000,0.943398,False
hot,-1.4477,-2.5161,1546.6965,-0.0000,0.943402,False
hot,3.2901,2.7015,1546.6965,-0.0000,0.943405,False
hot,-0.8690,-2.8979,1546.6965,-0.0000,0.943411,False
hot,0.1437,-2.8555,1546.6965,-0.0000,0.943417,False
hot,-1.6285,-2.3465,1546.6965,-0.0000,0.943423,False
cold,-0.9413,-3.1100,1546.6965,0.0000,0.943426,False
hot,-1.2668,-3.1100,1546.6965,-0.0000,0.943435,False
hot,-0.3627,-3.0676,1546.6965,-0.0000,0.943440,False
cold,-1.6646,-2.4313,1546.6965,0.0000,0.943440,False
hot,-1.3392,-2.6858,1546.6965,-0.0000,0.943442,False
hot,3.4710,2.6591,1546.6965,-0.0000,0.943446,False
hot,-1.7370,-2.5161,1546.6965,-0.0000,0.943449,False
hot,-1.0498,-2.9403,1546.6965,-0.0000,0.943457,False
hot,-1.7370,-2.4737,1546.6965,-0.0000,0.943462,False
cold,-1.3753,-2.7707,1546.6965,0.0000,0.943463,False
cold,3.3625,2.7439,1546.6965,0.0000,0.943463,False
cold,3.3625,3.0833,1546.6965,0.0000,0.943477,False
hot,-1.3392,-2.7707,1546.6965,-0.0000,0.943481,False
hot,-0.1457,-2.9403,1546.6965,-0.0000,0.943485,False
cold,-1.4838,-3.0676,1546.6965,0.0000,0.943485,False
cold,-1.8093,-2.7707,1546.6965,0.0000,0.943487,False
hot,3.1816,2.4894,1546.6965,-0.0000,0.943487,False
cold,3.4710,2.5742,1546.6965,0.0000,0.943494,False
hot,0.2883,-2.8979,1546.6965,-0.0000,0.943497,False
hot,3.2178,2.4894,1546.6965,-0.0000,0.943498,False
cold,3.3625,2.9984,1546.6965,0.0000,0.943499,False
cold,-1.6285,-2.2616,1546.6965,0.0000,0.943501,False
cold,-0.5073,-3.1100,1546.6965,0.0000,0.943502,False
hot,3.4710,2.4894,1546.6965,-0.0000,0.943504,False
cold,-1.6646,-2.2616,1546.6965,0.0000,0.943506,False
hot,0.1075,-3.0252,1546.6965,-0.0000,0.943509,False
hot,-1.8093,-3.0252,1546.6965,-0.0000,0.943510,False
hot,-1.3753,-2.8555,1546.6965,-0.0000,0.943510,False
cold,-1.7008,-3.1100,1546.6965,0.0000,0.943510,False
cold,3.1455,3.1257,1546.6965,0.0000,0.943521,False
cold,3.1816,2.7015,1546.6965,0.0000,0.943523,False
hot,-1.4477,-2.5586,1546.6965,-0.0000,0.943524,False
cold,-1.1222,-2.9828,1546.6965,0.0000,0.943524,False
hot,-1.8093,-2.8979,1546.6965,-0.0000,0.943524,False
cold,3.2178,2.3197,1546.6965,0.0000,0.943526,False
hot,-1.5200,-2.8131,1546.6965,-0.0000,0.943526,False
hot,3.3625,2.7863,1546.6965,-0.0000,0.943531,False
cold,-1.6285,-2.5161,1546.6965,0.0000,0.943538,False
hot,3.3263,2.9136,1546.6965,-0.0000,0.943538,False
hot,-1.8455,-3.1100,1546.6965,-0.0000,0.943538,False
cold,3.1455,2.9136,1546.6965,0.0000,0.943542,False
cold,-1.6646,-2.6858,1546.6965,0.0000,0.943544,False
cold,3.2540,3.0409,1546.6965,0.0000,0.943553,False
cold,-1.7731,-2.2192,1546.6965,0.0000,0.943555,False
hot,3.3625,2.4046,1546.6965,-0.0000,0.943558,False
cold,-1.6646,-2.6434,1546.6965,0.0000,0.943561,False
hot,-1.8455,-2.6010,1546.6965,-0.0000,0.943567,False
hot,3.0008,3.0409,1546.6965,-0.0000,0.943568,False
hot,-1.6285,-2.9403,1546.6965,-0.0000,0.943569,False
cold,3.1816,2.9136,1546.6965,0.0000,0.943572,False
hot,-1.5923,-2.3889,1546.6965,-0.0000,0.943580,False
cold,3.4348,3.0409,1546.6965,0.0000,0.943581,False
cold,-0.0372,-3.1100,1546.6965,0.0000,0.943583,False
hot,0.3968,-2.8555,1546.6965,-0.0000,0.943586,False
hot,-1.4477,-2.7282,1546.6965,-0.0000,0.943588,False
cold,-1.5923,-2.6010,1546.6965,0.0000,0.943589,False
cold,-1.8455,-1.8798,1546.6965,0.0000,0.943590,False
hot,2.6391,2.9560,1546.6965,-0.0000,0.943590,False
hot,3.4348,2.5318,1546.6965,-0.0000,0.943590,False
cold,-1.5923,-3.0676,1546.6965,0.0000,0.943592,False
hot,-1.6646,-2.3040,1546.6965,-0.0000,0.943593,False
hot,-1.6646,-2.4737,1546.6965,-0.0000,0.943593,False
hot,-1.0498,-2.7282,1546.6965,-0.0000,0.943598,False
cold,3.3263,2.8712,1546.6965,0.0000,0.943605,False
hot,-1.8093,-2.5586,1546.6965,-0.0000,0.943606,False
hot,3.1455,2.7863,1546.6965,-0.0000,0.943606,False
cold,-1.4477,-3.0252,1546.6965,0.0000,0.943616,False
hot,3.3625,2.8288,1546.6965,-0.0000,0.943618,False
cold,3.0008,3.1257,1546.6965,0.0000,0.943618,False
cold,-1.4838,-2.8979,1546.6965,0.0000,0.943619,False
cold,3.4348,3.0833,1546.6965,0.0000,0.943619,False
hot,-1.6285,-2.6010,1546.6965,-0.0000,0.943620,False
cold,3.4348,2.9560,1546.6965,0.0000,0.943621,False
hot,2.8561,3.0409,1546.6965,-0.0000,0.943622,False
hot,3.2901,2.8712,1546.6965,-0.0000,0.943622,False
hot,-1.3753,-2.8979,1546.6965,-0.0000,0.943629,False
cold,-1.5562,-3.0252,1546.6965,0.0000,0.943629,False
hot,-1.4838,-3.0252,1546.6965,-0.0000,0.943641,False
hot,-1.6285,-2.4313,1546.6965,-0.0000,0.943641,False
hot,-1.5200,-2.5586,1546.6965,-0.0000,0.943642,False
cold,-1.3392,-3.1100,1546.6965,0.0000,0.943642,False
cold,3.3986,2.7439,1546.6965,0.0000,0.943647,False
cold,-1.1945,-3.0676,1546.6965,0.0000,0.943648,False
hot,0.3968,-2.9403,1546.6965,-0.0000,0.943650,False
hot,-1.7008,-2.2616,1546.6965,-0.0000,0.943650,False
hot,-1.3392,-2.8131,1546.6965,-0.0000,0.943653,False
hot,3.0370,2.9984,1546.6965,-0.0000,0.943667,False
hot,-0.0372,-2.9403,1546.6965,-0.0000,0.943668,False
hot,-1.3392,-3.1100,1546.6965,-0.0000,0.943671,False
hot,-1.3030,-2.6434,1546.6965,-0.0000,0.943674,False
cold,-1.6646,-2.4737,1546.6965,0.0000,0.943685,False
hot,-1.3392,-2.9828,1546.6965,-0.0000,0.943699,False
hot,-1.5923,-2.9828,1546.6965,-0.0000,0.943701,False
hot,-0.5435,-2.8555,1546.6965,-0.0000,0.943702,False
hot,3.1093,3.0833,1546.6965,-0.0000,0.943704,False
hot,-1.6646,-2.7282,1546.6965,-0.0000,0.943706,False
cold,3.1816,2.6591,1546.6965,0.0000,0.943706,False
hot,-0.9775,-2.8979,1546.6965,-0.0000,0.943707,False
hot,-0.7967,-2.9828,1546.6965,-0.0000,0.943708,False
cold,-1.1945,-2.8979,1546.6965,0.0000,0.943709,False
hot,-1.6285,-2.6434,1546.6965,-0.0000,0.943712,False
cold,-1.4115,-2.6434,1546.6965,0.0000,0.943712,False
cold,-1.6285,-2.8555,1546.6965,0.0000,0.943714,False
cold,-1.8093,-2.4313,1546.6965,0.0000,0.943719,False
cold,3.2540,2.3197,1546.6965,0.0000,0.943723,False
cold,3.3986,2.2349,1546.6965,0.0000,0.943733,False
cold,-1.5562,-2.7707,1546.6965,0.0000,0.943733,False
cold,3.0731,2.8288,1546.6965,0.0000,0.943744,False
hot,0.3607,-2.9403,1546.6965,-0.0000,0.943752,False
hot,2.9646,2.7439,1546.6965,-0.0000,0.943755,False
hot,-0.9052,-3.1100,1546.6965,-0.0000,0.943757,False
cold,-0.7605,-3.1100,1546.6965,0.0000,0.943758,False
hot,-1.5923,-3.0676,1546.6965,-0.0000,0.943760,False
cold,-0.7605,-3.0252,1546.6965,0.0000,0.943765,False
cold,-1.7370,-2.5161,1546.6965,0.0000,0.943771,False
hot,3.3263,2.6167,1546.6965,-0.0000,0.943771,False
hot,3.1455,2.5742,1546.6965,-0.0000,0.943772,False
cold,-1.7731,-2.4313,1546.6965,0.0000,0.943780,False
cold,-1.7370,-2.0919,1546.6965,0.0000,0.943784,False
hot,-0.2542,-3.1100,1546.6965,-0.0000,0.943792,False
cold,3.4710,2.2349,1546.6965,0.0000,0.943792,False
cold,-1.7008,-2.7707,1546.6965,0.0000,0.943794,False
cold,-0.5797,-3.0676,1546.6965,0.0000,0.943804,False
hot,-1.7370,-2.3889,1546.6965,-0.0000,0.943809,False
cold,-1.2307,-3.0676,1546.6965,0.0000,0.943812,False
cold,-1.4477,-2.5586,1546.6965,0.0000,0.943813,False
hot,-1.4477,-2.6858,1546.6965,-0.0000,0.943813,False
cold,-0.6882,-3.1100,1546.6965,0.0000,0.943816,False
cold,3.3986,2.9984,1546.6965,0.0000,0.943817,False
cold,-0.2903,-3.1100,1546.6965,0.0000,0.943832,False
cold,3.0731,2.9984,1546.6965,0.0000,0.943835,False
hot,0.2160,-3.0252,1546.6965,-0.0000,0.943837,False
cold,-1.5562,-2.6858,1546.6965,0.0000,0.943841,False
cold,-1.4477,-2.6434,1546.6965,0.0000,0.943850,False
hot,0.1437,-2.8979,1546.6965,-0.0000,0.943854,False
hot,-1.4477,-2.7707,1546.6965,-0.0000,0.943855,False
hot,-1.4838,-2.4737,1546.6965,-0.0000,0.943856,False
cold,3.2540,2.4470,1546.6965,0.0000,0.943870,False
hot,3.4348,2.8288,1546.6965,-0.0000,0.943872,False
hot,-0.9413,-2.7707,1546.6965,-0.0000,0.943873,False
hot,3.0370,2.7439,1546.6965,-0.0000,0.943874,False
hot,-1.1222,-2.7282,1546.6965,-0.0000,0.943881,False
cold,3.2540,2.2773,1546.6965,0.0000,0.943887,False
hot,-1.6285,-2.5586,1546.6965,-0.0000,0.943887,False
hot,-1.2668,-3.0252,1546.6965,-0.0000,0.943897,False
cold,-1.1945,-3.1100,1546.6965,0.0000,0.943897,False
hot,-1.6285,-3.0252,1546.6965,-0.0000,0.943899,False
hot,-0.6158,-2.8555,1546.6965,-0.0000,0.943899,False
hot,0.1798,-3.1100,1546.6965,-0.0000,0.943904,False
hot,0.5415,-3.1100,1546.6965,-0.0000,0.943907,False
hot,-1.7008,-2.4737,1546.6965,-0.0000,0.943907,False
hot,3.2540,2.3197,1546.6965,-0.0000,0.943912,False
cold,3.1455,2.2349,1546.6965,0.0000,0.943916,False
cold,-1.5562,-2.2616,1546.6965,0.0000,0.943918,False
cold,3.2540,2.8712,1546.6965,0.0000,0.943924,False
hot,-1.4115,-3.0676,1546.6965,-0.0000,0.943925,False
cold,-1.2307,-2.9828,1546.6965,0.0000,0.943926,False
hot,-0.2903,-3.0252,1546.6965,-0.0000,0.943928,False
hot,3.4348,2.6167,1546.6965,-0.0000,0.943933,False
cold,3.1093,3.0409,1546.6965,0.0000,0.943942,False
cold,3.2901,2.9136,1546.6965,0.0000,0.943943,False
hot,-1.7731,-3.1100,1546.6965,-0.0000,0.943945,False
cold,-1.8455,-2.3040,1546.6965,0.0000,0.943950,False
hot,3.2178,2.6167,1546.6965,-0.0000,0.943952,False
hot,-0.7243,-2.9403,1546.6965,-0.0000,0.943954,False
hot,2.9646,3.0833,1546.6965,-0.0000,0.943955,False
cold,-1.7731,-2.0071,1546.6965,0.0000,0.943958,False
hot,0.1075,-2.8555,1546.6965,-0.0000,0.943958,False
hot,3.3625,3.1257,1546.6965,-0.0000,0.943959,False
cold,-1.6285,-2.2192,1546.6965,0.0000,0.943964,False
hot,-1.7008,-2.6434,1546.6965,-0.0000,0.943964,False
hot,-1.5562,-2.8979,1546.6965,-0.0000,0.943964,False
hot,-1.2307,-2.9403,1546.6965,-0.0000,0.943965,False
cold,3.0370,3.0409,1546.6965,0.0000,0.943970,False
hot,-0.1818,-2.8979,1546.6965,-0.0000,0.943970,False
cold,-1.5562,-2.1344,1546.6965,0.0000,0.943971,False
cold,-1.8455,-2.8979,1546.6965,0.0000,0.943985,False
hot,-1.0860,-2.9403,1546.6965,-0.0000,0.943987,False
cold,-1.0860,-2.9403,1546.6965,0.0000,0.943987,False
cold,3.4710,2.9136,1546.6965,0.0000,0.943989,False
hot,-0.5797,-3.0252,1546.6965,-0.0000,0.943994,False
hot,-1.6646,-2.7707,1546.6965,-0.0000,0.943998,False
cold,3.4348,2.6591,1546.6965,0.0000,0.943999,False
cold,0.3245,-2.9828,1546.6965,0.0000,0.944012,False
hot,-1.0498,-3.0252,1546.6965,-0.0000,0.944013,False
hot,-0.1095,-3.1100,1546.6965,-0.0000,0.944017,False
cold,-1.4838,-2.7282,1546.6965,0.0000,0.944020,False
hot,-1.1222,-2.6858,1546.6965,-0.0000,0.944029,False
cold,-1.1945,-2.8555,1546.6965,0.0000,0.944031,False
hot,-1.5200,-2.5161,1546.6965,-0.0000,0.944032,False
cold,3.0370,2.9560,1546.6965,0.0000,0.944040,False
hot,-0.6158,-3.1100,1546.6965,-0.0000,0.944045,False
hot,3.0008,2.7439,1546.6965,-0.0000,0.944047,False
hot,3.3263,2.3621,1546.6965,-0.0000,0.944059,False
hot,2.9285,2.9136,1546.6965,-0.0000,0.944060,False
cold,-1.3392,-2.7282,1546.6965,0.0000,0.944064,False
hot,-0.7605,-2.9828,1546.6965,-0.0000,0.944068,False
hot,-1.0498,-2.9828,1546.6965,-0.0000,0.944069,False
hot,0.0713,-3.0252,1546.6965,-0.0000,0.944070,False
cold,-1.6285,-2.3465,1546.6965,0.0000,0.944071,False
cold,-1.8455,-2.4313,1546.6965,0.0000,0.944073,False
hot,3.3986,2.5318,1546.6965,-0.0000,0.944075,False
cold,0.2883,-2.9828,1546.6965,0.0000,0.944079,False
hot,3.1093,2.5742,1546.6965,-0.0000,0.944080,False
cold,-1.5562,-2.7282,1546.6965,0.0000,0.944085,False
hot,-0.2180,-2.9403,1546.6965,-0.0000,0.944089,False
hot,3.0370,2.4894,1546.6965,-0.0000,0.944091,False
cold,2.7838,3.1257,1546.6965,0.0000,0.944099,False
hot,3.4348,2.9984,1546.6965,-0.0000,0.944101,False
hot,-1.0498,-2.6858,1546.6965,-0.0000,0.944109,False
hot,-0.0733,-3.0676,1546.6965,-0.0000,0.944113,False
cold,-1.4838,-2.9828,1546.6965,0.0000,0.944120,False
cold,3.1093,2.7863,1546.6965,0.0000,0.944131,False
hot,-1.4838,-2.8131,1546.6965,-0.0000,0.944132,False
cold,-1.7008,-2.7282,1546.6965,0.0000,0.944141,False
cold,3.3263,2.8288,1546.6965,0.0000,0.944141,False
hot,2.7838,2.9984,1546.6965,-0.0000,0.944142,False
cold,-1.5923,-2.8131,1546.6965,0.0000,0.944143,False
hot,-1.0137,-2.8555,1546.6965,-0.0000,0.944156,False
hot,3.2178,2.8288,1546.6965,-0.0000,0.944159,False
hot,3.2540,2.8712,1546.6965,-0.0000,0.944162,False
hot,-1.4477,-2.8979,1546.6965,-0.0000,0.944166,False
hot,-1.2668,-2.9828,1546.6965,-0.0000,0.944178,False
hot,-0.2180,-2.9828,1546.6965,-0.0000,0.944186,False
hot,-0.7967,-2.8555,1546.6965,-0.0000,0.944189,False
hot,-0.8328,-2.9828,1546.6965,-0.0000,0.944190,False
hot,-1.6646,-2.9828,1546.6965,-0.0000,0.944190,False
hot,-1.5200,-3.0252,1546.6965,-0.0000,0.944190,False
cold,3.4710,3.0409,1546.6965,0.0000,0.944196,False
hot,3.3986,2.4894,1546.6965,-0.0000,0.944197,False
hot,-1.0137,-2.9403,1546.6965,-0.0000,0.944201,False
hot,3.4710,2.7015,1546.6965,-0.0000,0.944209,False
cold,0.1075,-3.0676,1546.6965,0.0000,0.944210,False
cold,-1.8093,-2.6010,1546.6965,0.0000,0.944212,False
hot,-1.8093,-2.8131,1546.6965,-0.0000,0.944212,False
hot,-0.4350,-3.0676,1546.6965,-0.0000,0.944214,False
cold,3.3263,2.6167,1546.6965,0.0000,0.944214,False
hot,3.1093,2.5318,1546.6965,-0.0000,0.944215,False
hot,3.4348,2.9136,1546.6965,-0.0000,0.944215,False
hot,-1.2307,-2.7282,1546.6965,-0.0000,0.944215,False
hot,3.4348,3.0833,1546.6965,-0.0000,0.944219,False
hot,2.7115,3.0833,1546.6965,-0.0000,0.944221,False
cold,3.4710,2.4470,1546.6965,0.0000,0.944223,False
cold,3.3625,2.5318,1546.6965,0.0000,0.944223,False
cold,3.4348,2.6167,1546.6965,0.0000,0.944233,False
cold,-1.6646,-2.5161,1546.6965,0.0000,0.944236,False
hot,-1.7008,-3.0252,1546.6965,-0.0000,0.944242,False
hot,3.4348,2.7015,1546.6965,-0.0000,0.944248,False
hot,-0.2180,-3.0252,1546.6965,-0.0000,0.944249,False
hot,3.0370,3.0409,1546.6965,-0.0000,0.944255,False
hot,-1.7008,-2.9828,1546.6965,-0.0000,0.944272,False
hot,-0.5797,-3.1100,1546.6965,-0.0000,0.944273,False
hot,-1.4115,-2.7707,1546.6965,-0.0000,0.944275,False
hot,-0.7243,-3.0252,1546.6965,-0.0000,0.944278,False
cold,-1.8093,-2.3040,1546.6965,0.0000,0.944286,False
hot,2.9285,2.8288,1546.6965,-0.0000,0.944293,False
hot,-0.6882,-2.8555,1546.6965,-0.0000,0.944299,False
cold,0.0352,-3.0676,1546.6965,0.0000,0.944299,False
cold,3.2540,2.7863,1546.6965,0.0000,0.944312,False
cold,-1.7370,-2.4737,1546.6965,0.0000,0.944314,False
cold,-1.6285,-2.0919,1546.6965,0.0000,0.944319,False
hot,-1.4115,-2.4737,1546.6965,-0.0000,0.944323,False
cold,-1.8093,-3.0676,1546.6965,0.0000,0.944333,False
cold,-1.5923,-2.4737,1546.6965,0.0000,0.944336,False
cold,-1.5200,-2.1344,1546.6965,0.0000,0.944340,False
hot,0.3245,-2.9828,1546.6965,-0.0000,0.944346,False
hot,2.6753,3.0833,1546.6965,-0.0000,0.944346,False
cold,3.2178,2.2773,1546.6965,0.0000,0.944350,False
hot,3.4348,2.3197,1546.6965,-0.0000,0.944355,False
cold,3.2178,2.5742,1546.6965,0.0000,0.944362,False
cold,-1.5200,-3.1100,1546.6965,0.0000,0.944363,False
cold,-1.2307,-2.9403,1546.6965,0.0000,0.944365,False
hot,-1.4477,-2.8131,1546.6965,-0.0000,0.944368,False
hot,-0.0372,-3.0252,1546.6965,-0.0000,0.944372,False
cold,3.3625,2.1925,1546.6965,0.0000,0.944374,False
hot,0.3607,-3.1100,1546.6965,-0.0000,0.944380,False
cold,-0.8690,-3.1100,1546.6965,0.0000,0.944384,False
cold,-1.1222,-2.9403,1546.6965,0.0000,0.944389,False
cold,3.2901,2.1925,1546.6965,0.0000,0.944392,False
hot,0.2160,-2.8979,1546.6965,-0.0000,0.944394,False
hot,-0.7243,-2.9828,1546.6965,-0.0000,0.944402,False
cold,-1.4838,-2.8555,1546.6965,0.0000,0.944409,False
hot,-1.0498,-3.0676,1546.6965,-0.0000,0.944416,False
hot,2.6753,3.1257,1546.6965,-0.0000,0.944417,False
hot,3.0008,2.9984,1546.6965,-0.0000,0.944418,False
hot,-0.8328,-3.1100,1546.6965,-0.0000,0.944442,False
hot,3.3625,2.2773,1546.6965,-0.0000,0.944443,False
hot,2.9646,2.9984,1546.6965,-0.0000,0.944449,False
hot,-0.9775,-3.0676,1546.6965,-0.0000,0.944453,False
hot,3.2901,3.0409,1546.6965,-0.0000,0.944463,False
hot,-1.7731,-2.6010,1546.6965,-0.0000,0.944482,False
hot,-1.0137,-2.9828,1546.6965,-0.0000,0.944485,False
cold,-0.8328,-3.1100,1546.6965,0.0000,0.944491,False
cold,3.2178,2.7863,1546.6965,0.0000,0.944501,False
hot,-1.7731,-2.3889,1546.6965,-0.0000,0.944501,False
hot,-0.8690,-2.7707,1546.6965,-0.0000,0.944506,False
hot,3.0370,2.8288,1546.6965,-0.0000,0.944512,False
hot,-1.6646,-2.3889,1546.6965,-0.0000,0.944523,False
cold,-1.6646,-2.8979,1546.6965,0.0000,0.944524,False
cold,3.4348,2.7015,1546.6965,0.0000,0.944525,False
hot,0.4330,-3.0676,1546.6965,-0.0000,0.944532,False
cold,-1.7008,-2.5161,1546.6965,0.0000,0.944532,False
cold,3.3986,2.8288,1546.6965,0.0000,0.944539,False
hot,3.3263,2.7439,1546.6965,-0.0000,0.944548,False
hot,-1.7731,-2.8979,1546.6965,-0.0000,0.944552,False
cold,3.3625,2.4046,1546.6965,0.0000,0.944555,False
cold,-0.8690,-2.9828,1546.6965,0.0000,0.944563,False
hot,3.1816,3.0833,1546.6965,-0.0000,0.944577,False
hot,3.4710,3.1257,1546.6965,-0.0000,0.944589,False
hot,-0.7967,-2.8131,1546.6965,-0.0000,0.944592,False
cold,-0.8690,-3.0252,1546.6965,0.0000,0.944592,False
cold,-1.1945,-2.8131,1546.6965,0.0000,0.944593,False
hot,-1.2307,-2.6010,1546.6965,-0.0000,0.944596,False
hot,-1.5200,-2.8979,1546.6965,-0.0000,0.944597,False
hot,2.8200,2.9136,1546.6965,-0.0000,0.944598,False
hot,-1.4838,-2.3889,1546.6965,-0.0000,0.944603,False
cold,-1.4838,-2.8131,1546.6965,0.0000,0.944607,False
hot,3.3625,2.4470,1546.6965,-0.0000,0.944608,False
hot,-1.3392,-2.8555,1546.6965,-0.0000,0.944609,False
cold,3.3263,2.2349,1546.6965,0.0000,0.944611,False
cold,3.2540,2.9136,1546.6965,0.0000,0.944617,False
cold,0.3968,-2.9403,1546.6965,0.0000,0.944618,False
cold,-1.7008,-2.6858,1546.6965,0.0000,0.944623,False
cold,3.2178,2.9984,1546.6965,0.0000,0.944629,False
cold,3.3263,2.9984,1546.6965,0.0000,0.944632,False
hot,0.0713,-2.9828,1546.6965,-0.0000,0.944645,False
cold,-1.0498,-3.1100,1546.6965,0.0000,0.944648,False
hot,-0.7243,-2.8555,1546.6965,-0.0000,0.944648,False
hot,-1.4477,-2.9828,1546.6965,-0.0000,0.944654,False
cold,-1.4477,-2.1768,1546.6965,0.0000,0.944658,False
hot,3.4710,2.9560,1546.6965,-0.0000,0.944660,False
hot,-0.7605,-3.1100,1546.6965,-0.0000,0.944661,False
cold,-1.4115,-3.0676,1546.6965,0.0000,0.944662,False
hot,3.0731,2.4894,1546.6965,-0.0000,0.944676,False
cold,-0.3265,-3.1100,1546.6965,0.0000,0.944677,False
hot,-1.1945,-2.8555,1546.6965,-0.0000,0.944679,False
cold,-1.3753,-2.8555,1546.6965,0.0000,0.944679,False
hot,3.0008,3.1257,1546.6965,-0.0000,0.944686,False
cold,-1.5200,-2.5161,1546.6965,0.0000,0.944694,False
hot,-1.0860,-2.6434,1546.6965,-0.0000,0.944695,False
hot,-0.3627,-2.9828,1546.6965,-0.0000,0.944703,False
cold,3.2540,2.8288,1546.6965,0.0000,0.944703,False
hot,3.4348,2.2773,1546.6965,-0.0000,0.944720,False
hot,-1.5200,-2.6858,1546.6965,-0.0000,0.944722,False
cold,3.2178,2.4046,1546.6965,0.0000,0.944727,False
hot,-1.0498,-2.7707,1546.6965,-0.0000,0.944728,False
cold,-1.3030,-2.8555,1546.6965,0.0000,0.944731,False
cold,3.0370,3.0833,1546.6965,0.0000,0.944735,False
cold,-0.1818,-3.1100,1546.6965,0.0000,0.944759,False
cold,3.2901,3.0833,1546.6965,0.0000,0.944759,False
cold,3.2540,2.2349,1546.6965,0.0000,0.944767,False
hot,3.1816,2.5318,1546.6965,-0.0000,0.944769,False
hot,-1.6285,-2.6858,1546.6965,-0.0000,0.944774,False
cold,-1.0137,-3.0252,1546.6965,0.0000,0.944775,False
cold,-1.8455,-2.2192,1546.6965,0.0000,0.944781,False
cold,-1.7731,-2.8131,1546.6965,0.0000,0.944785,False
hot,-1.5562,-2.7282,1546.6965,-0.0000,0.944790,False
hot,3.4348,2.8712,1546.6965,-0.0000,0.944791,False
hot,3.3625,2.7015,1546.6965,-0.0000,0.944800,False
cold,-1.8093,-2.7282,1546.6965,0.0000,0.944810,False
hot,-1.0860,-2.6858,1546.6965,-0.0000,0.944819,False
cold,3.4710,2.0652,1546.6965,0.0000,0.944827,False
hot,-1.6285,-2.3040,1546.6965,-0.0000,0.944834,False
hot,-1.0137,-2.8131,1546.6965,-0.0000,0.944842,False
hot,3.2540,2.7439,1546.6965,-0.0000,0.944844,False
cold,-1.7008,-2.2192,1546.6965,0.0000,0.944851,False
hot,-0.3988,-2.9403,1546.6965,-0.0000,0.944851,False
hot,-1.7370,-2.5586,1546.6965,-0.0000,0.944855,False
cold,3.2540,2.4046,1546.6965,0.0000,0.944855,False
hot,-1.8455,-2.4737,1546.6965,-0.0000,0.944856,False
cold,-1.4115,-3.0252,1546.6965,0.0000,0.944858,False
cold,3.3263,2.9136,1546.6965,0.0000,0.944859,False
hot,-1.7731,-2.7282,1546.6965,-0.0000,0.944868,False
cold,-0.6520,-3.0676,1546.6965,0.0000,0.944881,False
cold,-1.7370,-2.7282,1546.6965,0.0000,0.944890,False
cold,-1.7370,-2.3889,1546.6965,0.0000,0.944893,False
hot,-1.5923,-2.8555,1546.6965,-0.0000,0.944898,False
hot,-1.5923,-2.7282,1546.6965,-0.0000,0.944903,False
hot,3.0731,2.9984,1546.6965,-0.0000,0.944909,False
cold,3.2540,2.5318,1546.6965,0.0000,0.944913,False
cold,3.4348,2.9136,1546.6965,0.0000,0.944914,False
hot,3.1816,2.8288,1546.6965,-0.0000,0.944919,False
hot,-1.5562,-2.8131,1546.6965,-0.0000,0.944919,False
hot,0.5415,-2.9828,1546.6965,-0.0000,0.944933,False
hot,-0.3265,-3.0252,1546.6965,-0.0000,0.944960,False
hot,-0.2180,-3.0676,1546.6965,-0.0000,0.944960,False
hot,3.0370,2.5742,1546.6965,-0.0000,0.944965,False
cold,-1.6646,-3.0252,1546.6965,0.0000,0.944974,False
hot,3.1093,2.7015,1546.6965,-0.0000,0.944976,False
hot,0.1437,-2.9828,1546.6965,-0.0000,0.944986,False
hot,-0.3265,-2.9403,1546.6965,-0.0000,0.944996,False
hot,-0.5435,-3.0252,1546.6965,-0.0000,0.945010,False
hot,-1.7370,-3.1100,1546.6965,-0.0000,0.945014,False
cold,3.4348,2.3621,1546.6965,0.0000,0.945018,False
hot,2.6391,2.9984,1546.6965,-0.0000,0.945025,False
cold,3.2178,2.8712,1546.6965,0.0000,0.945029,False
hot,0.3245,-2.8131,1546.6965,-0.0000,0.945035,False
hot,-1.7731,-2.2192,1546.6965,-0.0000,0.945037,False
hot,3.3625,2.9136,1546.6965,-0.0000,0.945044,False
cold,-1.0860,-2.8979,1546.6965,0.0000,0.945047,False
cold,-1.6285,-2.6010,1546.6965,0.0000,0.945047,False
hot,3.3263,2.8288,1546.6965,-0.0000,0.945057,False
hot,-0.5073,-3.1100,1546.6965,-0.0000,0.945059,False
cold,-0.0733,-3.1100,1546.6965,0.0000,0.945060,False
hot,-0.9052,-2.9828,1546.6965,-0.0000,0.945064,False
hot,0.3607,-2.7707,1546.6965,-0.0000,0.945067,False
cold,3.2901,2.5742,1546.6965,0.0000,0.945084,False
cold,0.3245,-3.0252,1546.6965,0.0000,0.945099,False
cold,3.1816,2.7863,1546.6965,0.0000,0.945102,False
cold,3.2540,2.3621,1546.6965,0.0000,0.945106,False
hot,-1.8093,-2.9828,1546.6965,-0.0000,0.945108,False
cold,3.3263,3.1257,1546.6965,0.0000,0.945127,False
cold,3.3625,2.6591,1546.6965,0.0000,0.945139,False
hot,3.1455,2.7439,1546.6965,-0.0000,0.945140,False
hot,2.7476,2.9984,1546.6965,-0.0000,0.945156,False
hot,3.4348,2.4046,1546.6965,-0.0000,0.945168,False
hot,2.8923,2.7863,1546.6965,-0.0000,0.945179,False
hot,2.8923,2.9984,1546.6965,-0.0000,0.945188,False
cold,-1.3753,-3.0676,1546.6965,0.0000,0.945189,False
cold,0.3607,-2.9828,1546.6965,0.0000,0.945194,False
hot,-0.6158,-2.9403,1546.6965,-0.0000,0.945196,False
hot,-1.3392,-3.0252,1546.6965,-0.0000,0.945202,False
hot,-0.0372,-3.0676,1546.6965,-0.0000,0.945210,False
hot,3.3986,2.3197,1546.6965,-0.0000,0.945210,False
hot,-0.1095,-3.0676,1546.6965,-0.0000,0.945218,False
hot,3.2901,2.9136,1546.6965,-0.0000,0.945221,False
hot,2.7476,3.0409,1546.6965,-0.0000,0.945231,False
hot,-1.5200,-2.8555,1546.6965,-0.0000,0.945233,False
cold,-1.8093,-2.5586,1546.6965,0.0000,0.945248,False
cold,0.2160,-3.0252,1546.6965,0.0000,0.945249,False
cold,-1.7008,-2.1768,1546.6965,0.0000,0.945259,False
hot,-0.2542,-2.9828,1546.6965,-0.0000,0.945260,False
cold,-1.8093,-2.2192,1546.6965,0.0000,0.945263,False
cold,3.3986,2.7863,1546.6965,0.0000,0.945289,False
hot,-1.7370,-2.6858,1546.6965,-0.0000,0.945290,False
cold,3.0370,2.9136,1546.6965,0.0000,0.945294,False
hot,2.6753,2.9984,1546.6965,-0.0000,0.945298,False
cold,3.3625,2.1076,1546.6965,0.0000,0.945309,False
cold,-1.3030,-2.8131,1546.6965,0.0000,0.945315,False
cold,-1.3392,-2.8979,1546.6965,0.0000,0.945321,False
hot,-1.3753,-3.0252,1546.6965,-0.0000,0.945322,False
cold,-1.8093,-2.3465,1546.6965,0.0000,0.945344,False
hot,-1.5200,-2.3889,1546.6965,-0.0000,0.945358,False
hot,-1.8093,-2.3465,1546.6965,-0.0000,0.945371,False
cold,3.1816,3.0833,1546.6965,0.0000,0.945375,False
hot,3.0370,3.0833,1546.6965,-0.0000,0.945378,False
hot,2.8200,3.1257,1546.6965,-0.0000,0.945391,False
cold,-0.3988,-2.3465,1546.6946,0.0009,0.945397,False
hot,-1.2668,-2.5161,1546.6965,-0.0000,0.945398,False
cold,-0.5435,-3.0676,1546.6965,0.0000,0.945410,False
cold,3.2178,2.4470,1546.6965,0.0000,0.945413,False
hot,0.0352,-3.0252,1546.6965,-0.0000,0.945414,False
cold,3.2178,2.7015,1546.6965,0.0000,0.945417,False
cold,-1.7731,-2.8979,1546.6965,0.0000,0.945420,False
hot,3.0731,2.7439,1546.6965,-0.0000,0.945422,False
hot,2.9285,3.0833,1546.6965,-0.0000,0.945440,False
hot,0.1437,-3.0252,1546.6965,-0.0000,0.945446,False
hot,-0.9775,-2.9403,1546.6965,-0.0000,0.945455,False
cold,-1.8455,-2.1768,1546.6965,0.0000,0.945457,False
cold,3.2178,2.1925,1546.6965,0.0000,0.945475,False
cold,3.3263,2.5318,1546.6965,0.0000,0.945483,False
hot,-1.4838,-2.7282,1546.6965,-0.0000,0.945493,False
cold,-1.4838,-2.2616,1546.6965,0.0000,0.945500,False
cold,-1.8093,-2.2616,1546.6965,0.0000,0.945501,False
cold,3.1816,3.0409,1546.6965,0.0000,0.945523,False
hot,-1.3392,-2.4737,1546.6965,-0.0000,0.945527,False
hot,-1.5923,-2.5586,1546.6965,-0.0000,0.945530,False
hot,-1.4115,-2.6858,1546.6965,-0.0000,0.945534,False
cold,3.4348,2.1925,1546.6965,0.0000,0.945544,False
hot,0.5053,-3.0252,1546.6965,-0.0000,0.945550,False
hot,0.3607,-2.8131,1546.6965,-0.0000,0.945619,False
hot,-1.7008,-2.9403,1546.6965,-0.0000,0.945628,False
hot,0.1798,-2.8131,1546.6965,-0.0000,0.945632,False
hot,-0.9413,-2.7282,1546.6965,-0.0000,0.945644,False
cold,3.4710,3.1257,1546.6965,0.0000,0.945659,False
cold,-1.7370,-2.8979,1546.6965,0.0000,0.945694,False
hot,3.2540,3.0409,1546.6965,-0.0000,0.945699,False
hot,3.2540,2.5318,1546.6965,-0.0000,0.945720,False
hot,-1.7731,-2.2616,1546.6965,-0.0000,0.945735,False
cold,-1.4115,-2.7707,1546.6965,0.0000,0.945755,False
cold,3.3986,2.4894,1546.6965,0.0000,0.945768,False
hot,-0.1818,-3.0252,1546.6965,-0.0000,0.945803,False
hot,-1.4838,-2.7707,1546.6965,-0.0000,0.945831,False
hot,3.2901,3.1257,1546.6965,-0.0000,0.945848,False
cold,-1.4838,-2.5161,1546.6965,0.0000,0.945855,False
hot,2.9285,3.0409,1546.6965,-0.0000,0.946101,False
cold,-1.7008,-2.4313,1546.6965,0.0000,0.946108,False
hot,3.1093,2.7439,1546.6965,-0.0000,0.946110,False
cold,2.7476,3.1257,1546.6965,0.0000,0.946124,False
cold,-0.7243,-3.0676,1546.6965,0.0000,0.946348,False
hot,-0.8690,-3.0676,1546.6965,-0.0000,0.946354,False
hot,3.2901,2.5318,1546.6965,-0.0000,0.946363,False
hot,3.1816,2.9560,1546.6965,-0.0000,0.946368,False
hot,-1.4115,-3.1100,1546.6965,-0.0000,0.946385,False
cold,3.1816,2.3621,1546.6965,0.0000,0.946395,False
hot,0.3607,-3.0252,1546.6965,-0.0000,0.946410,False
cold,3.3263,2.7015,1546.6965,0.0000,0.946426,False
cold,-0.9413,-2.9828,1546.6965,0.0000,0.946429,False
hot,0.2883,-3.0252,1546.6965,-0.0000,0.946514,False
hot,3.1816,3.0409,1546.6965,-0.0000,0.946649,False
hot,2.8200,2.9560,1546.6965,-0.0000,0.946716,False
hot,3.3986,2.6591,1546.6965,-0.0000,0.946905,False
cold,-1.8093,-2.6434,1546.6965,0.0000,0.946999,False
hot,-1.3392,-2.7282,1546.6965,-0.0000,0.947082,False
cold,-1.5200,-2.8555,1546.6965,0.0000,0.947321,False
hot,3.3263,2.2773,1546.6965,-0.0000,0.947478,False
hot,-1.2307,-3.1100,1546.6965,-0.0000,0.947485,False
hot,0.3245,-2.8555,1546.6965,-0.0000,0.947596,False
hot,0.6500,-2.9828,1546.6965,-0.0000,0.947637,False
cold,-0.5797,1.9804,1551.4841,-2.2776,0.998070,False
cold,-0.5435,1.9804,1551.4841,-2.2776,0.998223,False
cold,-0.5073,1.1320,1551.8174,-2.4361,0.998607,False
cold,0.1437,1.4289,1551.8092,-2.4322,0.998755,False
