type,lat_scaled,lon_scaled,height,standardized_height,pvalue,significant
hot,0.1437,-0.6921,126.7990,4.4872,0.121708,False
cold,-0.2542,-0.4376,109.4782,4.2828,0.152555,False
hot,-0.6882,-0.4376,123.7617,2.9493,0.412010,False
cold,0.5053,0.0715,113.8169,2.0860,0.608349,False
hot,-0.5797,1.2168,120.8205,1.4601,0.753291,False
cold,-0.1457,0.4108,115.4658,1.2511,0.783134,False
hot,2.7115,0.0715,120.3294,1.2114,0.794466,False
cold,-1.1222,0.7926,115.8024,1.0807,0.814379,False
cold,-0.9052,0.0715,115.9666,0.9975,0.829206,False
hot,2.2413,-0.2255,119.7423,0.9142,0.843208,False
hot,-1.4477,2.4470,119.6652,0.8752,0.847074,False
hot,-1.5923,1.6410,119.5184,0.8008,0.858261,False
hot,-0.4712,2.4470,119.5303,0.8068,0.858506,False
hot,-0.6520,0.4532,119.1055,0.5918,0.883553,False
hot,-1.1222,1.8955,119.1192,0.5987,0.887305,False
cold,2.1690,0.3684,116.9147,0.5175,0.890603,False
cold,2.6753,-0.5224,116.8466,0.5520,0.893944,False
cold,2.8200,-2.4737,117.0380,0.4551,0.903100,False
cold,2.5668,-1.7950,117.1402,0.4033,0.908232,False
hot,0.8308,1.0047,118.2662,0.1668,0.930130,False
hot,2.4583,2.9136,117.9368,0.0000,0.936409,False
hot,-0.1818,-2.7707,117.9368,0.0000,0.936535,False
hot,0.7223,-2.2616,117.9368,0.0000,0.936858,False
hot,-1.8093,-1.8798,117.9368,0.0000,0.937128,False
cold,2.5306,2.9136,117.9368,-0.0000,0.937207,False
cold,0.8670,-3.0252,117.9368,-0.0000,0.937249,False
hot,-1.3753,-2.3889,117.9368,0.0000,0.937279,False
hot,3.4348,1.6410,117.9368,0.0000,0.937283,False
hot,3.0370,1.8107,117.9368,0.0000,0.937377,False
cold,0.1798,-2.6434,117.9368,-0.0000,0.937492,False
cold,1.8435,2.9984,117.9368,-0.0000,0.937519,False
cold,-0.0010,-3.0252,117.9368,-0.0000,0.937586,False
hot,0.4692,-2.9403,117.9368,0.0000,0.937713,False
hot,3.3986,2.9560,117.9368,0.0000,0.937750,False
cold,3.1816,2.1925,117.9368,-0.0000,0.937764,False
cold,-1.0860,-2.8131,117.9368,-0.0000,0.937777,False
hot,2.1690,3.0833,117.9368,0.0000,0.937836,False
cold,-1.1583,-2.7707,117.9368,-0.0000,0.937922,False
hot,3.1816,3.1257,117.9368,0.0000,0.937954,False
cold,3.2540,3.0833,117.9368,-0.0000,0.937984,False
cold,3.3625,1.9804,117.9368,-0.0000,0.938002,False
cold,-1.4115,-2.4737,117.9368,-0.0000,0.938008,False
hot,-0.0733,-3.0676,117.9368,0.0000,0.938010,False
hot,-1.8455,-1.4556,117.9368,0.0000,0.938049,False
cold,0.3607,-2.9403,117.9368,-0.0000,0.938062,False
cold,0.2883,-2.6010,117.9368,-0.0000,0.938070,False
cold,-0.9052,-2.5586,117.9368,-0.0000,0.938111,False
hot,0.9032,-3.0676,117.9368,0.0000,0.938127,False
hot,2.3498,2.9136,117.9368,0.0000,0.938136,False
hot,3.3625,2.1076,117.9368,0.0000,0.938152,False
hot,-1.7370,-1.8798,117.9368,0.0000,0.938170,False
cold,3.2540,1.8955,117.9368,-0.0000,0.938197,False
cold,1.0840,-3.0252,117.9368,-0.0000,0.938206,False
cold,-0.7605,-2.6858,117.9368,-0.0000,0.938210,False
hot,2.7115,2.2349,117.9368,0.0000,0.938211,False
hot,3.2178,2.2773,117.9368,0.0000,0.938233,False
cold,3.4348,2.5318,117.9368,-0.0000,0.938248,False
hot,-1.5562,-2.0495,117.9368,0.0000,0.938273,False
cold,-1.5923,-3.0676,117.9368,-0.0000,0.938277,False
hot,-1.5200,-2.3465,117.9368,0.0000,0.938318,False
hot,-0.5797,-2.6858,117.9368,0.0000,0.938326,False
hot,3.0370,1.9804,117.9368,0.0000,0.938343,False
cold,3.4710,2.1076,117.9368,-0.0000,0.938361,False
hot,2.8923,2.0652,117.9368,0.0000,0.938369,False
cold,-1.2668,-2.8131,117.9368,-0.0000,0.938381,False
hot,2.9646,2.7863,117.9368,0.0000,0.938406,False
hot,-1.7731,-1.7950,117.9368,0.0000,0.938420,False
hot,-1.4477,-2.9828,117.9368,0.0000,0.938422,False
hot,3.3986,2.8712,117.9368,0.0000,0.938423,False
cold,2.8200,2.7015,117.9368,-0.0000,0.938429,False
hot,2.5306,2.6591,117.9368,0.0000,0.938433,False
hot,2.0243,3.0409,117.9368,0.0000,0.938443,False
cold,-1.7370,-2.6858,117.9368,-0.0000,0.938446,False
cold,3.2178,2.8712,117.9368,-0.0000,0.938450,False
cold,-1.7731,-2.6858,117.9368,-0.0000,0.938469,False
hot,-1.6646,-2.5161,117.9368,0.0000,0.938488,False
cold,-1.8455,-2.2616,117.9368,-0.0000,0.938493,False
hot,3.1455,1.7258,117.9368,0.0000,0.938513,False
hot,-1.1583,-3.1100,117.9368,0.0000,0.938537,False
hot,0.0713,-2.7282,117.9368,0.0000,0.938542,False
hot,0.4330,-2.9403,117.9368,0.0000,0.938552,False
hot,-0.5797,-2.4737,117.9368,0.0000,0.938553,False
hot,3.3986,2.9136,117.9368,0.0000,0.938561,False
hot,0.4330,-3.0676,117.9368,0.0000,0.938566,False
cold,3.0370,2.9984,117.9368,-0.0000,0.938570,False
cold,3.1816,2.3197,117.9368,-0.0000,0.938593,False
cold,3.3625,2.8288,117.9368,-0.0000,0.938608,False
cold,1.0117,-3.1100,117.9368,-0.0000,0.938617,False
cold,2.8200,2.5318,117.9368,-0.0000,0.938621,False
hot,-0.8328,-2.4313,117.9368,0.0000,0.938637,False
hot,-1.2307,-2.1344,117.9368,0.0000,0.938644,False
hot,0.2883,-3.1100,117.9368,0.0000,0.938666,False
cold,3.4710,2.2773,117.9368,-0.0000,0.938670,False
hot,-0.9775,-2.5161,117.9368,0.0000,0.938681,False
hot,0.7223,-2.6434,117.9368,0.0000,0.938684,False
cold,-0.5435,-2.7282,117.9368,-0.0000,0.938688,False
hot,2.8200,2.1076,117.9368,0.0000,0.938706,False
cold,-0.9413,3.1257,117.8666,0.0355,0.938710,False
hot,2.2051,3.1257,117.9368,0.0000,0.938732,False
cold,-1.8093,-1.7102,117.9368,-0.0000,0.938734,False
hot,0.9032,-2.8979,117.9368,0.0000,0.938765,False
hot,0.3245,-2.6010,117.9368,0.0000,0.938784,False
hot,-0.0372,-2.9828,117.9368,0.0000,0.938788,False
cold,-0.5073,-2.7282,117.9368,-0.0000,0.938793,False
cold,-1.5923,-2.0919,117.9368,-0.0000,0.938799,False
cold,3.3263,2.7015,117.9368,-0.0000,0.938805,False
cold,-1.2307,-2.8979,117.9368,-0.0000,0.938806,False
hot,0.6138,-2.3465,117.9368,0.0000,0.938808,False
hot,-1.2668,-2.7707,117.9368,0.0000,0.938814,False
hot,-0.3627,-2.6010,117.9368,0.0000,0.938818,False
hot,-1.1945,-2.4313,117.9368,0.0000,0.938823,False
hot,2.1690,2.8288,117.9368,0.0000,0.938827,False
cold,-0.1457,-2.8979,117.9368,-0.0000,0.938828,False
hot,-1.3392,-2.0495,117.9368,0.0000,0.938828,False
cold,-0.5435,-2.8979,117.9368,-0.0000,0.938852,False
cold,-1.6285,-2.9828,117.9368,-0.0000,0.938854,False
hot,0.1798,-2.8555,117.9368,0.0000,0.938861,False
cold,-1.2668,-2.9828,117.9368,-0.0000,0.938863,False
cold,0.2883,-2.8555,117.9368,-0.0000,0.938871,False
cold,-1.5923,-2.7282,117.9368,-0.0000,0.938879,False
hot,3.3625,3.0409,117.9368,0.0000,0.938884,False
hot,0.4330,-2.4313,117.9368,0.0000,0.938897,False
hot,-0.9775,-2.4737,117.9368,0.0000,0.938901,False
hot,3.3263,1.9379,117.9368,0.0000,0.938902,False
hot,0.7223,-2.6010,117.9368,0.0000,0.938909,False
hot,0.7223,-2.5161,117.9368,0.0000,0.938911,False
cold,3.3986,2.2349,117.9368,-0.0000,0.938912,False
cold,0.6862,-2.6434,117.9368,-0.0000,0.938915,False
cold,0.6138,-2.6010,117.9368,-0.0000,0.938916,False
cold,0.0713,-2.8555,117.9368,-0.0000,0.938921,False
cold,3.3986,2.0652,117.9368,-0.0000,0.938924,False
cold,0.7223,-2.7707,117.9368,-0.0000,0.938924,False
hot,0.3245,-2.7282,117.9368,0.0000,0.938926,False
hot,0.9393,-3.0252,117.9368,0.0000,0.938971,False
cold,2.7476,3.0409,117.9368,-0.0000,0.938972,False
cold,3.3263,2.2349,117.9368,-0.0000,0.938975,False
hot,3.4710,1.7683,117.9368,0.0000,0.938975,False
cold,3.1455,2.7863,117.9368,-0.0000,0.938986,False
hot,-1.2668,-2.3465,117.9368,0.0000,0.938995,False
hot,-1.6646,-1.5405,117.9368,0.0000,0.939012,False
hot,-0.2903,-2.5161,117.9368,0.0000,0.939013,False
hot,2.4221,2.9560,117.9368,0.0000,0.939014,False
cold,-1.2668,-2.3889,117.9368,-0.0000,0.939022,False
hot,0.3607,-2.7707,117.9368,0.0000,0.939035,False
hot,-1.4477,-2.0495,117.9368,0.0000,0.939042,False
hot,-1.4477,-2.6434,117.9368,0.0000,0.939054,False
hot,-1.8455,-1.4981,117.9368,0.0000,0.939062,False
hot,1.0478,-3.0252,117.9368,0.0000,0.939062,False
cold,-1.8455,-1.7950,117.9368,-0.0000,0.939075,False
hot,2.2775,2.9984,117.9368,0.0000,0.939087,False
cold,3.3986,2.4894,117.9368,-0.0000,0.939093,False
hot,3.3263,2.4894,117.9368,0.0000,0.939111,False
hot,0.7585,-3.0252,117.9368,0.0000,0.939114,False
hot,3.4348,2.4046,117.9368,0.0000,0.939120,False
cold,3.4710,3.0409,117.9368,-0.0000,0.939124,False
cold,0.5415,-2.6010,117.9368,-0.0000,0.939126,False
hot,-0.8690,-2.8131,117.9368,0.0000,0.939126,False
hot,-1.5200,-2.8131,117.9368,0.0000,0.939130,False
hot,0.5053,-2.9403,117.9368,0.0000,0.939141,False
hot,-0.6158,-2.4313,117.9368,0.0000,0.939152,False
hot,-1.7370,-2.2192,117.9368,0.0000,0.939155,False
hot,2.8923,2.6167,117.9368,0.0000,0.939157,False
cold,3.0008,2.9136,117.9368,-0.0000,0.939168,False
hot,-1.4115,-1.9223,117.9368,0.0000,0.939176,False
cold,2.7838,2.7439,117.9368,-0.0000,0.939178,False
cold,2.6030,3.1257,117.9368,-0.0000,0.939182,False
hot,-1.4115,-2.4737,117.9368,0.0000,0.939185,False
hot,0.3607,-2.9403,117.9368,0.0000,0.939186,False
hot,-1.0498,-2.2616,117.9368,0.0000,0.939208,False
hot,-0.0010,-3.0252,117.9368,0.0000,0.939213,False
cold,-1.0860,-2.7707,117.9368,-0.0000,0.939214,False
cold,3.1816,1.9379,117.9368,-0.0000,0.939219,False
hot,2.8561,2.5742,117.9368,0.0000,0.939222,False
hot,1.1202,-3.0676,117.9368,0.0000,0.939230,False
hot,3.2901,2.9984,117.9368,0.0000,0.939233,False
cold,0.3968,-3.1100,117.9368,-0.0000,0.939238,False
hot,-1.5923,-2.7282,117.9368,0.0000,0.939241,False
hot,0.0713,-2.8979,117.9368,0.0000,0.939242,False
cold,0.7585,-2.7282,117.9368,-0.0000,0.939242,False
cold,0.4330,-3.0676,117.9368,-0.0000,0.939247,False
hot,-1.1583,-2.9403,117.9368,0.0000,0.939248,False
hot,2.8200,2.8712,117.9368,0.0000,0.939249,False
hot,-1.2668,-2.1344,117.9368,0.0000,0.939250,False
hot,-1.1945,-2.8555,117.9368,0.0000,0.939253,False
hot,-1.8455,-1.6253,117.9368,0.0000,0.939254,False
cold,-0.5073,-2.8131,117.9368,-0.0000,0.939258,False
hot,-1.2307,-2.4313,117.9368,0.0000,0.939262,False
hot,-0.0010,-2.5161,117.9368,0.0000,0.939276,False
hot,3.3263,2.5318,117.9368,0.0000,0.939278,False
cold,3.4348,2.2349,117.9368,-0.0000,0.939280,False
cold,3.3986,2.5318,117.9368,-0.0000,0.939285,False
cold,-1.7370,-3.0676,117.9368,-0.0000,0.939287,False
hot,-0.7243,-2.7282,117.9368,0.0000,0.939290,False
cold,3.2901,2.7015,117.9368,-0.0000,0.939290,False
hot,-1.2668,-2.5586,117.9368,0.0000,0.939294,False
hot,2.9646,2.7015,117.9368,0.0000,0.939299,False
hot,0.5415,-2.6858,117.9368,0.0000,0.939302,False
hot,-1.8093,-3.0676,117.9368,0.0000,0.939305,False
cold,-1.4115,-2.8131,117.9368,-0.0000,0.939308,False
hot,-1.5562,-2.8131,117.9368,0.0000,0.939309,False
hot,-0.3627,-3.0252,117.9368,0.0000,0.939324,False
hot,3.1816,1.8531,117.9368,0.0000,0.939330,False
cold,-1.5200,-3.0252,117.9368,-0.0000,0.939336,False
hot,-1.6646,-1.8798,117.9368,0.0000,0.939339,False
cold,1.2648,3.1257,117.9368,-0.0000,0.939340,False
hot,0.0352,-2.8979,117.9368,0.0000,0.939341,False
cold,3.4710,1.8955,117.9368,-0.0000,0.939343,False
cold,-1.2668,-2.4313,117.9368,-0.0000,0.939343,False
hot,-0.4350,-2.7282,117.9368,0.0000,0.939348,False
hot,3.1816,2.4046,117.9368,0.0000,0.939350,False
cold,-1.6646,-2.6434,117.9368,-0.0000,0.939355,False
hot,3.4348,2.2773,117.9368,0.0000,0.939361,False
cold,1.5903,3.1257,117.9368,-0.0000,0.939362,False
hot,0.6862,-2.5586,117.9368,0.0000,0.939369,False
cold,-1.3030,-2.9828,117.9368,-0.0000,0.939373,False
hot,0.6862,-2.6858,117.9368,0.0000,0.939376,False
hot,0.2522,-2.4313,117.9368,0.0000,0.939377,False
cold,-1.8093,-1.7950,117.9368,-0.0000,0.939380,False
cold,-0.6882,-2.8979,117.9368,-0.0000,0.939397,False
hot,2.1690,2.9984,117.9368,0.0000,0.939402,False
cold,2.8923,2.9984,117.9368,-0.0000,0.939407,False
hot,0.5777,-2.4313,117.9368,0.0000,0.939409,False
hot,2.8923,1.9379,117.9368,0.0000,0.939417,False
cold,3.0731,2.1500,117.9368,-0.0000,0.939419,False
hot,0.0352,-2.8131,117.9368,0.0000,0.939427,False
cold,0.5415,-3.1100,117.9368,-0.0000,0.939441,False
hot,-1.7008,-2.3465,117.9368,0.0000,0.939451,False
cold,-1.8093,-2.6434,117.9368,-0.0000,0.939452,False
cold,0.3245,-2.8979,117.9368,-0.0000,0.939455,False
hot,0.8308,-2.7707,117.9368,0.0000,0.939457,False
hot,-1.3392,-3.0252,117.9368,0.0000,0.939460,False
hot,0.8670,-2.7707,117.9368,0.0000,0.939463,False
cold,2.9285,2.9560,117.9368,-0.0000,0.939463,False
hot,-1.7370,-2.3465,117.9368,0.0000,0.939466,False
hot,2.4945,3.0833,117.9368,0.0000,0.939467,False
hot,0.6862,-2.3465,117.9368,0.0000,0.939467,False
hot,-0.7967,-2.5161,117.9368,0.0000,0.939468,False
cold,-0.0010,-2.9828,117.9368,-0.0000,0.939471,False
cold,0.6500,-2.6434,117.9368,-0.0000,0.939473,False
cold,-1.5923,-2.6010,117.9368,-0.0000,0.939479,False
cold,-0.0372,-2.6858,117.9368,-0.0000,0.939479,False
cold,-0.7243,-2.9403,117.9368,-0.0000,0.939485,False
hot,-0.5435,-2.4737,117.9368,0.0000,0.939492,False
cold,3.4710,1.6834,117.9368,-0.0000,0.939500,False
hot,3.4348,1.6834,117.9368,0.0000,0.939502,False
cold,1.6988,3.0409,117.9368,-0.0000,0.939503,False
cold,2.4945,2.9560,117.9368,-0.0000,0.939505,False
cold,2.4583,2.9984,117.9368,-0.0000,0.939506,False
cold,2.8561,3.0409,117.9368,-0.0000,0.939508,False
cold,-0.0010,-2.7707,117.9368,-0.0000,0.939509,False
cold,-1.5562,-3.0252,117.9368,-0.0000,0.939510,False
cold,3.0370,2.3621,117.9368,-0.0000,0.939511,False
hot,-1.3392,-2.1768,117.9368,0.0000,0.939518,False
hot,3.1093,1.9379,117.9368,0.0000,0.939522,False
cold,-0.6520,-2.8555,117.9368,-0.0000,0.939530,False
hot,2.9285,2.1500,117.9368,0.0000,0.939533,False
hot,0.7947,-2.9403,117.9368,0.0000,0.939533,False
cold,0.4692,-2.6434,117.9368,-0.0000,0.939540,False
hot,-1.1222,-2.3465,117.9368,0.0000,0.939547,False
hot,2.8561,2.9136,117.9368,0.0000,0.939547,False
hot,0.2160,-2.9828,117.9368,0.0000,0.939548,False
hot,3.4710,1.5562,117.9368,0.0000,0.939549,False
hot,-0.2903,-2.5586,117.9368,0.0000,0.939553,False
cold,-0.0372,-2.8555,117.9368,-0.0000,0.939555,False
cold,-0.0733,-2.9828,117.9368,-0.0000,0.939555,False
cold,-0.9413,-2.8979,117.9368,-0.0000,0.939561,False
hot,-0.9413,-2.6434,117.9368,0.0000,0.939563,False
cold,3.1093,2.6591,117.9368,-0.0000,0.939565,False
cold,0.1075,-2.9828,117.9368,-0.0000,0.939567,False
cold,3.4348,2.4046,117.9368,-0.0000,0.939568,False
hot,-0.3265,-3.1100,117.9368,0.0000,0.939570,False
cold,3.2178,1.8955,117.9368,-0.0000,0.939573,False
hot,3.4710,1.7258,117.9368,0.0000,0.939579,False
cold,2.8561,2.4470,117.9368,-0.0000,0.939579,False
cold,3.0731,2.5742,117.9368,-0.0000,0.939580,False
hot,-0.1457,-2.9828,117.9368,0.0000,0.939591,False
hot,0.5053,-3.0252,117.9368,0.0000,0.939592,False
cold,2.8923,2.3621,117.9368,-0.0000,0.939593,False
hot,0.3607,-2.8555,117.9368,0.0000,0.939595,False
cold,1.9882,3.1257,117.9368,-0.0000,0.939603,False
hot,-0.5435,-2.6010,117.9368,0.0000,0.939606,False
hot,1.3733,-2.9828,117.9368,0.0000,0.939610,False
hot,-1.7370,-2.3040,117.9368,0.0000,0.939610,False
cold,0.2160,-2.8979,117.9368,-0.0000,0.939614,False
cold,0.2883,-3.0252,117.9368,-0.0000,0.939615,False
hot,0.1437,-3.0252,117.9368,0.0000,0.939615,False
cold,-1.2668,-3.1100,117.9368,-0.0000,0.939629,False
cold,2.7476,2.9560,117.9368,-0.0000,0.939634,False
hot,0.6138,-2.2616,117.9368,0.0000,0.939634,False
cold,-0.1457,-3.0676,117.9368,-0.0000,0.939635,False
hot,3.4348,2.9560,117.9368,0.0000,0.939642,False
hot,-1.1945,-2.7707,117.9368,0.0000,0.939643,False
hot,0.7947,-2.3040,117.9368,0.0000,0.939644,False
cold,-0.2903,-3.1100,117.9368,-0.0000,0.939645,False
hot,3.3986,2.4470,117.9368,0.0000,0.939646,False
cold,3.3625,2.4894,117.9368,-0.0000,0.939648,False
hot,-1.7731,-2.6010,117.9368,0.0000,0.939649,False
hot,-1.0498,-2.7282,117.9368,0.0000,0.939657,False
hot,3.2901,1.9379,117.9368,0.0000,0.939658,False
cold,-0.8328,-2.7282,117.9368,-0.0000,0.939659,False
hot,1.1563,-2.8131,117.9368,0.0000,0.939660,False
cold,0.4330,-2.7707,117.9368,-0.0000,0.939668,False
hot,2.9285,3.0409,117.9368,0.0000,0.939672,False
hot,-1.7370,-1.4132,117.9368,0.0000,0.939675,False
cold,0.9393,-2.8979,117.9368,-0.0000,0.939676,False
hot,3.2178,2.9984,117.9368,0.0000,0.939681,False
hot,-1.7370,-1.5829,117.9368,0.0000,0.939682,False
hot,0.5053,-2.5161,117.9368,0.0000,0.939689,False
hot,2.9646,2.0652,117.9368,0.0000,0.939693,False
hot,3.3986,1.7683,117.9368,0.0000,0.939698,False
hot,-1.7008,-2.2616,117.9368,0.0000,0.939701,False
cold,0.8308,-2.8979,117.9368,-0.0000,0.939710,False
cold,0.5053,-2.6010,117.9368,-0.0000,0.939714,False
cold,-1.1945,-3.1100,117.9368,-0.0000,0.939720,False
hot,3.0370,2.6591,117.9368,0.0000,0.939726,False
cold,2.6030,3.0409,117.9368,-0.0000,0.939730,False
cold,0.9755,-2.8555,117.9368,-0.0000,0.939732,False
hot,-1.1222,-2.5586,117.9368,0.0000,0.939737,False
cold,-1.3753,-3.0676,117.9368,-0.0000,0.939739,False
cold,2.7838,2.4894,117.9368,-0.0000,0.939740,False
hot,2.9646,2.9560,117.9368,0.0000,0.939742,False
cold,0.1075,-3.0676,117.9368,-0.0000,0.939743,False
cold,-1.6285,-2.3889,117.9368,-0.0000,0.939745,False
cold,0.0713,-2.7282,117.9368,-0.0000,0.939746,False
hot,3.3625,1.9804,117.9368,0.0000,0.939750,False
cold,3.2178,2.9984,117.9368,-0.0000,0.939752,False
hot,3.3986,2.8288,117.9368,0.0000,0.939754,False
hot,-0.7243,-2.9828,117.9368,0.0000,0.939757,False
cold,3.1816,2.4894,117.9368,-0.0000,0.939759,False
cold,-0.4712,-3.0252,117.9368,-0.0000,0.939766,False
cold,-1.1583,-2.6010,117.9368,-0.0000,0.939768,False
hot,0.5053,-2.4313,117.9368,0.0000,0.939773,False
cold,3.3625,2.8712,117.9368,-0.0000,0.939782,False
hot,2.4221,2.9136,117.9368,0.0000,0.939786,False
hot,3.0731,2.8712,117.9368,0.0000,0.939788,False
hot,-0.6882,-2.6434,117.9368,0.0000,0.939789,False
hot,3.2540,2.9136,117.9368,0.0000,0.939792,False
hot,0.6862,-2.5161,117.9368,0.0000,0.939793,False
cold,-1.7370,-2.9828,117.9368,-0.0000,0.939795,False
hot,0.3968,-2.7707,117.9368,0.0000,0.939797,False
cold,0.8308,-3.0676,117.9368,-0.0000,0.939800,False
cold,-1.3030,-2.5586,117.9368,-0.0000,0.939801,False
cold,0.3607,-2.6858,117.9368,-0.0000,0.939801,False
cold,-0.4712,-3.1100,117.9368,-0.0000,0.939802,False
hot,2.5668,2.7015,117.9368,0.0000,0.939802,False
hot,-0.0733,-2.5586,117.9368,0.0000,0.939804,False
hot,2.5668,3.1257,117.9368,0.0000,0.939804,False
hot,0.8308,-2.8555,117.9368,0.0000,0.939808,False
cold,-1.4477,-2.6858,117.9368,-0.0000,0.939810,False
cold,-1.1222,-2.5586,117.9368,-0.0000,0.939816,False
hot,2.4221,2.6591,117.9368,0.0000,0.939816,False
cold,-0.2542,-2.9828,117.9368,-0.0000,0.939817,False
hot,-1.8093,-2.1344,117.9368,0.0000,0.939820,False
cold,-0.7967,-3.1100,117.9368,-0.0000,0.939821,False
cold,-1.7370,-1.9223,117.9368,-0.0000,0.939822,False
cold,-1.7731,-1.7526,117.9368,-0.0000,0.939823,False
hot,-0.8690,-2.7707,117.9368,0.0000,0.939826,False
cold,2.9646,2.9984,117.9368,-0.0000,0.939826,False
cold,-0.6520,-2.6434,117.9368,-0.0000,0.939827,False
hot,2.5668,3.0409,117.9368,0.0000,0.939828,False
cold,2.8200,2.4894,117.9368,-0.0000,0.939829,False
cold,3.4710,2.1500,117.9368,-0.0000,0.939830,False
cold,0.5053,-2.6434,117.9368,-0.0000,0.939837,False
hot,1.1925,-2.9403,117.9368,0.0000,0.939837,False
cold,0.6138,-3.0676,117.9368,-0.0000,0.939839,False
hot,2.7115,2.4046,117.9368,0.0000,0.939846,False
hot,3.2901,2.5318,117.9368,0.0000,0.939846,False
hot,0.9393,-3.1100,117.9368,0.0000,0.939849,False
hot,2.7115,2.7439,117.9368,0.0000,0.939853,False
cold,-1.7008,-2.4313,117.9368,-0.0000,0.939855,False
hot,-0.7243,-2.5161,117.9368,0.0000,0.939858,False
cold,3.3986,2.1925,117.9368,-0.0000,0.939860,False
hot,0.7223,-2.3040,117.9368,0.0000,0.939863,False
hot,-0.9775,-2.6010,117.9368,0.0000,0.939864,False
hot,0.2160,-2.5586,117.9368,0.0000,0.939866,False
cold,0.6862,-2.9403,117.9368,-0.0000,0.939866,False
hot,-0.9413,-2.7707,117.9368,0.0000,0.939873,False
hot,2.6753,2.5742,117.9368,0.0000,0.939878,False
cold,3.2178,3.1257,117.9368,-0.0000,0.939879,False
hot,-0.3265,-2.9403,117.9368,0.0000,0.939879,False
cold,0.4692,-2.5161,117.9368,-0.0000,0.939880,False
hot,2.2051,2.9560,117.9368,0.0000,0.939882,False
cold,-0.0733,-2.7707,117.9368,-0.0000,0.939882,False
cold,2.6753,3.0409,117.9368,-0.0000,0.939890,False
hot,-1.4115,-2.8979,117.9368,0.0000,0.939890,False
cold,-1.4477,-2.4313,117.9368,-0.0000,0.939899,False
cold,-1.1583,-2.9403,117.9368,-0.0000,0.939904,False
cold,3.3263,2.5742,117.9368,-0.0000,0.939909,False
cold,-0.2903,-2.8979,117.9368,-0.0000,0.939910,False
hot,2.2775,2.8712,117.9368,0.0000,0.939911,False
hot,2.8923,3.1257,117.9368,0.0000,0.939914,False
hot,-1.2668,-2.8979,117.9368,0.0000,0.939920,False
cold,-1.7731,-3.0252,117.9368,-0.0000,0.939922,False
hot,3.3986,1.9379,117.9368,0.0000,0.939922,False
hot,1.3372,-3.0252,117.9368,0.0000,0.939927,False
cold,0.5415,-2.4737,117.9368,-0.0000,0.939929,False
cold,3.2540,2.2349,117.9368,-0.0000,0.939934,False
cold,0.5053,-2.9828,117.9368,-0.0000,0.939939,False
hot,3.3986,2.7863,117.9368,0.0000,0.939944,False
hot,-0.5797,-2.5161,117.9368,0.0000,0.939948,False
hot,2.1328,3.0833,117.9368,0.0000,0.939948,False
cold,3.3263,2.9984,117.9368,-0.0000,0.939950,False
hot,1.2287,-3.1100,117.9368,0.0000,0.939952,False
hot,-0.6520,-2.7707,117.9368,0.0000,0.939952,False
cold,-1.6285,-2.2616,117.9368,-0.0000,0.939955,False
cold,-0.6158,-2.6858,117.9368,-0.0000,0.939957,False
cold,-1.1945,-2.4737,117.9368,-0.0000,0.939958,False
cold,-1.7370,-2.8131,117.9368,-0.0000,0.939959,False
hot,3.1455,2.4046,117.9368,0.0000,0.939969,False
hot,3.2178,1.8955,117.9368,0.0000,0.939972,False
cold,-0.9775,-2.8555,117.9368,-0.0000,0.939976,False
hot,0.6862,-3.1100,117.9368,0.0000,0.939980,False
hot,3.1093,2.3621,117.9368,0.0000,0.939990,False
cold,3.1816,2.5318,117.9368,-0.0000,0.939994,False
hot,0.6500,-2.8979,117.9368,0.0000,0.939995,False
cold,3.1455,1.9804,117.9368,-0.0000,0.939998,False
hot,2.3136,2.8288,117.9368,0.0000,0.939999,False
hot,0.3607,-2.6434,117.9368,0.0000,0.940004,False
hot,-1.8455,-1.8374,117.9368,0.0000,0.940004,False
cold,0.1437,-3.0676,117.9368,-0.0000,0.940005,False
cold,-0.2180,-2.8979,117.9368,-0.0000,0.940006,False
hot,0.1437,-2.8555,117.9368,0.0000,0.940007,False
cold,-1.3030,-3.1100,117.9368,-0.0000,0.940007,False
hot,0.1075,-3.0676,117.9368,0.0000,0.940008,False
cold,0.7947,-2.9403,117.9368,-0.0000,0.940009,False
hot,0.7585,-2.7282,117.9368,0.0000,0.940011,False
hot,-1.0860,-2.7282,117.9368,0.0000,0.940012,False
cold,-1.8093,-3.1100,117.9368,-0.0000,0.940017,False
hot,3.2901,2.2349,117.9368,0.0000,0.940017,False
hot,-0.3988,-2.6434,117.9368,0.0000,0.940020,False
cold,2.5668,2.9560,117.9368,-0.0000,0.940028,False
cold,-1.5200,-2.1768,117.9368,-0.0000,0.940029,False
cold,3.4348,2.0228,117.9368,-0.0000,0.940032,False
hot,2.2051,2.9136,117.9368,0.0000,0.940032,False
hot,0.5777,-3.0252,117.9368,0.0000,0.940032,False
cold,-0.5073,-2.8555,117.9368,-0.0000,0.940036,False
cold,-0.4712,-3.0676,117.9368,-0.0000,0.940037,False
hot,0.5415,-2.9828,117.9368,0.0000,0.940039,False
cold,-0.0010,-2.7282,117.9368,-0.0000,0.940040,False
cold,0.6138,-2.4737,117.9368,-0.0000,0.940042,False
cold,3.1455,2.3621,117.9368,-0.0000,0.940045,False
hot,2.6030,2.8712,117.9368,0.0000,0.940048,False
hot,-1.2668,-2.5161,117.9368,0.0000,0.940048,False
hot,2.9646,2.2773,117.9368,0.0000,0.940053,False
cold,3.3625,2.9136,117.9368,-0.0000,0.940058,False
cold,-1.3392,-2.3465,117.9368,-0.0000,0.940067,False
hot,2.0605,3.0409,117.9368,0.0000,0.940072,False
hot,-1.2307,-2.5161,117.9368,0.0000,0.940072,False
hot,1.2648,-3.1100,117.9368,0.0000,0.940074,False
hot,-1.8093,-2.2616,117.9368,0.0000,0.940075,False
cold,1.9882,3.0409,117.9368,-0.0000,0.940077,False
cold,-1.1583,-2.4313,117.9368,-0.0000,0.940079,False
cold,-1.6285,-2.1344,117.9368,-0.0000,0.940082,False
hot,-1.6646,-2.4313,117.9368,0.0000,0.940086,False
hot,-0.1818,-2.9828,117.9368,0.0000,0.940088,False
hot,-0.8328,-2.8555,117.9368,0.0000,0.940089,False
hot,2.7115,2.7863,117.9368,0.0000,0.940090,False
hot,2.1690,2.8712,117.9368,0.0000,0.940094,False
cold,0.5415,-2.7707,117.9368,-0.0000,0.940096,False
cold,-1.5200,-2.8979,117.9368,-0.0000,0.940097,False
hot,-0.6520,-2.6434,117.9368,0.0000,0.940098,False
cold,-1.2668,-2.7282,117.9368,-0.0000,0.940103,False
hot,-1.2307,-2.3465,117.9368,0.0000,0.940108,False
cold,1.5180,3.0833,117.9368,-0.0000,0.940114,False
hot,3.3986,2.3621,117.9368,0.0000,0.940117,False
cold,-1.0860,-2.6858,117.9368,-0.0000,0.940123,False
cold,-1.3030,-2.8131,117.9368,-0.0000,0.940127,False
cold,3.3625,2.5318,117.9368,-0.0000,0.940129,False
hot,-1.2307,-2.2616,117.9368,0.0000,0.940130,False
cold,3.1093,2.9136,117.9368,-0.0000,0.940133,False
hot,2.9646,3.0409,117.9368,0.0000,0.940139,False
hot,-1.3753,-2.4313,117.9368,0.0000,0.940141,False
cold,2.1328,3.1257,117.9368,-0.0000,0.940143,False
cold,3.0731,2.2773,117.9368,-0.0000,0.940145,False
hot,0.0352,-2.8555,117.9368,0.0000,0.940146,False
hot,3.2540,2.5318,117.9368,0.0000,0.940146,False
hot,0.7947,-2.7707,117.9368,0.0000,0.940147,False
hot,3.0008,1.8955,117.9368,0.0000,0.940149,False
cold,0.7585,-2.6010,117.9368,-0.0000,0.940158,False
hot,0.6138,-2.3889,117.9368,0.0000,0.940159,False
cold,3.0370,2.1500,117.9368,-0.0000,0.940159,False
hot,-1.7370,-1.6677,117.9368,0.0000,0.940161,False
hot,2.8200,2.2349,117.9368,0.0000,0.940162,False
hot,-0.0733,-2.4737,117.9368,0.0000,0.940163,False
hot,-1.0860,-3.0252,117.9368,0.0000,0.940164,False
cold,-0.6158,-2.8555,117.9368,-0.0000,0.940165,False
cold,2.5306,3.0409,117.9368,-0.0000,0.940166,False
hot,-1.5923,-1.9223,117.9368,0.0000,0.940167,False
hot,3.1455,1.8955,117.9368,0.0000,0.940170,False
hot,-0.3265,-3.0676,117.9368,0.0000,0.940172,False
cold,0.7585,-2.6858,117.9368,-0.0000,0.940172,False
cold,3.2901,2.2773,117.9368,-0.0000,0.940174,False
hot,-1.6646,-3.0676,117.9368,0.0000,0.940177,False
hot,-1.7370,-2.0071,117.9368,0.0000,0.940180,False
cold,3.3986,1.9804,117.9368,-0.0000,0.940181,False
hot,-1.5200,-3.0252,117.9368,0.0000,0.940181,False
hot,3.2540,2.6167,117.9368,0.0000,0.940185,False
cold,3.1455,2.9136,117.9368,-0.0000,0.940186,False
cold,0.1075,-2.8555,117.9368,-0.0000,0.940191,False
hot,3.3986,2.0652,117.9368,0.0000,0.940192,False
cold,2.7476,2.7863,117.9368,-0.0000,0.940192,False
hot,-1.5923,-3.1100,117.9368,0.0000,0.940192,False
hot,0.1075,-2.7282,117.9368,0.0000,0.940195,False
cold,-1.2307,-2.5161,117.9368,-0.0000,0.940197,False
hot,1.0478,-2.8979,117.9368,0.0000,0.940198,False
hot,-1.5562,-2.1768,117.9368,0.0000,0.940199,False
cold,0.2883,-2.7707,117.9368,-0.0000,0.940200,False
hot,3.2540,2.8712,117.9368,0.0000,0.940205,False
hot,-1.3030,-2.3465,117.9368,0.0000,0.940207,False
hot,0.8308,-2.6434,117.9368,0.0000,0.940212,False
cold,-0.2903,-3.0676,117.9368,-0.0000,0.940217,False
cold,-1.7008,-2.0495,117.9368,-0.0000,0.940217,False
hot,0.6500,-2.8555,117.9368,0.0000,0.940217,False
cold,-1.4838,-2.1768,117.9368,-0.0000,0.940219,False
cold,-0.1095,-2.8979,117.9368,-0.0000,0.940220,False
cold,-1.7731,-2.5586,117.9368,-0.0000,0.940222,False
hot,-1.1583,-2.7707,117.9368,0.0000,0.940222,False
hot,-1.5562,-3.0252,117.9368,0.0000,0.940223,False
cold,3.4348,2.6167,117.9368,-0.0000,0.940225,False
hot,2.7115,2.1925,117.9368,0.0000,0.940225,False
hot,-0.9052,-2.7282,117.9368,0.0000,0.940227,False
hot,0.7585,-2.9828,117.9368,0.0000,0.940228,False
hot,-0.7243,-2.8131,117.9368,0.0000,0.940229,False
hot,3.3986,1.9804,117.9368,0.0000,0.940230,False
hot,0.9755,-2.9403,117.9368,0.0000,0.940233,False
cold,2.3860,2.9984,117.9368,-0.0000,0.940235,False
hot,-1.7370,-3.1100,117.9368,0.0000,0.940238,False
cold,-1.8093,-2.2616,117.9368,-0.0000,0.940238,False
hot,0.7947,-2.6010,117.9368,0.0000,0.940242,False
cold,3.2178,2.2349,117.9368,-0.0000,0.940242,False
cold,3.0370,2.1076,117.9368,-0.0000,0.940243,False
hot,-0.9413,-3.0252,117.9368,0.0000,0.940244,False
cold,2.7115,3.0409,117.9368,-0.0000,0.940247,False
hot,-0.4350,-2.8131,117.9368,0.0000,0.940251,False
hot,3.3625,1.6834,117.9368,0.0000,0.940261,False
cold,-1.5562,-2.3040,117.9368,-0.0000,0.940261,False
cold,-0.9413,-2.6010,117.9368,-0.0000,0.940263,False
cold,-1.5562,-2.2616,117.9368,-0.0000,0.940263,False
cold,0.6500,-2.6858,117.9368,-0.0000,0.940263,False
hot,-0.6520,-2.7282,117.9368,0.0000,0.940264,False
hot,0.6138,-2.8555,117.9368,0.0000,0.940264,False
cold,3.1816,2.2349,117.9368,-0.0000,0.940267,False
cold,-1.4477,-2.3465,117.9368,-0.0000,0.940269,False
hot,-0.4712,-2.7282,117.9368,0.0000,0.940274,False
hot,-0.5435,-2.6434,117.9368,0.0000,0.940276,False
cold,3.0370,3.1257,117.9368,-0.0000,0.940277,False
cold,3.2178,2.4894,117.9368,-0.0000,0.940279,False
hot,-1.7008,-1.7526,117.9368,0.0000,0.940283,False
hot,-0.2542,-2.8979,117.9368,0.0000,0.940290,False
cold,-0.1818,-2.9403,117.9368,-0.0000,0.940291,False
cold,3.0008,2.1076,117.9368,-0.0000,0.940295,False
cold,3.4348,1.9379,117.9368,-0.0000,0.940296,False
cold,-1.4115,-2.6434,117.9368,-0.0000,0.940297,False
hot,3.2178,2.1500,117.9368,0.0000,0.940297,False
hot,1.0840,-2.7282,117.9368,0.0000,0.940298,False
hot,3.1093,2.7439,117.9368,0.0000,0.940300,False
hot,-0.8328,-3.0676,117.9368,0.0000,0.940300,False
cold,-1.8093,-1.7526,117.9368,-0.0000,0.940303,False
hot,3.1093,2.9560,117.9368,0.0000,0.940304,False
hot,-0.9775,-2.9403,117.9368,0.0000,0.940306,False
hot,-1.5923,-2.8131,117.9368,0.0000,0.940307,False
cold,3.0008,2.5318,117.9368,-0.0000,0.940307,False
hot,2.7115,2.8288,117.9368,0.0000,0.940308,False
cold,-0.1095,-2.7282,117.9368,-0.0000,0.940313,False
hot,0.4692,-2.4737,117.9368,0.0000,0.940314,False
hot,2.7115,2.9984,117.9368,0.0000,0.940321,False
hot,0.7947,-2.3465,117.9368,0.0000,0.940323,False
cold,2.9646,2.6167,117.9368,-0.0000,0.940326,False
hot,-1.3753,-2.8555,117.9368,0.0000,0.940327,False
hot,3.4710,2.3197,117.9368,0.0000,0.940328,False
hot,-1.8455,-2.0919,117.9368,0.0000,0.940330,False
hot,-1.8093,-2.8131,117.9368,0.0000,0.940330,False
hot,2.8923,2.4046,117.9368,0.0000,0.940331,False
cold,2.7838,2.6167,117.9368,-0.0000,0.940332,False
hot,-0.4712,-2.8131,117.9368,0.0000,0.940338,False
hot,-0.5073,-2.4737,117.9368,0.0000,0.940340,False
hot,2.9646,1.9379,117.9368,0.0000,0.940348,False
cold,3.3625,2.9984,117.9368,-0.0000,0.940348,False
hot,-1.7731,-2.3040,117.9368,0.0000,0.940350,False
hot,2.2051,2.9984,117.9368,0.0000,0.940352,False
hot,-1.0137,-2.6434,117.9368,0.0000,0.940353,False
cold,0.6138,-2.5161,117.9368,-0.0000,0.940359,False
hot,2.7838,2.6167,117.9368,0.0000,0.940360,False
hot,2.7838,2.1076,117.9368,0.0000,0.940360,False
hot,3.2540,2.4470,117.9368,0.0000,0.940361,False
hot,3.2540,2.5742,117.9368,0.0000,0.940362,False
cold,-0.9775,-2.8979,117.9368,-0.0000,0.940365,False
hot,-1.8093,-2.6010,117.9368,0.0000,0.940369,False
hot,-0.8328,-2.5586,117.9368,0.0000,0.940370,False
cold,0.6862,-2.8555,117.9368,-0.0000,0.940372,False
hot,2.4945,2.8288,117.9368,0.0000,0.940373,False
cold,3.4710,2.5742,117.9368,-0.0000,0.940375,False
hot,2.6391,2.9560,117.9368,0.0000,0.940377,False
cold,-0.2180,-2.9828,117.9368,-0.0000,0.940378,False
cold,-0.6520,-3.0676,117.9368,-0.0000,0.940382,False
cold,3.3263,2.6167,117.9368,-0.0000,0.940385,False
cold,1.6988,3.0833,117.9368,-0.0000,0.940389,False
cold,2.9646,2.9560,117.9368,-0.0000,0.940391,False
hot,-0.9775,-3.1100,117.9368,0.0000,0.940393,False
hot,-0.7605,-2.5586,117.9368,0.0000,0.940393,False
hot,3.3625,2.8288,117.9368,0.0000,0.940393,False
hot,0.1798,-3.0676,117.9368,0.0000,0.940394,False
hot,-1.7008,-2.3040,117.9368,0.0000,0.940394,False
cold,-1.7731,-2.2616,117.9368,-0.0000,0.940396,False
hot,1.1202,-2.7707,117.9368,0.0000,0.940399,False
hot,3.2540,2.7015,117.9368,0.0000,0.940400,False
hot,3.3263,2.0652,117.9368,0.0000,0.940401,False
cold,3.0370,2.2773,117.9368,-0.0000,0.940402,False
hot,2.5306,2.7863,117.9368,0.0000,0.940405,False
cold,3.4710,3.1257,117.9368,-0.0000,0.940406,False
hot,3.2540,2.9984,117.9368,0.0000,0.940408,False
cold,-1.1583,-2.5161,117.9368,-0.0000,0.940409,False
cold,0.7585,-2.8979,117.9368,-0.0000,0.940410,False
cold,3.1093,1.9804,117.9368,-0.0000,0.940410,False
cold,0.5415,-3.0676,117.9368,-0.0000,0.940416,False
cold,2.3136,3.0409,117.9368,-0.0000,0.940418,False
hot,-0.8328,-2.7707,117.9368,0.0000,0.940418,False
hot,3.3625,2.3621,117.9368,0.0000,0.940419,False
cold,-1.3030,-2.4737,117.9368,-0.0000,0.940419,False
cold,0.1437,-2.7282,117.9368,-0.0000,0.940419,False
hot,0.9755,-2.6010,117.9368,0.0000,0.940419,False
hot,2.7115,3.1257,117.9368,0.0000,0.940422,False
hot,3.1455,2.1076,117.9368,0.0000,0.940423,False
cold,0.3607,-3.0676,117.9368,-0.0000,0.940427,False
cold,0.1437,-3.1100,117.9368,-0.0000,0.940427,False
cold,-1.8455,-1.7526,117.9368,-0.0000,0.940431,False
cold,-1.3392,-2.7707,117.9368,-0.0000,0.940432,False
hot,-1.3392,-3.0676,117.9368,0.0000,0.940434,False
hot,-1.7370,-1.4981,117.9368,0.0000,0.940438,False
cold,-1.6646,-1.9647,117.9368,-0.0000,0.940440,False
hot,2.9646,2.4894,117.9368,0.0000,0.940453,False
hot,-1.2307,-2.4737,117.9368,0.0000,0.940454,False
hot,2.9285,2.7863,117.9368,0.0000,0.940455,False
cold,2.3498,3.0409,117.9368,-0.0000,0.940457,False
hot,-1.7731,-3.1100,117.9368,0.0000,0.940458,False
hot,3.1093,2.2349,117.9368,0.0000,0.940459,False
hot,-1.0137,-2.4737,117.9368,0.0000,0.940459,False
cold,-1.7370,-3.0252,117.9368,-0.0000,0.940459,False
cold,3.2901,1.9804,117.9368,-0.0000,0.940461,False
cold,-1.5923,-2.3465,117.9368,-0.0000,0.940461,False
cold,1.6265,3.1257,117.9368,-0.0000,0.940466,False
hot,3.4710,2.5318,117.9368,0.0000,0.940466,False
cold,-1.7008,-2.6010,117.9368,-0.0000,0.940469,False
hot,-0.9413,-2.3889,117.9368,0.0000,0.940469,False
hot,-1.2307,-2.8131,117.9368,0.0000,0.940473,False
hot,2.3498,2.8712,117.9368,0.0000,0.940473,False
hot,2.9285,2.4470,117.9368,0.0000,0.940473,False
cold,-1.6285,-2.2192,117.9368,-0.0000,0.940482,False
cold,-1.3030,-2.4313,117.9368,-0.0000,0.940484,False
hot,3.0731,1.7683,117.9368,0.0000,0.940485,False
hot,-0.2180,-2.7707,117.9368,0.0000,0.940485,False
hot,-0.0372,-2.8131,117.9368,0.0000,0.940485,False
hot,-0.9052,-2.7707,117.9368,0.0000,0.940487,False
cold,-1.1945,-2.6434,117.9368,-0.0000,0.940489,False
cold,-1.1222,-3.0676,117.9368,-0.0000,0.940489,False
hot,0.5777,-3.1100,117.9368,0.0000,0.940490,False
hot,-1.4838,-2.8555,117.9368,0.0000,0.940491,False
hot,-1.7008,-1.8798,117.9368,0.0000,0.940493,False
hot,3.3986,2.1076,117.9368,0.0000,0.940501,False
hot,2.8200,2.9984,117.9368,0.0000,0.940501,False
hot,2.6753,2.6591,117.9368,0.0000,0.940501,False
hot,0.3968,-2.6010,117.9368,0.0000,0.940504,False
hot,2.8561,2.2773,117.9368,0.0000,0.940504,False
hot,2.7115,2.5318,117.9368,0.0000,0.940504,False
hot,3.1455,2.5318,117.9368,0.0000,0.940505,False
cold,-1.4115,-2.9403,117.9368,-0.0000,0.940510,False
hot,2.6753,2.3197,117.9368,0.0000,0.940510,False
cold,3.1816,2.0652,117.9368,-0.0000,0.940512,False
hot,0.3245,-2.8131,117.9368,0.0000,0.940514,False
cold,3.2901,2.0652,117.9368,-0.0000,0.940515,False
hot,-0.6158,-2.6858,117.9368,0.0000,0.940516,False
hot,-1.5923,-2.2616,117.9368,0.0000,0.940517,False
cold,0.5415,-2.8131,117.9368,-0.0000,0.940520,False
cold,3.2540,2.0228,117.9368,-0.0000,0.940522,False
cold,3.0008,2.7863,117.9368,-0.0000,0.940522,False
hot,-1.0498,-2.4313,117.9368,0.0000,0.940524,False
cold,3.0370,3.0833,117.9368,-0.0000,0.940526,False
hot,-0.7605,-2.9828,117.9368,0.0000,0.940527,False
hot,0.7947,-2.8979,117.9368,0.0000,0.940533,False
cold,-0.6882,-3.1100,117.9368,-0.0000,0.940534,False
hot,-1.1222,-2.4313,117.9368,0.0000,0.940536,False
hot,2.6753,2.4894,117.9368,0.0000,0.940536,False
cold,3.4348,2.9560,117.9368,-0.0000,0.940540,False
hot,-0.1457,-3.0252,117.9368,0.0000,0.940540,False
hot,0.4692,-2.8555,117.9368,0.0000,0.940541,False
hot,-1.3392,-2.8131,117.9368,0.0000,0.940542,False
hot,-0.9413,-2.3465,117.9368,0.0000,0.940542,False
hot,0.9032,-2.6434,117.9368,0.0000,0.940543,False
hot,-0.2180,-2.7282,117.9368,0.0000,0.940545,False
hot,-0.6520,-2.4313,117.9368,0.0000,0.940547,False
hot,-0.1818,-2.5161,117.9368,0.0000,0.940547,False
hot,-0.1818,-2.8131,117.9368,0.0000,0.940551,False
hot,3.0731,1.8107,117.9368,0.0000,0.940554,False
cold,2.9646,2.3197,117.9368,-0.0000,0.940554,False
cold,-1.4477,-3.0676,117.9368,-0.0000,0.940556,False
cold,2.8923,2.2773,117.9368,-0.0000,0.940560,False
hot,2.9646,2.4046,117.9368,0.0000,0.940560,False
hot,0.0713,-3.1100,117.9368,0.0000,0.940561,False
cold,-1.1222,-2.8131,117.9368,-0.0000,0.940563,False
cold,2.6030,2.7439,117.9368,-0.0000,0.940565,False
cold,0.8308,-2.7707,117.9368,-0.0000,0.940566,False
hot,-1.4477,-2.0071,117.9368,0.0000,0.940568,False
hot,0.4692,-2.5161,117.9368,0.0000,0.940569,False
cold,-1.0498,-2.8131,117.9368,-0.0000,0.940569,False
hot,-1.3030,-2.1344,117.9368,0.0000,0.940571,False
hot,0.3968,-2.5161,117.9368,0.0000,0.940573,False
cold,3.0731,2.5318,117.9368,-0.0000,0.940574,False
hot,-1.6285,-3.0252,117.9368,0.0000,0.940574,False
hot,2.0605,2.9560,117.9368,0.0000,0.940578,False
cold,-1.7731,-2.7282,117.9368,-0.0000,0.940578,False
hot,2.8200,2.9560,117.9368,0.0000,0.940579,False
cold,2.9285,2.9984,117.9368,-0.0000,0.940579,False
cold,-1.5200,-2.2616,117.9368,-0.0000,0.940582,False
hot,0.9032,-3.0252,117.9368,0.0000,0.940584,False
cold,0.2522,-3.1100,117.9368,-0.0000,0.940585,False
cold,2.9646,2.8712,117.9368,-0.0000,0.940585,False
hot,-0.4350,-2.4737,117.9368,0.0000,0.940585,False
hot,3.2901,3.0409,117.9368,0.0000,0.940586,False
cold,0.9393,-3.0676,117.9368,-0.0000,0.940586,False
cold,3.2178,2.5318,117.9368,-0.0000,0.940588,False
hot,2.6030,3.1257,117.9368,0.0000,0.940592,False
hot,3.1455,1.7683,117.9368,0.0000,0.940592,False
hot,-1.6285,-2.9403,117.9368,0.0000,0.940595,False
cold,-1.0860,-3.1100,117.9368,-0.0000,0.940596,False
cold,3.3986,2.1500,117.9368,-0.0000,0.940597,False
hot,3.4348,1.5137,117.9368,0.0000,0.940598,False
cold,-0.4350,-3.0676,117.9368,-0.0000,0.940600,False
hot,0.8670,-2.8131,117.9368,0.0000,0.940602,False
cold,-1.0860,-2.9403,117.9368,-0.0000,0.940603,False
hot,-1.3753,-2.0495,117.9368,0.0000,0.940604,False
cold,2.2051,3.0409,117.9368,-0.0000,0.940604,False
cold,3.2901,2.1500,117.9368,-0.0000,0.940610,False
hot,-1.7731,-2.6858,117.9368,0.0000,0.940610,False
hot,-1.5562,-2.6434,117.9368,0.0000,0.940611,False
hot,2.6391,3.1257,117.9368,0.0000,0.940613,False
hot,-1.0137,-2.8131,117.9368,0.0000,0.940614,False
hot,-1.3753,-2.2192,117.9368,0.0000,0.940620,False
cold,-1.8093,-2.1768,117.9368,-0.0000,0.940620,False
hot,-0.8328,-2.5161,117.9368,0.0000,0.940620,False
hot,0.2883,-2.9403,117.9368,0.0000,0.940624,False
hot,0.4692,-2.5586,117.9368,0.0000,0.940627,False
hot,0.8308,-2.8131,117.9368,0.0000,0.940630,False
hot,-0.5073,-3.0676,117.9368,0.0000,0.940632,False
cold,-1.4115,-2.3889,117.9368,-0.0000,0.940632,False
hot,2.0605,3.1257,117.9368,0.0000,0.940633,False
hot,-1.4115,-3.0252,117.9368,0.0000,0.940634,False
hot,-0.2180,-2.5586,117.9368,0.0000,0.940635,False
cold,-0.9413,-2.7282,117.9368,-0.0000,0.940637,False
hot,3.0731,2.3197,117.9368,0.0000,0.940638,False
hot,2.8200,3.0409,117.9368,0.0000,0.940643,False
hot,1.0478,-2.6858,117.9368,0.0000,0.940645,False
cold,-0.3627,-2.8555,117.9368,-0.0000,0.940645,False
cold,-1.8455,-1.7102,117.9368,-0.0000,0.940645,False
hot,-0.8690,-2.6858,117.9368,0.0000,0.940649,False
hot,-1.7008,-2.2192,117.9368,0.0000,0.940650,False
cold,-1.1583,-3.0252,117.9368,-0.0000,0.940650,False
hot,0.7947,-2.5586,117.9368,0.0000,0.940651,False
hot,2.7838,2.4894,117.9368,0.0000,0.940652,False
hot,0.9393,-2.9828,117.9368,0.0000,0.940655,False
hot,-1.3030,-2.9828,117.9368,0.0000,0.940655,False
hot,3.1455,3.1257,117.9368,0.0000,0.940657,False
cold,2.5668,2.9136,117.9368,-0.0000,0.940659,False
cold,-1.5200,-2.5586,117.9368,-0.0000,0.940659,False
cold,3.4348,1.6834,117.9368,-0.0000,0.940660,False
hot,2.6391,2.7439,117.9368,0.0000,0.940662,False
hot,2.1328,2.8288,117.9368,0.0000,0.940663,False
hot,-1.5562,-3.0676,117.9368,0.0000,0.940664,False
cold,-0.7605,-2.9403,117.9368,-0.0000,0.940665,False
cold,-0.7967,-2.8979,117.9368,-0.0000,0.940666,False
hot,-1.1583,-3.0676,117.9368,0.0000,0.940672,False
cold,-1.5562,-2.9828,117.9368,-0.0000,0.940675,False
hot,0.3607,-2.5586,117.9368,0.0000,0.940676,False
hot,-0.2542,-2.8131,117.9368,0.0000,0.940677,False
hot,-1.3392,-2.6434,117.9368,0.0000,0.940679,False
hot,-0.7967,-2.6858,117.9368,0.0000,0.940679,False
cold,-1.5923,-3.1100,117.9368,-0.0000,0.940680,False
cold,-0.2180,-2.8131,117.9368,-0.0000,0.940681,False
cold,1.0478,-2.9403,117.9368,-0.0000,0.940684,False
cold,3.3263,2.7439,117.9368,-0.0000,0.940685,False
hot,2.7838,2.0652,117.9368,0.0000,0.940685,False
cold,-0.6520,-2.7282,117.9368,-0.0000,0.940690,False
hot,0.0352,-2.6010,117.9368,0.0000,0.940691,False
cold,3.0731,2.9136,117.9368,-0.0000,0.940692,False
cold,3.2178,2.9136,117.9368,-0.0000,0.940693,False
cold,-0.5073,-2.9828,117.9368,-0.0000,0.940693,False
cold,-0.2542,-2.7707,117.9368,-0.0000,0.940695,False
cold,-1.4838,-2.7282,117.9368,-0.0000,0.940696,False
hot,0.9755,-2.6434,117.9368,0.0000,0.940696,False
cold,3.4710,2.8712,117.9368,-0.0000,0.940697,False
hot,0.6500,-2.8131,117.9368,0.0000,0.940697,False
hot,3.2178,2.7863,117.9368,0.0000,0.940699,False
cold,-0.9775,-2.9828,117.9368,-0.0000,0.940701,False
cold,3.4348,1.8531,117.9368,-0.0000,0.940701,False
cold,3.2901,2.2349,117.9368,-0.0000,0.940701,False
hot,0.1075,-2.8555,117.9368,0.0000,0.940703,False
cold,2.4945,3.1257,117.9368,-0.0000,0.940704,False
hot,0.4692,-2.8979,117.9368,0.0000,0.940704,False
hot,-0.9413,-2.8131,117.9368,0.0000,0.940705,False
hot,-0.3627,-2.7707,117.9368,0.0000,0.940706,False
hot,0.6862,-2.6434,117.9368,0.0000,0.940709,False
hot,0.2522,-3.1100,117.9368,0.0000,0.940709,False
hot,2.7115,2.3197,117.9368,0.0000,0.940710,False
cold,-1.4115,-2.9828,117.9368,-0.0000,0.940712,False
hot,2.4945,2.9560,117.9368,0.0000,0.940713,False
cold,-0.1457,-2.7707,117.9368,-0.0000,0.940713,False
hot,3.1093,2.4046,117.9368,0.0000,0.940715,False
hot,-1.1583,-2.8555,117.9368,0.0000,0.940715,False
hot,-1.5923,-2.7707,117.9368,0.0000,0.940717,False
hot,-1.4477,-2.3889,117.9368,0.0000,0.940719,False
hot,2.1328,2.9560,117.9368,0.0000,0.940721,False
cold,0.7585,-2.9828,117.9368,-0.0000,0.940723,False
cold,-1.4115,-2.7707,117.9368,-0.0000,0.940723,False
cold,-1.7008,-2.2192,117.9368,-0.0000,0.940723,False
cold,0.2160,-2.7707,117.9368,-0.0000,0.940725,False
hot,2.8200,2.0228,117.9368,0.0000,0.940727,False
cold,-1.4838,-2.5586,117.9368,-0.0000,0.940727,False
cold,-1.8455,-0.9466,117.9368,-0.0000,0.940730,False
cold,-1.1583,-2.7282,117.9368,-0.0000,0.940731,False
hot,-1.5562,-1.7526,117.9368,0.0000,0.940732,False
hot,-0.0733,-2.8555,117.9368,0.0000,0.940734,False
hot,3.2901,1.7683,117.9368,0.0000,0.940735,False
cold,1.9158,2.9984,117.9368,-0.0000,0.940735,False
cold,3.1455,2.4046,117.9368,-0.0000,0.940736,False
cold,-1.4477,-2.5586,117.9368,-0.0000,0.940737,False
cold,-1.4838,-2.4313,117.9368,-0.0000,0.940741,False
hot,3.3625,3.0833,117.9368,0.0000,0.940746,False
hot,-0.4350,-2.6858,117.9368,0.0000,0.940747,False
cold,3.1816,2.1500,117.9368,-0.0000,0.940748,False
hot,2.7838,2.9136,117.9368,0.0000,0.940751,False
cold,0.5777,-2.7707,117.9368,-0.0000,0.940754,False
hot,-1.0137,-2.8555,117.9368,0.0000,0.940755,False
hot,0.5415,-2.7282,117.9368,0.0000,0.940755,False
cold,2.8923,2.6591,117.9368,-0.0000,0.940757,False
cold,-0.1457,-2.8131,117.9368,-0.0000,0.940759,False
cold,-1.7731,-1.8374,117.9368,-0.0000,0.940761,False
hot,-0.5073,-2.6434,117.9368,0.0000,0.940762,False
hot,3.3986,1.5986,117.9368,0.0000,0.940766,False
hot,0.2522,-2.6434,117.9368,0.0000,0.940767,False
cold,-0.9413,-2.9403,117.9368,-0.0000,0.940768,False
hot,2.6753,3.0409,117.9368,0.0000,0.940769,False
hot,0.5415,-2.2616,117.9368,0.0000,0.940771,False
hot,-0.4712,-3.1100,117.9368,0.0000,0.940773,False
cold,-1.4838,-2.9828,117.9368,-0.0000,0.940774,False
hot,3.2178,2.3197,117.9368,0.0000,0.940774,False
cold,3.4348,2.1076,117.9368,-0.0000,0.940775,False
hot,-1.5200,-1.8374,117.9368,0.0000,0.940776,False
hot,0.1075,-2.8979,117.9368,0.0000,0.940778,False
hot,-1.7008,-2.0919,117.9368,0.0000,0.940780,False
hot,-1.5562,-2.9403,117.9368,0.0000,0.940782,False
cold,3.3625,2.4046,117.9368,-0.0000,0.940783,False
hot,3.1455,2.9136,117.9368,0.0000,0.940783,False
hot,2.7476,2.2349,117.9368,0.0000,0.940784,False
hot,2.4583,2.7015,117.9368,0.0000,0.940785,False
hot,1.0117,-2.8131,117.9368,0.0000,0.940786,False
hot,-1.0860,-2.8555,117.9368,0.0000,0.940787,False
cold,-0.9052,-2.6858,117.9368,-0.0000,0.940787,False
hot,1.1563,-3.0252,117.9368,0.0000,0.940788,False
hot,-0.0733,-2.9828,117.9368,0.0000,0.940788,False
cold,-1.4115,-2.6010,117.9368,-0.0000,0.940789,False
hot,0.5415,-3.0252,117.9368,0.0000,0.940792,False
hot,-1.1222,-2.5161,117.9368,0.0000,0.940792,False
hot,0.6500,-2.3465,117.9368,0.0000,0.940793,False
cold,-1.1222,-2.7707,117.9368,-0.0000,0.940793,False
cold,3.4348,2.1925,117.9368,-0.0000,0.940794,False
hot,3.2901,2.0652,117.9368,0.0000,0.940801,False
hot,-1.1945,-2.6010,117.9368,0.0000,0.940802,False
cold,-0.8690,-3.0252,117.9368,-0.0000,0.940802,False
hot,-1.5923,-2.0071,117.9368,0.0000,0.940803,False
cold,-1.6285,-2.0919,117.9368,-0.0000,0.940806,False
hot,3.3625,1.5986,117.9368,0.0000,0.940808,False
cold,-0.1095,-3.1100,117.9368,-0.0000,0.940808,False
hot,-0.2542,-2.9828,117.9368,0.0000,0.940808,False
cold,0.3607,-2.7707,117.9368,-0.0000,0.940808,False
cold,-1.5923,-2.6434,117.9368,-0.0000,0.940809,False
hot,-1.7370,-2.8979,117.9368,0.0000,0.940810,False
cold,-1.5923,-2.7707,117.9368,-0.0000,0.940811,False
cold,-1.1222,-2.9403,117.9368,-0.0000,0.940813,False
cold,-1.8455,-1.6253,117.9368,-0.0000,0.940814,False
cold,0.2883,-2.7282,117.9368,-0.0000,0.940815,False
hot,2.9646,3.1257,117.9368,0.0000,0.940816,False
hot,-1.5200,-1.8798,117.9368,0.0000,0.940817,False
hot,-1.3030,-2.5161,117.9368,0.0000,0.940819,False
hot,0.5777,-2.7707,117.9368,0.0000,0.940819,False
cold,-0.2903,-2.8555,117.9368,-0.0000,0.940821,False
cold,-1.8455,-2.5161,117.9368,-0.0000,0.940822,False
cold,1.0478,-2.9828,117.9368,-0.0000,0.940825,False
hot,0.9393,-2.6434,117.9368,0.0000,0.940831,False
cold,-0.0733,-2.7282,117.9368,-0.0000,0.940833,False
hot,0.5777,-2.5161,117.9368,0.0000,0.940836,False
cold,2.8200,3.0409,117.9368,-0.0000,0.940838,False
hot,2.9285,2.9136,117.9368,0.0000,0.940839,False
hot,3.4710,1.5137,117.9368,0.0000,0.940842,False
cold,-1.5562,-2.1768,117.9368,-0.0000,0.940843,False
cold,-0.1818,-3.0252,117.9368,-0.0000,0.940844,False
hot,-0.0372,-2.6434,117.9368,0.0000,0.940844,False
cold,-1.7731,-2.5161,117.9368,-0.0000,0.940845,False
hot,2.7838,2.4470,117.9368,0.0000,0.940846,False
hot,3.1093,2.7015,117.9368,0.0000,0.940847,False
hot,3.2178,1.8107,117.9368,0.0000,0.940849,False
cold,-1.5562,-2.2192,117.9368,-0.0000,0.940851,False
hot,-1.5923,-2.3465,117.9368,0.0000,0.940852,False
cold,-0.1457,-3.0252,117.9368,-0.0000,0.940852,False
hot,-1.0860,-2.5586,117.9368,0.0000,0.940853,False
hot,-0.5797,-2.7282,117.9368,0.0000,0.940856,False
cold,3.3625,2.6167,117.9368,-0.0000,0.940856,False
cold,-1.3392,-2.6010,117.9368,-0.0000,0.940858,False
hot,2.3136,3.0833,117.9368,0.0000,0.940859,False
cold,-1.1222,-2.8979,117.9368,-0.0000,0.940861,False
cold,-1.7008,-2.6858,117.9368,-0.0000,0.940862,False
cold,2.5306,3.0833,117.9368,-0.0000,0.940862,False
hot,-1.1222,-3.0252,117.9368,0.0000,0.940864,False
hot,3.4348,1.8107,117.9368,0.0000,0.940864,False
hot,-1.5562,-2.4737,117.9368,0.0000,0.940865,False
hot,-1.7008,-2.1768,117.9368,0.0000,0.940866,False
hot,3.3986,1.5137,117.9368,0.0000,0.940866,False
cold,-0.5073,-2.7707,117.9368,-0.0000,0.940867,False
hot,1.1563,-2.8555,117.9368,0.0000,0.940867,False
cold,2.7476,2.7015,117.9368,-0.0000,0.940868,False
hot,0.8308,-2.3889,117.9368,0.0000,0.940869,False
hot,2.8561,2.7015,117.9368,0.0000,0.940870,False
cold,-1.4477,-3.1100,117.9368,-0.0000,0.940871,False
hot,2.3136,3.0409,117.9368,0.0000,0.940872,False
hot,-0.0372,-2.5586,117.9368,0.0000,0.940872,False
hot,0.7947,-2.7282,117.9368,0.0000,0.940875,False
cold,2.7838,2.7015,117.9368,-0.0000,0.940880,False
hot,-1.4477,-1.9647,117.9368,0.0000,0.940880,False
hot,3.3625,1.6410,117.9368,0.0000,0.940880,False
cold,-1.4477,-2.2192,117.9368,-0.0000,0.940882,False
cold,-1.6646,-2.8555,117.9368,-0.0000,0.940882,False
cold,-1.5200,-2.9403,117.9368,-0.0000,0.940883,False
hot,0.5777,-2.8555,117.9368,0.0000,0.940886,False
hot,0.9032,-2.8131,117.9368,0.0000,0.940886,False
cold,3.1816,2.9984,117.9368,-0.0000,0.940886,False
hot,3.0008,3.1257,117.9368,0.0000,0.940886,False
hot,2.2413,3.0409,117.9368,0.0000,0.940887,False
hot,-1.8093,-1.9647,117.9368,0.0000,0.940887,False
hot,-0.1095,-2.8979,117.9368,0.0000,0.940889,False
cold,-1.7370,-2.8555,117.9368,-0.0000,0.940891,False
hot,3.1816,2.4470,117.9368,0.0000,0.940892,False
cold,3.2540,2.9136,117.9368,-0.0000,0.940894,False
hot,2.9285,1.8531,117.9368,0.0000,0.940894,False
cold,-0.3265,-2.7282,117.9368,-0.0000,0.940895,False
hot,-0.2903,-3.0252,117.9368,0.0000,0.940895,False
hot,-1.7008,-2.0495,117.9368,0.0000,0.940897,False
cold,-0.4350,-2.7282,117.9368,-0.0000,0.940899,False
hot,-1.5562,-1.9223,117.9368,0.0000,0.940900,False
hot,-1.3753,-2.2616,117.9368,0.0000,0.940900,False
hot,3.4348,2.0652,117.9368,0.0000,0.940901,False
hot,-0.2180,-2.8979,117.9368,0.0000,0.940901,False
hot,-0.6882,-2.7282,117.9368,0.0000,0.940905,False
hot,0.8308,-3.1100,117.9368,0.0000,0.940906,False
hot,2.6391,2.4046,117.9368,0.0000,0.940909,False
hot,-1.8455,-2.5161,117.9368,0.0000,0.940909,False
cold,-1.7008,-2.8555,117.9368,-0.0000,0.940910,False
hot,0.9393,-2.7282,117.9368,0.0000,0.940911,False
hot,-0.3627,-3.0676,117.9368,0.0000,0.940911,False
cold,3.1093,2.1076,117.9368,-0.0000,0.940911,False
hot,1.2287,-3.0252,117.9368,0.0000,0.940912,False
hot,-1.2307,-2.7707,117.9368,0.0000,0.940913,False
cold,0.4330,-2.5586,117.9368,-0.0000,0.940914,False
cold,3.0731,3.0409,117.9368,-0.0000,0.940915,False
cold,-1.4477,-2.6434,117.9368,-0.0000,0.940915,False
hot,0.7947,-2.4313,117.9368,0.0000,0.940916,False
hot,3.0008,2.7439,117.9368,0.0000,0.940918,False
cold,2.9646,2.1076,117.9368,-0.0000,0.940919,False
hot,-1.0498,-2.3465,117.9368,0.0000,0.940919,False
hot,3.4710,1.6410,117.9368,0.0000,0.940925,False
hot,3.0008,2.1076,117.9368,0.0000,0.940926,False
cold,-1.3030,-3.0676,117.9368,-0.0000,0.940929,False
cold,0.6138,-2.9403,117.9368,-0.0000,0.940929,False
hot,3.2178,1.9804,117.9368,0.0000,0.940932,False
hot,2.8200,2.6591,117.9368,0.0000,0.940932,False
cold,-1.3030,-2.6858,117.9368,-0.0000,0.940933,False
cold,3.4348,1.8955,117.9368,-0.0000,0.940933,False
cold,3.2540,2.8712,117.9368,-0.0000,0.940934,False
hot,3.3625,2.2773,117.9368,0.0000,0.940936,False
cold,-1.7370,-2.0071,117.9368,-0.0000,0.940938,False
cold,0.4692,-2.7282,117.9368,-0.0000,0.940938,False
cold,0.4330,-2.8979,117.9368,-0.0000,0.940939,False
hot,0.9032,-2.9403,117.9368,0.0000,0.940939,False
hot,3.2901,2.4046,117.9368,0.0000,0.940941,False
hot,3.4348,2.1076,117.9368,0.0000,0.940941,False
cold,-0.7967,-2.7282,117.9368,-0.0000,0.940942,False
hot,-0.5435,-2.8979,117.9368,0.0000,0.940945,False
hot,3.3986,2.6167,117.9368,0.0000,0.940945,False
cold,-1.5923,-2.4737,117.9368,-0.0000,0.940945,False
cold,3.2178,3.0833,117.9368,-0.0000,0.940945,False
hot,0.0352,-2.7707,117.9368,0.0000,0.940946,False
hot,0.7585,-2.8979,117.9368,0.0000,0.940947,False
cold,-1.4838,-3.1100,117.9368,-0.0000,0.940948,False
hot,-0.7605,-2.9403,117.9368,0.0000,0.940949,False
cold,3.2178,2.0228,117.9368,-0.0000,0.940950,False
hot,0.3245,-2.5586,117.9368,0.0000,0.940953,False
hot,-1.4115,-2.2616,117.9368,0.0000,0.940955,False
cold,-1.1945,-2.7707,117.9368,-0.0000,0.940955,False
hot,3.3263,2.3197,117.9368,0.0000,0.940955,False
cold,-1.3030,-2.7707,117.9368,-0.0000,0.940958,False
cold,3.2901,2.5318,117.9368,-0.0000,0.940958,False
hot,-1.3392,-2.7282,117.9368,0.0000,0.940959,False
cold,-1.7370,-2.2192,117.9368,-0.0000,0.940963,False
hot,-1.8093,-2.6434,117.9368,0.0000,0.940964,False
hot,-1.7731,-2.9403,117.9368,0.0000,0.940967,False
hot,-0.2903,-2.6434,117.9368,0.0000,0.940967,False
cold,-0.9413,-2.9828,117.9368,-0.0000,0.940967,False
hot,2.5668,2.7439,117.9368,0.0000,0.940967,False
cold,-1.1945,-2.9403,117.9368,-0.0000,0.940968,False
hot,2.6030,2.6167,117.9368,0.0000,0.940969,False
hot,-0.2180,-2.8131,117.9368,0.0000,0.940970,False
cold,3.3625,3.0833,117.9368,-0.0000,0.940971,False
hot,3.4348,2.7015,117.9368,0.0000,0.940972,False
hot,-1.4115,-2.6858,117.9368,0.0000,0.940972,False
cold,-0.9775,-2.7282,117.9368,-0.0000,0.940973,False
cold,0.6862,-2.4737,117.9368,-0.0000,0.940975,False
hot,-0.0010,-2.6010,117.9368,0.0000,0.940975,False
hot,2.9285,2.0228,117.9368,0.0000,0.940977,False
hot,-0.0733,-2.6434,117.9368,0.0000,0.940978,False
hot,0.6500,-3.0676,117.9368,0.0000,0.940979,False
cold,-1.7370,-2.4737,117.9368,-0.0000,0.940982,False
hot,-0.9413,-2.7282,117.9368,0.0000,0.940984,False
cold,-1.7008,-3.1100,117.9368,-0.0000,0.940984,False
cold,0.6138,-2.8555,117.9368,-0.0000,0.940985,False
cold,3.4710,1.7258,117.9368,-0.0000,0.940987,False
hot,-1.5200,-2.7707,117.9368,0.0000,0.940989,False
hot,3.2178,2.4470,117.9368,0.0000,0.940991,False
hot,0.4692,-2.9828,117.9368,0.0000,0.940993,False
hot,3.4348,2.6591,117.9368,0.0000,0.940993,False
cold,3.4710,2.8288,117.9368,-0.0000,0.940993,False
hot,3.0370,2.3621,117.9368,0.0000,0.940993,False
cold,-1.7731,-2.8555,117.9368,-0.0000,0.940994,False
cold,-1.8093,-2.5586,117.9368,-0.0000,0.940995,False
hot,0.7585,-2.3889,117.9368,0.0000,0.940996,False
hot,-1.7370,-2.9403,117.9368,0.0000,0.940998,False
cold,2.9285,2.9136,117.9368,-0.0000,0.940999,False
hot,-0.1457,-2.8979,117.9368,0.0000,0.941000,False
hot,0.5777,-2.9403,117.9368,0.0000,0.941001,False
hot,3.4348,2.8712,117.9368,0.0000,0.941003,False
hot,-1.4838,-2.1344,117.9368,0.0000,0.941003,False
cold,0.9393,-2.8555,117.9368,-0.0000,0.941004,False
hot,0.6862,-2.9828,117.9368,0.0000,0.941005,False
hot,-0.5797,-2.6434,117.9368,0.0000,0.941006,False
hot,-1.7731,-2.1768,117.9368,0.0000,0.941006,False
hot,-1.7731,-2.1344,117.9368,0.0000,0.941007,False
cold,0.7223,-3.0676,117.9368,-0.0000,0.941007,False
hot,2.2775,3.0409,117.9368,0.0000,0.941008,False
cold,-0.5435,-2.7707,117.9368,-0.0000,0.941010,False
cold,3.3986,2.8712,117.9368,-0.0000,0.941012,False
hot,0.0713,-2.6858,117.9368,0.0000,0.941013,False
cold,2.3498,2.9560,117.9368,-0.0000,0.941014,False
hot,2.3860,3.1257,117.9368,0.0000,0.941015,False
hot,-1.1945,-2.7282,117.9368,0.0000,0.941015,False
cold,0.5777,-2.6434,117.9368,-0.0000,0.941016,False
hot,-1.7731,-1.4132,117.9368,0.0000,0.941017,False
cold,3.1816,2.4470,117.9368,-0.0000,0.941018,False
cold,-1.0137,-3.0676,117.9368,-0.0000,0.941018,False
cold,3.3986,2.9560,117.9368,-0.0000,0.941019,False
hot,3.3263,2.7439,117.9368,0.0000,0.941019,False
hot,-1.1222,-2.6858,117.9368,0.0000,0.941020,False
hot,-0.0733,-2.5161,117.9368,0.0000,0.941025,False
cold,0.1437,-2.8555,117.9368,-0.0000,0.941025,False
hot,2.8561,2.7439,117.9368,0.0000,0.941026,False
cold,0.3607,-2.8131,117.9368,-0.0000,0.941027,False
hot,3.3263,1.8107,117.9368,0.0000,0.941028,False
cold,-1.8455,-1.2011,117.9368,-0.0000,0.941028,False
hot,-1.3030,-2.3889,117.9368,0.0000,0.941028,False
cold,0.3968,-2.6010,117.9368,-0.0000,0.941029,False
cold,-1.5200,-3.0676,117.9368,-0.0000,0.941030,False
cold,3.4710,2.4894,117.9368,-0.0000,0.941031,False
cold,2.8200,2.9136,117.9368,-0.0000,0.941033,False
hot,3.3625,1.5562,117.9368,0.0000,0.941034,False
cold,-1.8093,-2.1344,117.9368,-0.0000,0.941035,False
hot,3.0008,1.9379,117.9368,0.0000,0.941036,False
cold,3.3986,1.7258,117.9368,-0.0000,0.941040,False
hot,2.8923,2.7015,117.9368,0.0000,0.941042,False
hot,0.4330,-2.5586,117.9368,0.0000,0.941043,False
cold,3.1093,2.0228,117.9368,-0.0000,0.941044,False
hot,-1.2307,-2.2192,117.9368,0.0000,0.941045,False
hot,3.0370,2.0652,117.9368,0.0000,0.941045,False
hot,3.1093,1.8955,117.9368,0.0000,0.941045,False
hot,2.9285,1.9379,117.9368,0.0000,0.941047,False
hot,-0.1457,-2.6434,117.9368,0.0000,0.941047,False
cold,0.6500,-2.6010,117.9368,-0.0000,0.941049,False
hot,2.9285,2.2773,117.9368,0.0000,0.941051,False
cold,-0.6882,-3.0252,117.9368,-0.0000,0.941051,False
hot,3.3625,3.1257,117.9368,0.0000,0.941052,False
cold,-0.2180,-2.9403,117.9368,-0.0000,0.941052,False
hot,-1.6285,-2.0919,117.9368,0.0000,0.941052,False
hot,0.8670,-2.6010,117.9368,0.0000,0.941054,False
hot,-1.3030,-2.8555,117.9368,0.0000,0.941054,False
hot,3.0731,2.4894,117.9368,0.0000,0.941054,False
hot,3.3986,2.1925,117.9368,0.0000,0.941054,False
hot,-1.7008,-2.6858,117.9368,0.0000,0.941059,False
hot,-1.2307,-2.6434,117.9368,0.0000,0.941059,False
hot,3.2901,2.4894,117.9368,0.0000,0.941059,False
cold,3.4710,2.7439,117.9368,-0.0000,0.941060,False
hot,3.1093,3.0833,117.9368,0.0000,0.941062,False
hot,-0.6882,-2.5586,117.9368,0.0000,0.941063,False
hot,2.7115,3.0833,117.9368,0.0000,0.941066,False
hot,3.1093,2.5742,117.9368,0.0000,0.941068,False
hot,-1.0137,-2.6858,117.9368,0.0000,0.941068,False
hot,-1.4838,-2.9403,117.9368,0.0000,0.941068,False
hot,-1.8455,-1.4132,117.9368,0.0000,0.941069,False
hot,0.5777,-2.5586,117.9368,0.0000,0.941072,False
hot,-0.5435,-2.6858,117.9368,0.0000,0.941072,False
cold,0.1798,-2.9403,117.9368,-0.0000,0.941074,False
hot,3.2540,1.9379,117.9368,0.0000,0.941076,False
hot,0.7947,-2.8555,117.9368,0.0000,0.941078,False
hot,2.8561,2.8712,117.9368,0.0000,0.941079,False
cold,3.0370,2.0228,117.9368,-0.0000,0.941083,False
hot,2.8561,2.5318,117.9368,0.0000,0.941084,False
hot,-1.3753,-2.5161,117.9368,0.0000,0.941084,False
cold,-1.8093,-2.2192,117.9368,-0.0000,0.941085,False
cold,-1.3753,-2.8979,117.9368,-0.0000,0.941087,False
cold,3.3625,2.4470,117.9368,-0.0000,0.941087,False
cold,2.2413,3.1257,117.9368,-0.0000,0.941090,False
hot,2.2775,3.0833,117.9368,0.0000,0.941093,False
hot,2.2775,2.9136,117.9368,0.0000,0.941095,False
hot,-1.7731,-2.5161,117.9368,0.0000,0.941095,False
cold,-0.2542,-3.0676,117.9368,-0.0000,0.941097,False
cold,3.1093,2.8288,117.9368,-0.0000,0.941100,False
hot,0.2522,-3.0676,117.9368,0.0000,0.941101,False
hot,-1.0860,-2.2616,117.9368,0.0000,0.941107,False
cold,0.1437,-2.9828,117.9368,-0.0000,0.941108,False
cold,2.8561,2.7863,117.9368,-0.0000,0.941111,False
cold,-0.8690,-2.5586,117.9368,-0.0000,0.941111,False
cold,0.4692,-2.9403,117.9368,-0.0000,0.941112,False
hot,-1.4477,-2.5161,117.9368,0.0000,0.941113,False
hot,-1.0860,-2.4737,117.9368,0.0000,0.941113,False
cold,0.1798,-3.0676,117.9368,-0.0000,0.941114,False
hot,0.2522,-2.7282,117.9368,0.0000,0.941115,False
hot,2.7476,3.0409,117.9368,0.0000,0.941118,False
cold,2.9285,3.0833,117.9368,-0.0000,0.941120,False
cold,0.1075,-3.0252,117.9368,-0.0000,0.941121,False
hot,2.8561,3.1257,117.9368,0.0000,0.941121,False
cold,-1.0137,-2.9403,117.9368,-0.0000,0.941125,False
cold,0.4692,-2.5586,117.9368,-0.0000,0.941126,False
cold,-1.2307,-2.3889,117.9368,-0.0000,0.941126,False
hot,2.0966,2.9984,117.9368,0.0000,0.941126,False
hot,3.3986,3.1257,117.9368,0.0000,0.941126,False
hot,-0.6158,-2.6434,117.9368,0.0000,0.941127,False
cold,3.0370,2.9136,117.9368,-0.0000,0.941128,False
hot,-1.8093,-1.6253,117.9368,0.0000,0.941129,False
hot,2.3498,2.8288,117.9368,0.0000,0.941130,False
cold,0.7947,-3.0676,117.9368,-0.0000,0.941131,False
hot,-0.3265,-2.6010,117.9368,0.0000,0.941132,False
hot,0.5415,-2.8555,117.9368,0.0000,0.941132,False
hot,3.4710,2.2773,117.9368,0.0000,0.941133,False
hot,-0.9775,-2.8131,117.9368,0.0000,0.941136,False
cold,3.3263,1.8531,117.9368,-0.0000,0.941140,False
hot,3.3263,2.9984,117.9368,0.0000,0.941140,False
cold,3.3263,2.1076,117.9368,-0.0000,0.941141,False
cold,3.2540,2.5318,117.9368,-0.0000,0.941147,False
hot,-1.1222,-2.3889,117.9368,0.0000,0.941147,False
cold,0.2883,-3.0676,117.9368,-0.0000,0.941149,False
hot,-0.7967,-3.0252,117.9368,0.0000,0.941149,False
hot,1.1925,-2.8131,117.9368,0.0000,0.941153,False
hot,0.2160,-2.8131,117.9368,0.0000,0.941153,False
cold,0.7585,-2.8555,117.9368,-0.0000,0.941153,False
hot,3.0008,2.6167,117.9368,0.0000,0.941157,False
hot,-1.1583,-2.3040,117.9368,0.0000,0.941157,False
cold,0.5415,-2.5161,117.9368,-0.0000,0.941160,False
cold,3.3263,2.4894,117.9368,-0.0000,0.941161,False
hot,-0.8328,-2.6858,117.9368,0.0000,0.941164,False
cold,2.3498,3.1257,117.9368,-0.0000,0.941165,False
cold,1.6627,3.0409,117.9368,-0.0000,0.941167,False
hot,0.1798,-3.0252,117.9368,0.0000,0.941168,False
cold,0.6138,-2.6858,117.9368,-0.0000,0.941169,False
hot,2.6753,2.7015,117.9368,0.0000,0.941169,False
cold,0.7585,-2.9403,117.9368,-0.0000,0.941172,False
cold,-0.5073,-3.1100,117.9368,-0.0000,0.941173,False
hot,-1.5562,-1.8798,117.9368,0.0000,0.941174,False
hot,3.1816,2.5318,117.9368,0.0000,0.941174,False
cold,-0.1095,-2.9828,117.9368,-0.0000,0.941174,False
hot,0.0352,-2.4737,117.9368,0.0000,0.941174,False
hot,-1.0860,-2.8979,117.9368,0.0000,0.941176,False
cold,3.3625,1.9379,117.9368,-0.0000,0.941176,False
cold,-1.8455,-3.1100,117.9368,-0.0000,0.941176,False
hot,-0.2542,-2.6858,117.9368,0.0000,0.941179,False
cold,-1.0860,-2.8555,117.9368,-0.0000,0.941179,False
hot,-0.2180,-2.6010,117.9368,0.0000,0.941180,False
hot,-1.7731,-2.0919,117.9368,0.0000,0.941180,False
hot,-1.2668,-2.0919,117.9368,0.0000,0.941181,False
hot,-1.0860,-2.9403,117.9368,0.0000,0.941182,False
hot,2.2051,2.8712,117.9368,0.0000,0.941183,False
hot,0.8308,-2.6858,117.9368,0.0000,0.941184,False
cold,3.3986,2.3621,117.9368,-0.0000,0.941187,False
cold,2.8561,2.7015,117.9368,-0.0000,0.941188,False
hot,-0.9052,-3.0676,117.9368,0.0000,0.941188,False
cold,-1.1945,-2.4313,117.9368,-0.0000,0.941189,False
hot,3.3986,2.9984,117.9368,0.0000,0.941190,False
cold,2.9646,2.7015,117.9368,-0.0000,0.941191,False
hot,-1.8455,-2.2192,117.9368,0.0000,0.941193,False
cold,0.5053,-2.6858,117.9368,-0.0000,0.941196,False
hot,-1.6285,-2.1344,117.9368,0.0000,0.941196,False
cold,3.2540,2.8288,117.9368,-0.0000,0.941198,False
hot,0.6862,-2.2616,117.9368,0.0000,0.941198,False
cold,0.6500,-2.9403,117.9368,-0.0000,0.941198,False
cold,0.9393,-2.9403,117.9368,-0.0000,0.941198,False
cold,-0.9052,-2.6010,117.9368,-0.0000,0.941198,False
cold,3.2901,1.9379,117.9368,-0.0000,0.941199,False
hot,-0.3627,-3.1100,117.9368,0.0000,0.941199,False
hot,-0.0733,-3.0252,117.9368,0.0000,0.941201,False
cold,-1.4838,-2.3889,117.9368,-0.0000,0.941202,False
hot,-1.7731,-2.6434,117.9368,0.0000,0.941203,False
hot,-0.0010,-2.9403,117.9368,0.0000,0.941204,False
hot,-1.4477,-2.8131,117.9368,0.0000,0.941205,False
cold,1.5542,3.1257,117.9368,-0.0000,0.941206,False
hot,2.9646,2.5742,117.9368,0.0000,0.941207,False
hot,-0.7243,-2.4737,117.9368,0.0000,0.941208,False
cold,3.2178,2.6167,117.9368,-0.0000,0.941209,False
hot,3.3986,2.2773,117.9368,0.0000,0.941210,False
cold,0.9393,-2.9828,117.9368,-0.0000,0.941210,False
hot,-0.0010,-2.4737,117.9368,0.0000,0.941210,False
cold,0.6500,-2.8555,117.9368,-0.0000,0.941211,False
hot,-0.1457,-2.5586,117.9368,0.0000,0.941211,False
cold,-1.8455,-3.0252,117.9368,-0.0000,0.941214,False
cold,-1.7731,-1.7950,117.9368,-0.0000,0.941216,False
hot,3.1093,2.9984,117.9368,0.0000,0.941218,False
hot,2.7838,2.7015,117.9368,0.0000,0.941218,False
hot,-1.1222,-2.2616,117.9368,0.0000,0.941221,False
hot,3.2540,2.9560,117.9368,0.0000,0.941222,False
hot,-1.6285,-2.7707,117.9368,0.0000,0.941223,False
hot,0.5415,-3.1100,117.9368,0.0000,0.941223,False
cold,-1.4477,-2.8131,117.9368,-0.0000,0.941226,False
cold,3.0008,2.2349,117.9368,-0.0000,0.941226,False
hot,2.6030,2.4470,117.9368,0.0000,0.941227,False
cold,0.8308,-3.1100,117.9368,-0.0000,0.941229,False
cold,0.6862,-2.8131,117.9368,-0.0000,0.941229,False
cold,-1.7731,-2.1768,117.9368,-0.0000,0.941229,False
cold,0.7947,-3.1100,117.9368,-0.0000,0.941230,False
hot,1.2648,-3.0676,117.9368,0.0000,0.941231,False
hot,2.3860,2.7439,117.9368,0.0000,0.941231,False
hot,-0.6520,-3.0252,117.9368,0.0000,0.941233,False
cold,3.1093,2.2349,117.9368,-0.0000,0.941233,False
hot,-1.8093,-1.7102,117.9368,0.0000,0.941233,False
cold,-1.1945,-2.7282,117.9368,-0.0000,0.941233,False
cold,-0.9775,-2.8131,117.9368,-0.0000,0.941234,False
cold,3.1816,2.7439,117.9368,-0.0000,0.941237,False
cold,0.5777,-2.5586,117.9368,-0.0000,0.941237,False
hot,3.3986,3.0409,117.9368,0.0000,0.941237,False
cold,-0.3265,-2.8131,117.9368,-0.0000,0.941238,False
hot,-1.7370,-2.6434,117.9368,0.0000,0.941242,False
hot,-1.7008,-2.3889,117.9368,0.0000,0.941245,False
cold,3.3263,2.0652,117.9368,-0.0000,0.941245,False
hot,-1.5562,-2.0919,117.9368,0.0000,0.941245,False
cold,3.0731,2.4046,117.9368,-0.0000,0.941247,False
cold,2.8200,2.4470,117.9368,-0.0000,0.941248,False
cold,1.0840,-3.1100,117.9368,-0.0000,0.941248,False
cold,-1.6285,-2.4737,117.9368,-0.0000,0.941249,False
hot,-1.5200,-2.6858,117.9368,0.0000,0.941249,False
hot,2.5668,2.9136,117.9368,0.0000,0.941251,False
hot,0.5777,-2.8979,117.9368,0.0000,0.941251,False
cold,-0.2180,-3.0676,117.9368,-0.0000,0.941252,False
hot,1.3372,-3.1100,117.9368,0.0000,0.941253,False
cold,-1.2668,-2.6434,117.9368,-0.0000,0.941255,False
hot,-1.7008,-2.4737,117.9368,0.0000,0.941259,False
hot,-0.4350,-2.5586,117.9368,0.0000,0.941260,False
cold,-1.8093,-2.3040,117.9368,-0.0000,0.941260,False
cold,-1.6646,-2.7707,117.9368,-0.0000,0.941260,False
hot,3.4710,1.5986,117.9368,0.0000,0.941261,False
cold,-1.5562,-2.5586,117.9368,-0.0000,0.941262,False
hot,-0.6520,-2.8555,117.9368,0.0000,0.941262,False
hot,2.6391,2.6167,117.9368,0.0000,0.941262,False
cold,-1.4115,-2.2192,117.9368,-0.0000,0.941262,False
cold,0.7223,-3.1100,117.9368,-0.0000,0.941263,False
hot,-1.6646,-2.3465,117.9368,0.0000,0.941265,False
hot,-1.2668,-2.6858,117.9368,0.0000,0.941265,False
hot,2.8561,2.2349,117.9368,0.0000,0.941267,False
cold,-1.8455,-1.6677,117.9368,-0.0000,0.941269,False
hot,2.9285,2.3197,117.9368,0.0000,0.941270,False
hot,2.8561,2.1076,117.9368,0.0000,0.941270,False
hot,-1.7008,-1.5829,117.9368,0.0000,0.941272,False
hot,-0.3988,-3.0676,117.9368,0.0000,0.941273,False
cold,2.7476,2.6167,117.9368,-0.0000,0.941277,False
hot,2.8200,2.3197,117.9368,0.0000,0.941277,False
cold,-0.2542,-3.1100,117.9368,-0.0000,0.941280,False
cold,0.5415,-2.8979,117.9368,-0.0000,0.941280,False
cold,0.6862,-2.6010,117.9368,-0.0000,0.941281,False
hot,-1.6285,-2.6858,117.9368,0.0000,0.941283,False
cold,0.3245,-3.0252,117.9368,-0.0000,0.941284,False
cold,1.6627,3.0833,117.9368,-0.0000,0.941284,False
cold,2.8561,2.3621,117.9368,-0.0000,0.941284,False
hot,2.3136,2.9136,117.9368,0.0000,0.941285,False
hot,3.1093,3.0409,117.9368,0.0000,0.941285,False
hot,3.0008,2.3621,117.9368,0.0000,0.941286,False
cold,-0.5073,-3.0252,117.9368,-0.0000,0.941286,False
hot,0.7585,-2.9403,117.9368,0.0000,0.941286,False
cold,3.1093,2.9984,117.9368,-0.0000,0.941287,False
hot,-0.6882,-2.9828,117.9368,0.0000,0.941287,False
hot,-1.8093,-2.9828,117.9368,0.0000,0.941288,False
hot,-1.4115,-2.1768,117.9368,0.0000,0.941289,False
cold,2.6753,2.7863,117.9368,-0.0000,0.941292,False
cold,3.2901,2.3197,117.9368,-0.0000,0.941292,False
hot,2.6030,2.7439,117.9368,0.0000,0.941293,False
hot,3.1816,2.3197,117.9368,0.0000,0.941293,False
hot,0.8670,-2.3889,117.9368,0.0000,0.941293,False
cold,-0.8690,-3.0676,117.9368,-0.0000,0.941293,False
cold,3.0731,2.7015,117.9368,-0.0000,0.941296,False
cold,-1.8455,-2.6434,117.9368,-0.0000,0.941297,False
cold,0.3607,-3.0252,117.9368,-0.0000,0.941301,False
cold,2.6391,3.1257,117.9368,-0.0000,0.941301,False
cold,-1.8455,-1.5405,117.9368,-0.0000,0.941301,False
hot,-1.8093,-1.5405,117.9368,0.0000,0.941301,False
hot,3.1093,2.6167,117.9368,0.0000,0.941302,False
hot,-1.1945,-2.5161,117.9368,0.0000,0.941302,False
cold,2.4945,3.0833,117.9368,-0.0000,0.941302,False
cold,3.3986,2.1076,117.9368,-0.0000,0.941303,False
hot,2.9646,3.0833,117.9368,0.0000,0.941303,False
cold,-1.8455,-2.7282,117.9368,-0.0000,0.941304,False
hot,-1.6285,-2.8555,117.9368,0.0000,0.941306,False
hot,2.6753,2.9560,117.9368,0.0000,0.941306,False
hot,0.1798,-2.5161,117.9368,0.0000,0.941306,False
hot,0.4692,-2.3465,117.9368,0.0000,0.941307,False
hot,-0.2542,-2.8555,117.9368,0.0000,0.941311,False
cold,2.8923,3.1257,117.9368,-0.0000,0.941312,False
hot,-1.1945,-3.1100,117.9368,0.0000,0.941313,False
cold,2.4221,2.9560,117.9368,-0.0000,0.941313,False
hot,-1.7370,-2.7282,117.9368,0.0000,0.941314,False
cold,0.5053,-3.0252,117.9368,-0.0000,0.941315,False
hot,-0.3265,-2.5161,117.9368,0.0000,0.941316,False
hot,3.0731,2.2349,117.9368,0.0000,0.941316,False
cold,3.0370,2.7015,117.9368,-0.0000,0.941316,False
hot,1.0840,-2.6858,117.9368,0.0000,0.941316,False
hot,-1.0137,-2.4313,117.9368,0.0000,0.941319,False
hot,-0.5073,-2.9403,117.9368,0.0000,0.941320,False
hot,2.8200,2.4046,117.9368,0.0000,0.941323,False
hot,2.7476,2.1076,117.9368,0.0000,0.941325,False
cold,-1.4838,-2.4737,117.9368,-0.0000,0.941327,False
hot,0.9032,-2.6010,117.9368,0.0000,0.941327,False
hot,3.2540,1.8955,117.9368,0.0000,0.941327,False
cold,3.2901,2.6167,117.9368,-0.0000,0.941329,False
cold,2.9646,2.5318,117.9368,-0.0000,0.941330,False
cold,-1.0860,-2.5586,117.9368,-0.0000,0.941332,False
hot,-0.1457,-2.7282,117.9368,0.0000,0.941332,False
cold,-1.7008,-2.5161,117.9368,-0.0000,0.941332,False
hot,0.6862,-3.0676,117.9368,0.0000,0.941333,False
hot,2.6753,3.0833,117.9368,0.0000,0.941335,False
hot,-0.9413,-2.9403,117.9368,0.0000,0.941335,False
cold,0.7223,-2.6010,117.9368,-0.0000,0.941336,False
hot,0.1075,-3.1100,117.9368,0.0000,0.941337,False
hot,3.3986,2.2349,117.9368,0.0000,0.941338,False
cold,0.9032,-2.8131,117.9368,-0.0000,0.941339,False
cold,-1.5200,-2.3040,117.9368,-0.0000,0.941340,False
cold,0.9393,-2.8131,117.9368,-0.0000,0.941341,False
hot,1.4095,-3.0252,117.9368,0.0000,0.941341,False
cold,0.0713,-2.8979,117.9368,-0.0000,0.941343,False
cold,-1.0137,-3.1100,117.9368,-0.0000,0.941344,False
cold,-1.5923,-2.3889,117.9368,-0.0000,0.941345,False
cold,-0.9052,-2.7282,117.9368,-0.0000,0.941345,False
hot,1.1925,-3.0676,117.9368,0.0000,0.941345,False
hot,-0.6520,-2.9403,117.9368,0.0000,0.941346,False
hot,-1.8093,-2.5161,117.9368,0.0000,0.941347,False
hot,0.6138,-2.4737,117.9368,0.0000,0.941347,False
cold,-1.8455,-2.4313,117.9368,-0.0000,0.941348,False
cold,0.4692,-3.0252,117.9368,-0.0000,0.941348,False
hot,-1.7731,-3.0252,117.9368,0.0000,0.941349,False
hot,2.4583,2.6167,117.9368,0.0000,0.941349,False
hot,3.4710,2.6167,117.9368,0.0000,0.941350,False
hot,-0.9775,-2.8979,117.9368,0.0000,0.941351,False
cold,0.8670,-3.1100,117.9368,-0.0000,0.941351,False
hot,0.5053,-2.6434,117.9368,0.0000,0.941351,False
cold,-1.4477,-2.8979,117.9368,-0.0000,0.941352,False
cold,2.5306,3.1257,117.9368,-0.0000,0.941353,False
cold,-0.6158,-2.8979,117.9368,-0.0000,0.941354,False
hot,-1.4477,-2.1768,117.9368,0.0000,0.941354,False
hot,3.3625,2.4046,117.9368,0.0000,0.941354,False
hot,-0.9052,-2.6434,117.9368,0.0000,0.941354,False
cold,-1.2307,-2.9403,117.9368,-0.0000,0.941355,False
cold,0.5415,-2.5586,117.9368,-0.0000,0.941356,False
hot,3.4710,2.7015,117.9368,0.0000,0.941356,False
hot,-1.6285,-2.3889,117.9368,0.0000,0.941356,False
hot,3.0731,2.7863,117.9368,0.0000,0.941359,False
cold,-1.0137,-2.8131,117.9368,-0.0000,0.941360,False
hot,-1.2668,-2.3889,117.9368,0.0000,0.941360,False
hot,-0.2542,-2.6434,117.9368,0.0000,0.941361,False
hot,-1.7008,-1.8374,117.9368,0.0000,0.941364,False
hot,0.9032,-2.6858,117.9368,0.0000,0.941364,False
hot,2.3860,2.7863,117.9368,0.0000,0.941365,False
hot,0.7223,-2.8131,117.9368,0.0000,0.941365,False
cold,2.8923,2.4470,117.9368,-0.0000,0.941366,False
cold,-1.2668,-2.8979,117.9368,-0.0000,0.941368,False
cold,-1.7370,-2.5161,117.9368,-0.0000,0.941368,False
cold,3.4710,2.6591,117.9368,-0.0000,0.941368,False
hot,-1.3030,-2.1768,117.9368,0.0000,0.941368,False
cold,-0.3988,-2.8555,117.9368,-0.0000,0.941372,False
hot,-1.3753,-3.0676,117.9368,0.0000,0.941373,False
hot,0.9032,-2.7282,117.9368,0.0000,0.941374,False
hot,2.9646,2.8288,117.9368,0.0000,0.941374,False
hot,-1.5923,-1.7102,117.9368,0.0000,0.941374,False
hot,-0.5435,-2.7707,117.9368,0.0000,0.941377,False
hot,-1.0860,-2.8131,117.9368,0.0000,0.941378,False
hot,-1.2307,-3.0252,117.9368,0.0000,0.941378,False
hot,-1.4838,-2.3889,117.9368,0.0000,0.941379,False
cold,-1.8455,-2.8131,117.9368,-0.0000,0.941379,False
cold,-0.7243,-3.0252,117.9368,-0.0000,0.941384,False
hot,-0.5797,-2.8131,117.9368,0.0000,0.941385,False
cold,-1.7008,-1.9647,117.9368,-0.0000,0.941387,False
hot,0.4692,-2.4313,117.9368,0.0000,0.941390,False
hot,-1.7008,-2.5161,117.9368,0.0000,0.941390,False
hot,-0.4712,-2.6434,117.9368,0.0000,0.941391,False
hot,3.4710,2.6591,117.9368,0.0000,0.941391,False
hot,-0.2903,-3.0676,117.9368,0.0000,0.941391,False
hot,3.1455,2.7863,117.9368,0.0000,0.941393,False
hot,3.2901,2.8288,117.9368,0.0000,0.941394,False
cold,3.2540,2.7863,117.9368,-0.0000,0.941396,False
hot,0.3245,-2.3889,117.9368,0.0000,0.941396,False
hot,3.2901,2.0228,117.9368,0.0000,0.941397,False
cold,3.1455,3.0833,117.9368,-0.0000,0.941397,False
hot,2.4221,2.7015,117.9368,0.0000,0.941400,False
cold,0.5777,-2.7282,117.9368,-0.0000,0.941400,False
hot,1.1925,-2.8555,117.9368,0.0000,0.941401,False
cold,2.2775,3.1257,117.9368,-0.0000,0.941401,False
hot,3.4710,2.3621,117.9368,0.0000,0.941403,False
cold,3.2178,2.3197,117.9368,-0.0000,0.941406,False
cold,-1.0860,-2.7282,117.9368,-0.0000,0.941406,False
cold,3.2540,2.1925,117.9368,-0.0000,0.941407,False
hot,0.2522,-2.7707,117.9368,0.0000,0.941408,False
cold,2.7115,3.0833,117.9368,-0.0000,0.941408,False
hot,2.1328,2.8712,117.9368,0.0000,0.941409,False
hot,-0.6520,-2.9828,117.9368,0.0000,0.941409,False
hot,0.6862,-2.3040,117.9368,0.0000,0.941410,False
hot,-1.4838,-3.0676,117.9368,0.0000,0.941411,False
hot,1.0117,-2.6434,117.9368,0.0000,0.941414,False
cold,3.4348,2.8288,117.9368,-0.0000,0.941415,False
hot,0.4330,-2.7282,117.9368,0.0000,0.941415,False
cold,-0.2542,-2.7282,117.9368,-0.0000,0.941417,False
hot,3.3986,1.7258,117.9368,0.0000,0.941417,False
cold,3.1455,2.0652,117.9368,-0.0000,0.941418,False
cold,-1.5923,-2.4313,117.9368,-0.0000,0.941419,False
cold,0.2160,-2.8555,117.9368,-0.0000,0.941421,False
hot,0.7585,-3.0676,117.9368,0.0000,0.941423,False
hot,-0.7605,-2.4313,117.9368,0.0000,0.941423,False
hot,-1.4477,-2.7707,117.9368,0.0000,0.941423,False
hot,0.6500,-2.6010,117.9368,0.0000,0.941424,False
hot,-0.0010,-2.7707,117.9368,0.0000,0.941425,False
hot,2.6753,2.3621,117.9368,0.0000,0.941425,False
hot,3.4348,1.7683,117.9368,0.0000,0.941426,False
hot,-0.4350,-2.9403,117.9368,0.0000,0.941426,False
hot,-0.5073,-2.8131,117.9368,0.0000,0.941427,False
cold,-0.1457,-3.1100,117.9368,-0.0000,0.941429,False
cold,-1.1222,-2.6010,117.9368,-0.0000,0.941429,False
hot,-0.8328,-3.1100,117.9368,0.0000,0.941430,False
hot,1.2287,-3.0676,117.9368,0.0000,0.941430,False
cold,-1.5923,-2.1344,117.9368,-0.0000,0.941431,False
hot,0.7585,-2.3465,117.9368,0.0000,0.941432,False
cold,1.3733,3.1257,117.9368,-0.0000,0.941434,False
cold,2.4945,2.8712,117.9368,-0.0000,0.941434,False
hot,3.0008,2.9984,117.9368,0.0000,0.941435,False
hot,0.2522,-2.9828,117.9368,0.0000,0.941436,False
hot,1.0117,-3.0676,117.9368,0.0000,0.941436,False
cold,3.4348,2.3197,117.9368,-0.0000,0.941437,False
hot,-1.5562,-2.1344,117.9368,0.0000,0.941438,False
cold,0.5777,-2.4737,117.9368,-0.0000,0.941440,False
cold,1.3372,3.1257,117.9368,-0.0000,0.941441,False
hot,-1.2307,-3.1100,117.9368,0.0000,0.941442,False
hot,3.2540,2.2773,117.9368,0.0000,0.941442,False
hot,2.4583,2.7439,117.9368,0.0000,0.941442,False
hot,-0.9413,-3.1100,117.9368,0.0000,0.941443,False
cold,-1.6285,-2.5161,117.9368,-0.0000,0.941443,False
hot,3.3986,2.3197,117.9368,0.0000,0.941443,False
cold,-1.7008,-2.5586,117.9368,-0.0000,0.941443,False
cold,3.4348,3.1257,117.9368,-0.0000,0.941444,False
cold,-1.3753,-3.1100,117.9368,-0.0000,0.941444,False
cold,-1.4838,-2.6858,117.9368,-0.0000,0.941444,False
hot,-1.6285,-3.0676,117.9368,0.0000,0.941445,False
hot,-1.1945,-2.5586,117.9368,0.0000,0.941445,False
hot,-1.3753,-2.4737,117.9368,0.0000,0.941450,False
hot,3.3986,1.8531,117.9368,0.0000,0.941450,False
hot,-1.3030,-2.6434,117.9368,0.0000,0.941451,False
hot,-0.3988,-2.7707,117.9368,0.0000,0.941453,False
cold,3.0731,2.6591,117.9368,-0.0000,0.941455,False
hot,-1.0498,-3.0252,117.9368,0.0000,0.941455,False
hot,2.9646,2.0228,117.9368,0.0000,0.941456,False
cold,2.6391,2.7015,117.9368,-0.0000,0.941460,False
cold,-1.1222,-2.8555,117.9368,-0.0000,0.941460,False
hot,-1.4115,-3.0676,117.9368,0.0000,0.941460,False
hot,0.5777,-2.9828,117.9368,0.0000,0.941461,False
hot,0.7223,-2.3465,117.9368,0.0000,0.941461,False
hot,2.7476,2.2773,117.9368,0.0000,0.941465,False
hot,-1.6646,-2.2192,117.9368,0.0000,0.941467,False
hot,-1.7731,-1.7102,117.9368,0.0000,0.941468,False
hot,0.5053,-2.2616,117.9368,0.0000,0.941468,False
hot,1.2287,-2.8555,117.9368,0.0000,0.941468,False
cold,-1.3030,-2.8555,117.9368,-0.0000,0.941468,False
hot,0.0352,-2.9403,117.9368,0.0000,0.941470,False
hot,-1.5562,-2.6858,117.9368,0.0000,0.941471,False
hot,2.8561,2.1925,117.9368,0.0000,0.941471,False
hot,3.1455,2.9560,117.9368,0.0000,0.941472,False
cold,-1.0137,-2.9828,117.9368,-0.0000,0.941473,False
hot,0.6500,-2.4313,117.9368,0.0000,0.941473,False
hot,-0.6158,-3.0252,117.9368,0.0000,0.941474,False
hot,2.8561,2.3197,117.9368,0.0000,0.941474,False
hot,-1.8455,-2.6858,117.9368,0.0000,0.941477,False
cold,-1.4838,-3.0676,117.9368,-0.0000,0.941478,False
hot,2.6391,2.8712,117.9368,0.0000,0.941479,False
cold,0.3607,-3.1100,117.9368,-0.0000,0.941480,False
hot,2.9285,3.0833,117.9368,0.0000,0.941481,False
cold,0.9032,-3.1100,117.9368,-0.0000,0.941481,False
cold,-0.2180,-3.0252,117.9368,-0.0000,0.941482,False
hot,3.0370,2.2773,117.9368,0.0000,0.941483,False
hot,-1.0137,-2.5161,117.9368,0.0000,0.941483,False
hot,-1.4838,-2.4737,117.9368,0.0000,0.941484,False
cold,0.6500,-3.0676,117.9368,-0.0000,0.941486,False
hot,-1.8455,-2.8131,117.9368,0.0000,0.941487,False
hot,-1.1222,-2.7707,117.9368,0.0000,0.941488,False
hot,-1.4477,-2.4737,117.9368,0.0000,0.941489,False
cold,1.1925,-3.1100,117.9368,-0.0000,0.941490,False
cold,3.1455,3.0409,117.9368,-0.0000,0.941491,False
hot,0.3968,-2.7282,117.9368,0.0000,0.941492,False
hot,-1.7731,-2.9828,117.9368,0.0000,0.941493,False
hot,-0.5073,-3.1100,117.9368,0.0000,0.941497,False
cold,2.8923,3.0833,117.9368,-0.0000,0.941497,False
cold,-1.5562,-2.4313,117.9368,-0.0000,0.941498,False
cold,-0.6158,-2.9403,117.9368,-0.0000,0.941501,False
hot,1.1202,-2.8131,117.9368,0.0000,0.941504,False
cold,3.0008,2.1500,117.9368,-0.0000,0.941504,False
hot,-1.3753,-2.5586,117.9368,0.0000,0.941504,False
hot,0.9393,-2.8555,117.9368,0.0000,0.941505,False
cold,2.7838,2.9984,117.9368,-0.0000,0.941507,False
hot,3.1455,2.8288,117.9368,0.0000,0.941507,False
hot,-1.4477,-1.8798,117.9368,0.0000,0.941508,False
cold,-1.3030,-2.3040,117.9368,-0.0000,0.941509,False
cold,-0.0733,-2.8131,117.9368,-0.0000,0.941511,False
cold,-0.9775,-2.6858,117.9368,-0.0000,0.941515,False
cold,0.2522,-2.7282,117.9368,-0.0000,0.941516,False
hot,-1.4477,-2.7282,117.9368,0.0000,0.941516,False
cold,-1.7731,-3.0676,117.9368,-0.0000,0.941517,False
hot,0.8308,-2.9403,117.9368,0.0000,0.941517,False
hot,-0.8690,-2.9828,117.9368,0.0000,0.941521,False
hot,3.2901,2.6591,117.9368,0.0000,0.941521,False
cold,3.3625,1.8531,117.9368,-0.0000,0.941523,False
hot,-0.5435,-2.5161,117.9368,0.0000,0.941523,False
hot,2.8561,2.0228,117.9368,0.0000,0.941523,False
hot,1.2287,-2.9828,117.9368,0.0000,0.941524,False
hot,-1.8455,-2.2616,117.9368,0.0000,0.941524,False
cold,0.7585,-3.0252,117.9368,-0.0000,0.941525,False
hot,-1.5200,-2.1768,117.9368,0.0000,0.941526,False
hot,-0.0010,-3.0676,117.9368,0.0000,0.941528,False
cold,-1.3030,-2.8979,117.9368,-0.0000,0.941530,False
cold,3.1455,2.5742,117.9368,-0.0000,0.941530,False
hot,-0.5797,-2.9828,117.9368,0.0000,0.941531,False
hot,-0.6520,-2.6858,117.9368,0.0000,0.941533,False
hot,1.1563,-2.9403,117.9368,0.0000,0.941534,False
hot,2.1690,2.9560,117.9368,0.0000,0.941537,False
hot,-0.3627,-2.8555,117.9368,0.0000,0.941538,False
hot,1.1563,-3.1100,117.9368,0.0000,0.941539,False
hot,3.4710,1.8531,117.9368,0.0000,0.941539,False
hot,2.6753,2.8712,117.9368,0.0000,0.941539,False
cold,0.3607,-2.6434,117.9368,-0.0000,0.941539,False
cold,-1.5562,-2.8979,117.9368,-0.0000,0.941541,False
cold,-1.4115,-2.8979,117.9368,-0.0000,0.941543,False
hot,-1.5200,-2.0495,117.9368,0.0000,0.941546,False
hot,-0.7243,-2.6434,117.9368,0.0000,0.941549,False
hot,2.3136,2.9560,117.9368,0.0000,0.941550,False
hot,0.2883,-2.3889,117.9368,0.0000,0.941552,False
cold,3.1816,2.7863,117.9368,-0.0000,0.941553,False
hot,-0.1095,-2.5161,117.9368,0.0000,0.941554,False
hot,2.8200,3.1257,117.9368,0.0000,0.941554,False
hot,-0.0733,-2.9403,117.9368,0.0000,0.941554,False
hot,0.5415,-2.5161,117.9368,0.0000,0.941555,False
hot,3.1455,3.0833,117.9368,0.0000,0.941555,False
cold,-0.0010,-2.8555,117.9368,-0.0000,0.941556,False
cold,-1.1222,-2.4313,117.9368,-0.0000,0.941559,False
cold,1.4818,3.1257,117.9368,-0.0000,0.941563,False
hot,3.3625,1.9379,117.9368,0.0000,0.941564,False
cold,-1.8455,-1.5829,117.9368,-0.0000,0.941566,False
hot,-0.2542,-2.5586,117.9368,0.0000,0.941567,False
hot,0.7223,-2.9828,117.9368,0.0000,0.941568,False
cold,3.3625,1.8107,117.9368,-0.0000,0.941568,False
hot,3.4710,2.1076,117.9368,0.0000,0.941570,False
hot,2.1328,2.9136,117.9368,0.0000,0.941570,False
cold,2.6030,2.9560,117.9368,-0.0000,0.941570,False
hot,2.8923,2.9984,117.9368,0.0000,0.941571,False
hot,3.1455,2.6167,117.9368,0.0000,0.941571,False
cold,3.4710,1.9804,117.9368,-0.0000,0.941572,False
hot,0.0713,-3.0676,117.9368,0.0000,0.941574,False
cold,3.3986,2.8288,117.9368,-0.0000,0.941574,False
cold,-0.4712,-2.9403,117.9368,-0.0000,0.941576,False
hot,0.6500,-2.7282,117.9368,0.0000,0.941577,False
hot,3.3625,2.6167,117.9368,0.0000,0.941577,False
cold,-0.0733,-2.6858,117.9368,-0.0000,0.941578,False
hot,-0.1095,-2.8555,117.9368,0.0000,0.941579,False
hot,2.6030,2.7015,117.9368,0.0000,0.941579,False
hot,-1.3753,-2.1344,117.9368,0.0000,0.941584,False
cold,2.9285,2.3621,117.9368,-0.0000,0.941586,False
hot,-1.1945,-2.2616,117.9368,0.0000,0.941587,False
cold,0.6500,-2.5586,117.9368,-0.0000,0.941590,False
hot,-0.6158,-3.1100,117.9368,0.0000,0.941590,False
cold,3.3986,2.2773,117.9368,-0.0000,0.941591,False
hot,3.1093,2.4894,117.9368,0.0000,0.941591,False
hot,-1.1583,-2.2616,117.9368,0.0000,0.941594,False
hot,0.3245,-2.5161,117.9368,0.0000,0.941594,False
hot,-1.0137,-2.5586,117.9368,0.0000,0.941594,False
cold,1.8073,3.1257,117.9368,-0.0000,0.941595,False
cold,-0.9052,-2.6434,117.9368,-0.0000,0.941596,False
cold,-1.4115,-3.1100,117.9368,-0.0000,0.941596,False
hot,1.1925,-3.1100,117.9368,0.0000,0.941596,False
cold,-0.5797,-3.0252,117.9368,-0.0000,0.941597,False
hot,-1.7731,-1.8374,117.9368,0.0000,0.941597,False
cold,-1.7731,-2.6010,117.9368,-0.0000,0.941599,False
hot,-1.8093,-2.3465,117.9368,0.0000,0.941599,False
cold,-1.5562,-2.6010,117.9368,-0.0000,0.941601,False
hot,-1.6646,-2.9403,117.9368,0.0000,0.941602,False
cold,0.3968,-2.6858,117.9368,-0.0000,0.941604,False
cold,-0.9775,-2.6010,117.9368,-0.0000,0.941604,False
cold,-0.7605,-2.7282,117.9368,-0.0000,0.941606,False
hot,0.9032,-3.1100,117.9368,0.0000,0.941607,False
hot,3.3986,3.0833,117.9368,0.0000,0.941608,False
hot,3.3263,2.2349,117.9368,0.0000,0.941608,False
hot,-0.6882,-3.0676,117.9368,0.0000,0.941610,False
hot,0.3245,-2.8555,117.9368,0.0000,0.941610,False
hot,2.6753,2.8288,117.9368,0.0000,0.941612,False
hot,2.4583,3.1257,117.9368,0.0000,0.941612,False
cold,0.2883,-2.9828,117.9368,-0.0000,0.941613,False
cold,-1.7370,-2.3040,117.9368,-0.0000,0.941613,False
cold,3.1455,1.9379,117.9368,-0.0000,0.941613,False
hot,2.7115,2.2773,117.9368,0.0000,0.941613,False
hot,-0.2542,-2.5161,117.9368,0.0000,0.941615,False
cold,0.3245,-3.0676,117.9368,-0.0000,0.941622,False
cold,-0.5435,-3.1100,117.9368,-0.0000,0.941625,False
cold,2.9285,2.7863,117.9368,-0.0000,0.941630,False
cold,-0.6882,-2.9828,117.9368,-0.0000,0.941630,False
cold,-1.3392,-2.8555,117.9368,-0.0000,0.941633,False
cold,2.8561,2.9560,117.9368,-0.0000,0.941634,False
hot,3.2178,2.9560,117.9368,0.0000,0.941634,False
cold,-0.6520,-2.8979,117.9368,-0.0000,0.941635,False
cold,3.0370,2.5742,117.9368,-0.0000,0.941635,False
cold,2.8561,2.3197,117.9368,-0.0000,0.941637,False
cold,3.0008,2.3197,117.9368,-0.0000,0.941638,False
hot,-0.6882,-2.8131,117.9368,0.0000,0.941638,False
hot,2.2775,2.7863,117.9368,0.0000,0.941640,False
hot,0.7585,-2.5161,117.9368,0.0000,0.941640,False
cold,-1.7008,-2.1344,117.9368,-0.0000,0.941643,False
hot,-1.5562,-2.4313,117.9368,0.0000,0.941643,False
cold,1.1563,-3.1100,117.9368,-0.0000,0.941643,False
cold,0.4330,-2.9828,117.9368,-0.0000,0.941644,False
cold,-1.5562,-2.4737,117.9368,-0.0000,0.941646,False
cold,-1.2668,-2.6010,117.9368,-0.0000,0.941646,False
cold,3.2901,2.6591,117.9368,-0.0000,0.941646,False
hot,0.2160,-2.4737,117.9368,0.0000,0.941646,False
cold,-1.8093,-2.4737,117.9368,-0.0000,0.941647,False
hot,1.0840,-2.8131,117.9368,0.0000,0.941647,False
cold,0.1437,-2.7707,117.9368,-0.0000,0.941648,False
hot,2.6030,2.6591,117.9368,0.0000,0.941648,False
hot,0.6138,-2.3040,117.9368,0.0000,0.941648,False
cold,3.1816,3.0409,117.9368,-0.0000,0.941650,False
hot,-0.7967,-2.9828,117.9368,0.0000,0.941650,False
hot,3.4710,1.8955,117.9368,0.0000,0.941653,False
hot,3.0370,2.1076,117.9368,0.0000,0.941654,False
hot,2.6391,2.6591,117.9368,0.0000,0.941654,False
hot,3.0008,2.1925,117.9368,0.0000,0.941655,False
hot,3.2540,1.7683,117.9368,0.0000,0.941656,False
hot,-1.6646,-1.7526,117.9368,0.0000,0.941658,False
cold,2.1690,3.0833,117.9368,-0.0000,0.941660,False
cold,-1.6646,-2.0071,117.9368,-0.0000,0.941661,False
cold,2.1328,3.0833,117.9368,-0.0000,0.941661,False
hot,2.6030,2.5318,117.9368,0.0000,0.941661,False
hot,0.6138,-2.6858,117.9368,0.0000,0.941661,False
cold,2.8923,2.8712,117.9368,-0.0000,0.941662,False
cold,2.3860,3.0833,117.9368,-0.0000,0.941662,False
hot,-1.6646,-2.3889,117.9368,0.0000,0.941663,False
hot,3.1455,2.7015,117.9368,0.0000,0.941663,False
hot,2.5306,2.6167,117.9368,0.0000,0.941663,False
cold,1.6265,3.0833,117.9368,-0.0000,0.941663,False
hot,-0.3265,-2.9828,117.9368,0.0000,0.941664,False
hot,-0.9775,-2.7707,117.9368,0.0000,0.941665,False
hot,0.7947,-3.0252,117.9368,0.0000,0.941665,False
hot,-1.1583,-2.1768,117.9368,0.0000,0.941666,False
hot,0.9755,-2.8131,117.9368,0.0000,0.941666,False
cold,-1.7731,-2.8131,117.9368,-0.0000,0.941667,False
cold,-1.6646,-2.5586,117.9368,-0.0000,0.941668,False
hot,2.9285,2.6167,117.9368,0.0000,0.941668,False
hot,2.3136,2.7439,117.9368,0.0000,0.941668,False
cold,2.9646,3.1257,117.9368,-0.0000,0.941668,False
cold,1.9158,3.0833,117.9368,-0.0000,0.941668,False
hot,0.6138,-2.8131,117.9368,0.0000,0.941669,False
hot,3.4710,2.9560,117.9368,0.0000,0.941669,False
cold,-0.8690,-2.9828,117.9368,-0.0000,0.941671,False
hot,3.0731,3.1257,117.9368,0.0000,0.941672,False
hot,2.8561,2.9560,117.9368,0.0000,0.941674,False
hot,-1.0860,-2.3040,117.9368,0.0000,0.941674,False
hot,3.0008,2.8288,117.9368,0.0000,0.941674,False
cold,-1.8455,-2.9828,117.9368,-0.0000,0.941675,False
hot,2.3860,3.0833,117.9368,0.0000,0.941679,False
hot,-1.0137,-2.3040,117.9368,0.0000,0.941679,False
cold,2.9285,2.1925,117.9368,-0.0000,0.941680,False
hot,-1.3753,-3.0252,117.9368,0.0000,0.941680,False
cold,0.1075,-3.1100,117.9368,-0.0000,0.941680,False
cold,3.2901,2.7439,117.9368,-0.0000,0.941680,False
hot,3.0008,2.0652,117.9368,0.0000,0.941680,False
hot,0.6500,-2.3040,117.9368,0.0000,0.941683,False
hot,0.6500,-2.7707,117.9368,0.0000,0.941684,False
cold,0.7947,-2.9828,117.9368,-0.0000,0.941685,False
cold,-0.9413,-3.0676,117.9368,-0.0000,0.941686,False
hot,0.1075,-3.0252,117.9368,0.0000,0.941686,False
hot,0.6138,-3.0676,117.9368,0.0000,0.941687,False
hot,0.8670,-3.0252,117.9368,0.0000,0.941690,False
cold,0.4330,-2.6858,117.9368,-0.0000,0.941690,False
cold,3.0731,2.7863,117.9368,-0.0000,0.941691,False
hot,3.0008,1.9804,117.9368,0.0000,0.941691,False
hot,2.4945,2.6591,117.9368,0.0000,0.941691,False
hot,-1.3753,-2.1768,117.9368,0.0000,0.941692,False
hot,0.5053,-2.4737,117.9368,0.0000,0.941694,False
cold,-0.1457,-2.9403,117.9368,-0.0000,0.941695,False
hot,0.2522,-2.5586,117.9368,0.0000,0.941695,False
hot,-1.8455,-2.3040,117.9368,0.0000,0.941695,False
hot,0.8670,-2.6434,117.9368,0.0000,0.941695,False
cold,-1.8455,-1.0314,117.9368,-0.0000,0.941696,False
cold,1.4457,3.1257,117.9368,-0.0000,0.941700,False
cold,-1.3030,-2.9403,117.9368,-0.0000,0.941700,False
cold,3.3625,1.7683,117.9368,-0.0000,0.941701,False
cold,-1.8455,-1.8798,117.9368,-0.0000,0.941701,False
cold,3.2901,2.5742,117.9368,-0.0000,0.941705,False
hot,-1.8455,-2.7282,117.9368,0.0000,0.941705,False
hot,-1.0498,-3.0676,117.9368,0.0000,0.941707,False
hot,3.0008,2.7863,117.9368,0.0000,0.941708,False
cold,3.4710,2.0652,117.9368,-0.0000,0.941710,False
cold,0.6500,-2.7707,117.9368,-0.0000,0.941710,False
cold,-1.4115,-3.0252,117.9368,-0.0000,0.941713,False
hot,-1.1222,-2.6010,117.9368,0.0000,0.941716,False
hot,2.7838,2.6591,117.9368,0.0000,0.941717,False
hot,-1.3392,-2.6010,117.9368,0.0000,0.941718,False
cold,0.1798,-2.7282,117.9368,-0.0000,0.941719,False
cold,-1.1222,-2.5161,117.9368,-0.0000,0.941719,False
hot,2.7476,2.9560,117.9368,0.0000,0.941720,False
hot,0.4692,-3.0676,117.9368,0.0000,0.941721,False
hot,-1.1583,-2.5161,117.9368,0.0000,0.941721,False
hot,-0.7605,-3.1100,117.9368,0.0000,0.941722,False
hot,2.2775,2.8288,117.9368,0.0000,0.941722,False
hot,2.6391,2.4894,117.9368,0.0000,0.941724,False
cold,-1.6285,-2.6858,117.9368,-0.0000,0.941725,False
hot,0.6138,-2.9828,117.9368,0.0000,0.941726,False
hot,3.3625,2.2349,117.9368,0.0000,0.941728,False
cold,3.2178,2.7863,117.9368,-0.0000,0.941728,False
cold,3.1455,2.3197,117.9368,-0.0000,0.941728,False
cold,-1.7370,-2.5586,117.9368,-0.0000,0.941729,False
hot,2.6391,2.5318,117.9368,0.0000,0.941729,False
hot,-1.4115,-2.7282,117.9368,0.0000,0.941729,False
hot,0.5415,-2.9403,117.9368,0.0000,0.941730,False
hot,-0.1457,-2.8555,117.9368,0.0000,0.941730,False
cold,3.2178,3.0409,117.9368,-0.0000,0.941730,False
cold,-1.3753,-2.9828,117.9368,-0.0000,0.941730,False
hot,3.2540,1.6410,117.9368,0.0000,0.941730,False
hot,2.7838,2.2773,117.9368,0.0000,0.941731,False
hot,-0.6158,-2.8131,117.9368,0.0000,0.941733,False
hot,0.2883,-2.9828,117.9368,0.0000,0.941734,False
hot,2.7476,2.7863,117.9368,0.0000,0.941737,False
hot,3.3263,2.7863,117.9368,0.0000,0.941741,False
cold,0.4692,-2.8555,117.9368,-0.0000,0.941743,False
cold,-0.8690,-2.6010,117.9368,-0.0000,0.941746,False
hot,2.8923,2.9136,117.9368,0.0000,0.941747,False
hot,3.2901,1.5986,117.9368,0.0000,0.941749,False
cold,-0.8328,-2.6434,117.9368,-0.0000,0.941750,False
hot,-0.1818,-2.9403,117.9368,0.0000,0.941750,False
hot,3.2540,2.7439,117.9368,0.0000,0.941751,False
hot,0.4330,-3.1100,117.9368,0.0000,0.941753,False
cold,-1.6285,-2.7282,117.9368,-0.0000,0.941754,False
cold,-0.9775,-3.0252,117.9368,-0.0000,0.941755,False
hot,3.4348,2.9136,117.9368,0.0000,0.941755,False
hot,3.0731,2.8288,117.9368,0.0000,0.941755,False
cold,3.2540,2.6591,117.9368,-0.0000,0.941755,False
cold,3.3625,3.1257,117.9368,-0.0000,0.941756,False
hot,3.2178,2.1076,117.9368,0.0000,0.941756,False
hot,0.1437,-2.6858,117.9368,0.0000,0.941757,False
hot,-0.3265,-2.8131,117.9368,0.0000,0.941758,False
hot,2.7476,2.1925,117.9368,0.0000,0.941759,False
cold,-1.7370,-2.1768,117.9368,-0.0000,0.941760,False
hot,-0.5797,-2.6010,117.9368,0.0000,0.941761,False
hot,-1.3030,-3.0676,117.9368,0.0000,0.941763,False
hot,3.2178,2.0228,117.9368,0.0000,0.941763,False
cold,0.0352,-2.7282,117.9368,-0.0000,0.941764,False
cold,3.0008,2.4894,117.9368,-0.0000,0.941764,False
hot,0.1437,-2.6010,117.9368,0.0000,0.941765,False
hot,-0.2180,-2.6434,117.9368,0.0000,0.941766,False
cold,1.7350,3.1257,117.9368,-0.0000,0.941766,False
hot,1.1563,-3.0676,117.9368,0.0000,0.941766,False
hot,-0.7967,-3.0676,117.9368,0.0000,0.941769,False
cold,2.9285,2.4470,117.9368,-0.0000,0.941769,False
hot,-1.1222,-2.4737,117.9368,0.0000,0.941769,False
hot,-0.4350,-2.9828,117.9368,0.0000,0.941771,False
cold,-0.3627,-2.8131,117.9368,-0.0000,0.941774,False
hot,3.2901,2.1500,117.9368,0.0000,0.941774,False
hot,-0.1818,-3.1100,117.9368,0.0000,0.941775,False
cold,3.3625,2.6591,117.9368,-0.0000,0.941776,False
cold,3.2178,2.1925,117.9368,-0.0000,0.941776,False
cold,-0.7243,-2.9828,117.9368,-0.0000,0.941780,False
cold,-0.2542,-3.0252,117.9368,-0.0000,0.941780,False
hot,-1.5923,-1.8374,117.9368,0.0000,0.941781,False
hot,3.1816,1.7683,117.9368,0.0000,0.941781,False
cold,3.1093,3.1257,117.9368,-0.0000,0.941781,False
hot,3.2901,1.7258,117.9368,0.0000,0.941781,False
hot,1.3010,-3.0676,117.9368,0.0000,0.941784,False
hot,3.3263,2.9136,117.9368,0.0000,0.941784,False
hot,0.7947,-2.3889,117.9368,0.0000,0.941785,False
hot,3.3625,1.4713,117.9368,0.0000,0.941786,False
hot,0.0352,-2.5586,117.9368,0.0000,0.941786,False
hot,-1.3392,-2.1344,117.9368,0.0000,0.941788,False
cold,3.2901,2.1076,117.9368,-0.0000,0.941789,False
hot,2.7476,2.5742,117.9368,0.0000,0.941790,False
cold,0.4330,-2.6434,117.9368,-0.0000,0.941790,False
cold,-0.4350,-2.6858,117.9368,-0.0000,0.941790,False
hot,-1.1222,-2.7282,117.9368,0.0000,0.941791,False
cold,2.5668,3.0833,117.9368,-0.0000,0.941792,False
cold,-0.1818,-2.8131,117.9368,-0.0000,0.941795,False
cold,3.3625,2.1076,117.9368,-0.0000,0.941795,False
cold,0.7223,-3.0252,117.9368,-0.0000,0.941795,False
hot,2.9285,2.7015,117.9368,0.0000,0.941796,False
cold,2.8200,3.0833,117.9368,-0.0000,0.941798,False
hot,2.7115,2.7015,117.9368,0.0000,0.941799,False
cold,3.1816,1.9804,117.9368,-0.0000,0.941800,False
hot,-1.7731,-2.8555,117.9368,0.0000,0.941800,False
hot,0.1798,-2.9403,117.9368,0.0000,0.941800,False
hot,3.1455,1.9379,117.9368,0.0000,0.941801,False
hot,3.0370,2.1500,117.9368,0.0000,0.941802,False
hot,-0.0010,-2.8555,117.9368,0.0000,0.941802,False
cold,-1.7008,-2.3040,117.9368,-0.0000,0.941803,False
hot,-1.7731,-1.9223,117.9368,0.0000,0.941803,False
hot,3.1455,1.8531,117.9368,0.0000,0.941803,False
hot,2.7838,2.2349,117.9368,0.0000,0.941804,False
hot,2.7115,2.5742,117.9368,0.0000,0.941807,False
cold,-1.5200,-2.4737,117.9368,-0.0000,0.941808,False
hot,0.8308,-2.7282,117.9368,0.0000,0.941809,False
hot,2.9285,1.9804,117.9368,0.0000,0.941811,False
cold,0.1075,-2.8131,117.9368,-0.0000,0.941811,False
cold,0.9393,-3.1100,117.9368,-0.0000,0.941812,False
hot,-1.8455,-1.5829,117.9368,0.0000,0.941813,False
hot,-1.5200,-2.8555,117.9368,0.0000,0.941813,False
cold,-1.7731,-2.7707,117.9368,-0.0000,0.941813,False
cold,-1.7731,-1.9223,117.9368,-0.0000,0.941814,False
hot,1.2287,-2.9403,117.9368,0.0000,0.941814,False
cold,-1.8455,-2.5586,117.9368,-0.0000,0.941815,False
hot,2.5306,2.9984,117.9368,0.0000,0.941816,False
cold,1.4095,3.1257,117.9368,-0.0000,0.941817,False
hot,-1.4838,-1.8374,117.9368,0.0000,0.941817,False
hot,0.3968,-3.0252,117.9368,0.0000,0.941818,False
hot,1.3010,-3.0252,117.9368,0.0000,0.941821,False
hot,2.6030,3.0833,117.9368,0.0000,0.941823,False
cold,2.7476,2.5742,117.9368,-0.0000,0.941823,False
cold,-0.8328,-2.7707,117.9368,-0.0000,0.941825,False
hot,3.1816,2.9136,117.9368,0.0000,0.941827,False
cold,-1.8455,-2.9403,117.9368,-0.0000,0.941827,False
hot,-1.2668,-2.8555,117.9368,0.0000,0.941827,False
hot,0.3968,-2.3889,117.9368,0.0000,0.941828,False
cold,-1.0137,-2.7282,117.9368,-0.0000,0.941829,False
hot,0.4692,-2.6434,117.9368,0.0000,0.941830,False
cold,-1.5923,-2.2192,117.9368,-0.0000,0.941831,False
hot,3.1093,2.9136,117.9368,0.0000,0.941831,False
cold,3.2178,2.9560,117.9368,-0.0000,0.941832,False
hot,3.2540,3.0833,117.9368,0.0000,0.941835,False
hot,-1.4838,-2.0071,117.9368,0.0000,0.941836,False
cold,3.0731,2.3621,117.9368,-0.0000,0.941836,False
hot,-0.4712,-3.0252,117.9368,0.0000,0.941837,False
hot,0.9755,-3.0676,117.9368,0.0000,0.941838,False
hot,3.2178,3.1257,117.9368,0.0000,0.941838,False
hot,2.5668,2.9984,117.9368,0.0000,0.941839,False
hot,-1.5923,-2.2192,117.9368,0.0000,0.941840,False
hot,0.2883,-2.4313,117.9368,0.0000,0.941840,False
hot,-1.5923,-2.4313,117.9368,0.0000,0.941841,False
cold,0.4692,-2.6010,117.9368,-0.0000,0.941841,False
hot,2.4945,2.7439,117.9368,0.0000,0.941842,False
hot,-1.4838,-2.4313,117.9368,0.0000,0.941842,False
hot,3.3263,1.6410,117.9368,0.0000,0.941842,False
cold,2.9646,3.0409,117.9368,-0.0000,0.941844,False
hot,-1.1222,-2.9828,117.9368,0.0000,0.941844,False
hot,2.7476,3.0833,117.9368,0.0000,0.941845,False
cold,0.4692,-2.8131,117.9368,-0.0000,0.941846,False
hot,1.2648,-2.9403,117.9368,0.0000,0.941848,False
cold,-1.1222,-2.6434,117.9368,-0.0000,0.941849,False
cold,3.1816,2.9560,117.9368,-0.0000,0.941849,False
hot,-1.6285,-2.5586,117.9368,0.0000,0.941850,False
cold,-0.9775,-2.5586,117.9368,-0.0000,0.941851,False
hot,0.5053,-2.3040,117.9368,0.0000,0.941851,False
hot,0.7585,-2.3040,117.9368,0.0000,0.941854,False
cold,0.2160,-2.6858,117.9368,-0.0000,0.941856,False
hot,-0.7605,-2.5161,117.9368,0.0000,0.941861,False
hot,-0.5435,-2.9403,117.9368,0.0000,0.941861,False
hot,-0.9052,-2.3465,117.9368,0.0000,0.941861,False
hot,1.2648,-2.9828,117.9368,0.0000,0.941862,False
cold,-1.3392,-2.8131,117.9368,-0.0000,0.941862,False
hot,-0.8690,-2.8555,117.9368,0.0000,0.941862,False
hot,-1.3753,-2.3465,117.9368,0.0000,0.941864,False
cold,3.4348,3.0833,117.9368,-0.0000,0.941865,False
cold,3.0370,2.6591,117.9368,-0.0000,0.941866,False
cold,-0.1818,-3.1100,117.9368,-0.0000,0.941867,False
hot,2.3860,2.9984,117.9368,0.0000,0.941873,False
hot,0.8308,-2.9828,117.9368,0.0000,0.941875,False
cold,-0.1818,-2.8555,117.9368,-0.0000,0.941876,False
hot,-1.0860,-2.3889,117.9368,0.0000,0.941878,False
hot,3.4710,1.9804,117.9368,0.0000,0.941878,False
hot,2.8561,2.1500,117.9368,0.0000,0.941881,False
hot,-0.7967,-2.8979,117.9368,0.0000,0.941883,False
cold,-0.0010,-2.9403,117.9368,-0.0000,0.941883,False
cold,3.3986,2.7015,117.9368,-0.0000,0.941883,False
hot,1.0478,-3.1100,117.9368,0.0000,0.941885,False
hot,0.9755,-2.6858,117.9368,0.0000,0.941887,False
hot,3.2901,3.0833,117.9368,0.0000,0.941888,False
hot,-0.1095,-3.0676,117.9368,0.0000,0.941888,False
cold,2.9646,2.2773,117.9368,-0.0000,0.941889,False
cold,3.2178,2.7015,117.9368,-0.0000,0.941889,False
hot,-1.1945,-2.3889,117.9368,0.0000,0.941890,False
cold,-1.4115,-2.4313,117.9368,-0.0000,0.941890,False
hot,-1.7731,-1.9647,117.9368,0.0000,0.941892,False
cold,-0.5435,-3.0676,117.9368,-0.0000,0.941892,False
hot,2.9646,2.1076,117.9368,0.0000,0.941893,False
hot,3.0008,3.0409,117.9368,0.0000,0.941893,False
hot,3.1455,1.9804,117.9368,0.0000,0.941894,False
hot,-1.8455,-1.7102,117.9368,0.0000,0.941896,False
cold,1.2287,3.1257,117.9368,-0.0000,0.941896,False
hot,0.1798,-2.6010,117.9368,0.0000,0.941896,False
cold,3.3625,2.3621,117.9368,-0.0000,0.941898,False
cold,1.8073,3.0833,117.9368,-0.0000,0.941900,False
hot,1.3372,-3.0676,117.9368,0.0000,0.941901,False
hot,2.9285,2.4046,117.9368,0.0000,0.941901,False
cold,3.2901,2.9984,117.9368,-0.0000,0.941902,False
hot,2.9285,3.1257,117.9368,0.0000,0.941902,False
hot,-1.4115,-2.3465,117.9368,0.0000,0.941903,False
cold,1.9520,3.0409,117.9368,-0.0000,0.941906,False
cold,-1.3030,-2.7282,117.9368,-0.0000,0.941907,False
hot,-0.7967,-2.4737,117.9368,0.0000,0.941909,False
hot,-0.6520,-2.4737,117.9368,0.0000,0.941910,False
hot,3.0370,3.0409,117.9368,0.0000,0.941911,False
hot,0.5415,-2.6434,117.9368,0.0000,0.941911,False
hot,2.6391,2.8288,117.9368,0.0000,0.941912,False
hot,-1.7008,-1.4556,117.9368,0.0000,0.941912,False
cold,-1.5562,-2.1344,117.9368,-0.0000,0.941912,False
hot,-0.6520,-2.6010,117.9368,0.0000,0.941912,False
hot,3.4348,1.9804,117.9368,0.0000,0.941913,False
hot,-0.9775,-2.7282,117.9368,0.0000,0.941915,False
hot,0.0352,-2.6434,117.9368,0.0000,0.941916,False
hot,0.3968,-2.8979,117.9368,0.0000,0.941916,False
cold,0.0713,-2.9403,117.9368,-0.0000,0.941917,False
cold,3.1455,2.0228,117.9368,-0.0000,0.941918,False
cold,-0.5797,-2.9403,117.9368,-0.0000,0.941918,False
cold,-1.2307,-2.9828,117.9368,-0.0000,0.941919,False
hot,-0.1818,-3.0252,117.9368,0.0000,0.941919,False
cold,0.1798,-2.8555,117.9368,-0.0000,0.941919,False
hot,3.0370,2.9560,117.9368,0.0000,0.941919,False
hot,0.3607,-2.8131,117.9368,0.0000,0.941919,False
cold,0.9032,-2.7707,117.9368,-0.0000,0.941921,False
hot,-0.5797,-2.7707,117.9368,0.0000,0.941923,False
cold,-1.4838,-2.5161,117.9368,-0.0000,0.941924,False
hot,2.0243,2.9984,117.9368,0.0000,0.941925,False
hot,0.3968,-2.3465,117.9368,0.0000,0.941926,False
cold,1.8435,3.0833,117.9368,-0.0000,0.941926,False
hot,2.8923,2.4894,117.9368,0.0000,0.941927,False
cold,3.3263,2.2773,117.9368,-0.0000,0.941930,False
hot,-0.3265,-2.6858,117.9368,0.0000,0.941930,False
cold,0.2883,-2.9403,117.9368,-0.0000,0.941932,False
cold,-1.7731,-2.0071,117.9368,-0.0000,0.941932,False
cold,2.8561,2.8288,117.9368,-0.0000,0.941932,False
hot,-1.8093,-2.3040,117.9368,0.0000,0.941933,False
cold,-0.0372,-3.0676,117.9368,-0.0000,0.941935,False
cold,-1.6646,-2.1344,117.9368,-0.0000,0.941935,False
cold,-1.7731,-2.8979,117.9368,-0.0000,0.941935,False
hot,3.3263,2.6591,117.9368,0.0000,0.941936,False
hot,-1.6646,-2.3040,117.9368,0.0000,0.941936,False
hot,2.7838,2.5318,117.9368,0.0000,0.941937,False
cold,2.9646,2.0652,117.9368,-0.0000,0.941937,False
cold,-1.5562,-2.3889,117.9368,-0.0000,0.941937,False
hot,0.1798,-3.1100,117.9368,0.0000,0.941939,False
hot,3.2540,1.9804,117.9368,0.0000,0.941942,False
hot,3.2178,1.6834,117.9368,0.0000,0.941942,False
cold,-1.5923,-2.8131,117.9368,-0.0000,0.941943,False
hot,-1.0860,-2.6858,117.9368,0.0000,0.941943,False
cold,3.0731,2.3197,117.9368,-0.0000,0.941945,False
hot,0.7223,-2.2192,117.9368,0.0000,0.941945,False
cold,-1.6646,-2.8131,117.9368,-0.0000,0.941947,False
hot,3.0370,2.7015,117.9368,0.0000,0.941948,False
hot,2.4583,3.0833,117.9368,0.0000,0.941949,False
cold,-1.0498,-3.1100,117.9368,-0.0000,0.941949,False
cold,-1.5200,-2.6010,117.9368,-0.0000,0.941949,False
hot,-1.4477,-3.0676,117.9368,0.0000,0.941950,False
cold,3.3986,3.0409,117.9368,-0.0000,0.941950,False
hot,3.4710,3.0833,117.9368,0.0000,0.941950,False
cold,0.3968,-2.9403,117.9368,-0.0000,0.941951,False
cold,3.3986,2.0228,117.9368,-0.0000,0.941952,False
cold,-1.3392,-2.3040,117.9368,-0.0000,0.941952,False
cold,0.8670,-2.8131,117.9368,-0.0000,0.941953,False
cold,0.2522,-2.9828,117.9368,-0.0000,0.941953,False
cold,-0.2180,-2.7282,117.9368,-0.0000,0.941956,False
hot,-1.6285,-2.6434,117.9368,0.0000,0.941956,False
hot,0.4692,-2.6858,117.9368,0.0000,0.941956,False
cold,2.7838,3.0409,117.9368,-0.0000,0.941957,False
hot,3.3263,2.4470,117.9368,0.0000,0.941958,False
cold,-0.1818,-3.0676,117.9368,-0.0000,0.941958,False
cold,-1.3753,-2.6858,117.9368,-0.0000,0.941958,False
hot,-0.6520,-2.8979,117.9368,0.0000,0.941958,False
hot,-0.6158,-2.5586,117.9368,0.0000,0.941960,False
hot,-1.5923,-2.5586,117.9368,0.0000,0.941961,False
hot,2.4583,2.9984,117.9368,0.0000,0.941961,False
hot,-1.6285,-1.7526,117.9368,0.0000,0.941962,False
hot,2.5668,3.0833,117.9368,0.0000,0.941963,False
hot,0.0713,-2.4737,117.9368,0.0000,0.941966,False
cold,-1.5923,-2.8555,117.9368,-0.0000,0.941967,False
cold,0.6138,-3.0252,117.9368,-0.0000,0.941969,False
hot,-1.0137,-3.0252,117.9368,0.0000,0.941969,False
hot,-0.0733,-3.1100,117.9368,0.0000,0.941969,False
hot,3.1816,2.2349,117.9368,0.0000,0.941970,False
hot,0.3607,-3.1100,117.9368,0.0000,0.941973,False
hot,2.0966,2.8712,117.9368,0.0000,0.941974,False
hot,3.0370,2.9136,117.9368,0.0000,0.941976,False
cold,0.0352,-2.8555,117.9368,-0.0000,0.941976,False
cold,-0.1818,-2.7707,117.9368,-0.0000,0.941977,False
cold,0.0352,-2.9828,117.9368,-0.0000,0.941977,False
hot,3.2540,2.1076,117.9368,0.0000,0.941978,False
hot,0.5053,-2.8131,117.9368,0.0000,0.941978,False
hot,-0.8328,-2.3889,117.9368,0.0000,0.941980,False
hot,-1.6285,-2.3465,117.9368,0.0000,0.941980,False
hot,0.4692,-2.3040,117.9368,0.0000,0.941980,False
hot,-1.0860,-3.1100,117.9368,0.0000,0.941981,False
hot,-1.3030,-2.0495,117.9368,0.0000,0.941982,False
hot,3.0731,2.1500,117.9368,0.0000,0.941982,False
hot,0.6862,-2.2192,117.9368,0.0000,0.941983,False
hot,0.6862,-2.9403,117.9368,0.0000,0.941984,False
hot,-1.6285,-1.9647,117.9368,0.0000,0.941984,False
cold,3.2178,2.1500,117.9368,-0.0000,0.941985,False
cold,0.9755,-3.0676,117.9368,-0.0000,0.941985,False
hot,3.3986,2.7015,117.9368,0.0000,0.941986,False
cold,-0.9413,-3.1100,117.9368,-0.0000,0.941991,False
cold,-1.7008,-3.0676,117.9368,-0.0000,0.941993,False
cold,0.1437,-3.0252,117.9368,-0.0000,0.941994,False
hot,-0.3627,-2.7282,117.9368,0.0000,0.941994,False
cold,-1.3753,-3.0252,117.9368,-0.0000,0.941995,False
hot,0.5777,-2.2192,117.9368,0.0000,0.941996,False
hot,-1.5200,-2.8979,117.9368,0.0000,0.941997,False
hot,-1.4115,-2.5161,117.9368,0.0000,0.941998,False
hot,-0.7605,-2.4737,117.9368,0.0000,0.941998,False
hot,-0.3988,-2.8555,117.9368,0.0000,0.942000,False
cold,-0.7967,-2.6858,117.9368,-0.0000,0.942001,False
cold,3.3263,2.3197,117.9368,-0.0000,0.942002,False
hot,2.7476,2.7015,117.9368,0.0000,0.942002,False
cold,3.4348,2.4894,117.9368,-0.0000,0.942002,False
cold,0.9393,-3.0252,117.9368,-0.0000,0.942002,False
hot,3.4348,2.0228,117.9368,0.0000,0.942003,False
hot,0.3607,-3.0252,117.9368,0.0000,0.942003,False
cold,-1.7008,-2.4737,117.9368,-0.0000,0.942004,False
hot,3.2901,1.6834,117.9368,0.0000,0.942006,False
cold,-1.4838,-2.8979,117.9368,-0.0000,0.942007,False
hot,-1.8093,-1.7950,117.9368,0.0000,0.942008,False
hot,-1.5923,-1.9647,117.9368,0.0000,0.942009,False
hot,-0.1457,-2.6010,117.9368,0.0000,0.942010,False
hot,-1.8455,-2.8555,117.9368,0.0000,0.942010,False
hot,0.3607,-2.8979,117.9368,0.0000,0.942012,False
cold,-1.0498,-2.9403,117.9368,-0.0000,0.942013,False
hot,3.1455,2.1925,117.9368,0.0000,0.942014,False
hot,-0.9052,-2.3889,117.9368,0.0000,0.942017,False
cold,-1.7731,-3.1100,117.9368,-0.0000,0.942017,False
hot,0.9393,-2.8131,117.9368,0.0000,0.942018,False
cold,2.4221,2.9984,117.9368,-0.0000,0.942019,False
hot,-0.5073,-2.8555,117.9368,0.0000,0.942020,False
cold,3.0731,3.1257,117.9368,-0.0000,0.942020,False
cold,2.4221,3.1257,117.9368,-0.0000,0.942023,False
hot,3.3263,2.3621,117.9368,0.0000,0.942027,False
hot,2.5306,3.0833,117.9368,0.0000,0.942032,False
hot,3.3263,2.5742,117.9368,0.0000,0.942032,False
hot,2.8561,2.4046,117.9368,0.0000,0.942033,False
cold,2.2051,3.0833,117.9368,-0.0000,0.942034,False
hot,0.9393,-2.7707,117.9368,0.0000,0.942034,False
hot,-0.6882,-2.6858,117.9368,0.0000,0.942034,False
cold,-1.8093,-2.9828,117.9368,-0.0000,0.942035,False
hot,-0.3988,-2.6858,117.9368,0.0000,0.942036,False
hot,-1.1222,-2.6434,117.9368,0.0000,0.942036,False
hot,2.8923,2.0228,117.9368,0.0000,0.942037,False
hot,-0.9775,-2.9828,117.9368,0.0000,0.942037,False
hot,1.3010,-2.9403,117.9368,0.0000,0.942038,False
cold,0.5053,-2.8555,117.9368,-0.0000,0.942039,False
cold,0.7223,-2.8979,117.9368,-0.0000,0.942040,False
hot,2.5668,2.9560,117.9368,0.0000,0.942040,False
hot,-1.7008,-1.5405,117.9368,0.0000,0.942042,False
cold,3.1093,2.4046,117.9368,-0.0000,0.942043,False
hot,-1.5200,-2.0919,117.9368,0.0000,0.942044,False
hot,-0.5797,-3.0252,117.9368,0.0000,0.942045,False
cold,-1.6646,-2.8979,117.9368,-0.0000,0.942047,False
hot,3.4710,1.6834,117.9368,0.0000,0.942048,False
hot,-1.8093,-3.1100,117.9368,0.0000,0.942049,False
cold,0.6138,-2.7707,117.9368,-0.0000,0.942050,False
hot,1.2648,-2.8979,117.9368,0.0000,0.942050,False
cold,3.3625,2.3197,117.9368,-0.0000,0.942051,False
hot,-0.0372,-2.6010,117.9368,0.0000,0.942054,False
cold,-0.4350,-2.8555,117.9368,-0.0000,0.942055,False
cold,-1.7370,-3.1100,117.9368,-0.0000,0.942056,False
hot,2.6753,3.1257,117.9368,0.0000,0.942057,False
cold,3.3986,2.6591,117.9368,-0.0000,0.942057,False
cold,-1.4477,-2.9403,117.9368,-0.0000,0.942059,False
hot,-1.7008,-2.7707,117.9368,0.0000,0.942060,False
hot,3.1093,2.1500,117.9368,0.0000,0.942064,False
cold,2.9285,2.2773,117.9368,-0.0000,0.942067,False
cold,-1.5200,-2.9828,117.9368,-0.0000,0.942069,False
hot,0.6138,-3.0252,117.9368,0.0000,0.942069,False
hot,2.7476,2.4470,117.9368,0.0000,0.942070,False
hot,0.3968,-2.9828,117.9368,0.0000,0.942070,False
cold,0.4330,-3.0252,117.9368,-0.0000,0.942070,False
cold,2.1328,3.0409,117.9368,-0.0000,0.942070,False
hot,0.9755,-2.8555,117.9368,0.0000,0.942071,False
hot,-0.5797,-2.8555,117.9368,0.0000,0.942072,False
cold,2.6753,2.8712,117.9368,-0.0000,0.942073,False
cold,3.1455,2.2773,117.9368,-0.0000,0.942074,False
hot,-1.3030,-2.7707,117.9368,0.0000,0.942074,False
cold,-1.4838,-2.1344,117.9368,-0.0000,0.942076,False
hot,0.7947,-2.6858,117.9368,0.0000,0.942077,False
hot,2.8923,2.3197,117.9368,0.0000,0.942077,False
cold,3.3263,2.6591,117.9368,-0.0000,0.942078,False
hot,3.3625,2.7015,117.9368,0.0000,0.942078,False
hot,3.0370,2.2349,117.9368,0.0000,0.942079,False
cold,3.3625,2.1500,117.9368,-0.0000,0.942079,False
cold,3.3986,2.5742,117.9368,-0.0000,0.942079,False
hot,2.4221,3.0409,117.9368,0.0000,0.942080,False
hot,2.9285,2.6591,117.9368,0.0000,0.942080,False
hot,2.9646,2.4470,117.9368,0.0000,0.942081,False
hot,2.4221,2.7863,117.9368,0.0000,0.942082,False
hot,2.5306,2.5742,117.9368,0.0000,0.942082,False
hot,-1.6646,-1.9223,117.9368,0.0000,0.942083,False
cold,0.7947,-3.0252,117.9368,-0.0000,0.942085,False
hot,-1.8455,-2.6434,117.9368,0.0000,0.942085,False
cold,3.4710,2.7863,117.9368,-0.0000,0.942086,False
hot,-0.1095,-2.7707,117.9368,0.0000,0.942089,False
hot,-0.8328,-3.0252,117.9368,0.0000,0.942089,False
cold,-1.7008,-1.8798,117.9368,-0.0000,0.942093,False
hot,3.4710,2.7439,117.9368,0.0000,0.942094,False
cold,-1.5200,-2.7707,117.9368,-0.0000,0.942094,False
cold,-1.0137,-2.5586,117.9368,-0.0000,0.942094,False
hot,0.7223,-3.1100,117.9368,0.0000,0.942096,False
hot,-0.8690,-2.7282,117.9368,0.0000,0.942097,False
cold,-1.8093,-2.9403,117.9368,-0.0000,0.942097,False
hot,2.7838,2.9984,117.9368,0.0000,0.942097,False
hot,-1.0137,-2.2616,117.9368,0.0000,0.942098,False
hot,-0.3988,-2.5161,117.9368,0.0000,0.942100,False
hot,1.0478,-2.7282,117.9368,0.0000,0.942100,False
hot,-0.2180,-3.0676,117.9368,0.0000,0.942100,False
hot,-1.3753,-2.9403,117.9368,0.0000,0.942101,False
cold,1.6988,3.1257,117.9368,-0.0000,0.942101,False
hot,0.6862,-2.7707,117.9368,0.0000,0.942101,False
hot,2.6030,2.4894,117.9368,0.0000,0.942102,False
cold,0.7223,-2.6434,117.9368,-0.0000,0.942103,False
hot,3.1816,2.8288,117.9368,0.0000,0.942103,False
cold,0.3968,-2.5586,117.9368,-0.0000,0.942104,False
hot,2.7838,2.7863,117.9368,0.0000,0.942104,False
cold,-0.9052,-2.8555,117.9368,-0.0000,0.942104,False
cold,-1.8455,-2.4737,117.9368,-0.0000,0.942106,False
cold,2.7476,2.9136,117.9368,-0.0000,0.942106,False
cold,0.9755,-2.9828,117.9368,-0.0000,0.942107,False
cold,-0.6520,-2.9403,117.9368,-0.0000,0.942108,False
hot,2.0605,2.9984,117.9368,0.0000,0.942108,False
hot,3.1093,2.3197,117.9368,0.0000,0.942109,False
cold,0.5777,-3.0676,117.9368,-0.0000,0.942110,False
hot,0.2883,-2.6858,117.9368,0.0000,0.942112,False
cold,0.0713,-2.7707,117.9368,-0.0000,0.942112,False
hot,2.3498,2.9560,117.9368,0.0000,0.942112,False
hot,-1.7008,-3.0252,117.9368,0.0000,0.942113,False
hot,-1.4115,-2.9828,117.9368,0.0000,0.942114,False
cold,3.1093,2.6167,117.9368,-0.0000,0.942118,False
hot,0.2883,-3.0252,117.9368,0.0000,0.942118,False
hot,-0.3627,-2.5586,117.9368,0.0000,0.942120,False
cold,0.2160,-3.0676,117.9368,-0.0000,0.942120,False
cold,-1.0498,-2.6858,117.9368,-0.0000,0.942121,False
cold,-0.5797,-2.6858,117.9368,-0.0000,0.942121,False
hot,-0.0372,-3.1100,117.9368,0.0000,0.942121,False
hot,-1.0498,-2.8555,117.9368,0.0000,0.942123,False
hot,-0.4712,-2.7707,117.9368,0.0000,0.942124,False
cold,0.6138,-2.7282,117.9368,-0.0000,0.942127,False
hot,-1.7731,-1.5405,117.9368,0.0000,0.942127,False
cold,-1.2668,-2.9403,117.9368,-0.0000,0.942127,False
hot,-0.1818,-2.8979,117.9368,0.0000,0.942128,False
cold,2.6030,2.8712,117.9368,-0.0000,0.942128,False
hot,-1.6646,-2.6434,117.9368,0.0000,0.942130,False
hot,-1.2668,-2.4313,117.9368,0.0000,0.942134,False
hot,0.4330,-2.8555,117.9368,0.0000,0.942134,False
hot,3.2178,2.6167,117.9368,0.0000,0.942136,False
hot,-1.6285,-1.9223,117.9368,0.0000,0.942137,False
cold,3.3986,3.0833,117.9368,-0.0000,0.942137,False
hot,2.4945,3.1257,117.9368,0.0000,0.942137,False
hot,3.2178,2.5318,117.9368,0.0000,0.942139,False
hot,3.2901,1.5562,117.9368,0.0000,0.942140,False
hot,0.7223,-2.7707,117.9368,0.0000,0.942140,False
hot,3.0370,2.8288,117.9368,0.0000,0.942140,False
hot,2.6391,2.4470,117.9368,0.0000,0.942142,False
hot,-1.5562,-1.7950,117.9368,0.0000,0.942143,False
cold,2.8561,2.5742,117.9368,-0.0000,0.942143,False
hot,-1.4477,-2.9403,117.9368,0.0000,0.942145,False
cold,3.4710,1.8531,117.9368,-0.0000,0.942145,False
cold,-0.3627,-2.7282,117.9368,-0.0000,0.942146,False
hot,-1.4477,-2.6010,117.9368,0.0000,0.942147,False
hot,-1.5562,-1.9647,117.9368,0.0000,0.942149,False
cold,0.3245,-2.7707,117.9368,-0.0000,0.942149,False
cold,3.4710,2.9984,117.9368,-0.0000,0.942151,False
hot,0.3245,-2.6858,117.9368,0.0000,0.942152,False
cold,0.2522,-3.0676,117.9368,-0.0000,0.942153,False
hot,3.1093,2.0228,117.9368,0.0000,0.942154,False
cold,0.8670,-2.7707,117.9368,-0.0000,0.942155,False
cold,3.4710,2.9136,117.9368,-0.0000,0.942156,False
hot,-0.8690,-3.0252,117.9368,0.0000,0.942157,False
hot,3.3263,1.5137,117.9368,0.0000,0.942161,False
hot,0.6500,-2.5161,117.9368,0.0000,0.942161,False
hot,2.6753,2.5318,117.9368,0.0000,0.942163,False
hot,-0.6158,-2.8979,117.9368,0.0000,0.942165,False
hot,3.0731,2.5742,117.9368,0.0000,0.942165,False
hot,-0.7243,-2.8555,117.9368,0.0000,0.942165,False
hot,-0.9413,-2.6010,117.9368,0.0000,0.942165,False
hot,2.2413,2.7863,117.9368,0.0000,0.942167,False
hot,-1.4477,-1.9223,117.9368,0.0000,0.942168,False
cold,-1.6285,-2.4313,117.9368,-0.0000,0.942170,False
cold,3.1093,2.1500,117.9368,-0.0000,0.942170,False
hot,-0.5435,-2.8131,117.9368,0.0000,0.942171,False
hot,-0.0010,-2.7282,117.9368,0.0000,0.942171,False
cold,-1.0498,-2.7707,117.9368,-0.0000,0.942172,False
hot,-1.0137,-2.3889,117.9368,0.0000,0.942172,False
cold,2.2413,3.0833,117.9368,-0.0000,0.942172,False
cold,2.7476,3.0833,117.9368,-0.0000,0.942173,False
hot,0.6138,-3.1100,117.9368,0.0000,0.942174,False
cold,-1.8455,-2.0071,117.9368,-0.0000,0.942174,False
cold,0.1798,-2.8979,117.9368,-0.0000,0.942177,False
cold,-1.6285,-2.9403,117.9368,-0.0000,0.942177,False
hot,0.0713,-2.6434,117.9368,0.0000,0.942179,False
hot,2.6030,2.7863,117.9368,0.0000,0.942179,False
cold,2.7838,2.6591,117.9368,-0.0000,0.942179,False
cold,-1.1945,-2.5161,117.9368,-0.0000,0.942180,False
hot,-1.5562,-2.6010,117.9368,0.0000,0.942180,False
cold,-1.3753,-2.4737,117.9368,-0.0000,0.942181,False
hot,-1.0498,-2.3040,117.9368,0.0000,0.942181,False
hot,3.3625,2.9560,117.9368,0.0000,0.942181,False
cold,2.2051,3.1257,117.9368,-0.0000,0.942182,False
cold,-1.1222,-2.4737,117.9368,-0.0000,0.942182,False
cold,3.2901,2.4046,117.9368,-0.0000,0.942184,False
cold,1.8073,3.0409,117.9368,-0.0000,0.942184,False
cold,3.0370,2.1925,117.9368,-0.0000,0.942184,False
hot,0.2883,-2.8555,117.9368,0.0000,0.942185,False
hot,3.3263,1.5562,117.9368,0.0000,0.942186,False
hot,2.8200,2.4470,117.9368,0.0000,0.942186,False
cold,-0.7243,-2.8555,117.9368,-0.0000,0.942186,False
cold,-1.6285,-1.9647,117.9368,-0.0000,0.942187,False
hot,0.2883,-2.5586,117.9368,0.0000,0.942188,False
hot,-1.8093,-2.8555,117.9368,0.0000,0.942189,False
cold,-0.0010,-3.1100,117.9368,-0.0000,0.942190,False
cold,3.4348,2.6591,117.9368,-0.0000,0.942190,False
cold,2.5306,2.9984,117.9368,-0.0000,0.942191,False
hot,2.4945,2.8712,117.9368,0.0000,0.942191,False
cold,-1.5562,-2.3465,117.9368,-0.0000,0.942191,False
hot,-0.8690,-2.4737,117.9368,0.0000,0.942191,False
hot,0.3968,-2.4313,117.9368,0.0000,0.942192,False
hot,2.8200,2.1925,117.9368,0.0000,0.942192,False
cold,1.7712,3.0409,117.9368,-0.0000,0.942193,False
hot,2.9285,2.0652,117.9368,0.0000,0.942195,False
cold,-1.0860,-2.5161,117.9368,-0.0000,0.942195,False
hot,0.4330,-2.9828,117.9368,0.0000,0.942195,False
cold,-1.7370,-2.6010,117.9368,-0.0000,0.942196,False
hot,1.1925,-2.9828,117.9368,0.0000,0.942199,False
hot,3.4710,3.1257,117.9368,0.0000,0.942199,False
hot,-1.5923,-2.4737,117.9368,0.0000,0.942202,False
hot,-1.7008,-2.8979,117.9368,0.0000,0.942202,False
cold,2.6391,3.0833,117.9368,-0.0000,0.942204,False
cold,0.5415,-2.9403,117.9368,-0.0000,0.942205,False
cold,-0.1457,-2.8555,117.9368,-0.0000,0.942209,False
hot,-0.7605,-3.0252,117.9368,0.0000,0.942209,False
hot,-0.7605,-2.7282,117.9368,0.0000,0.942209,False
hot,-1.5200,-2.1344,117.9368,0.0000,0.942210,False
hot,0.3245,-2.4313,117.9368,0.0000,0.942210,False
hot,0.5777,-2.6434,117.9368,0.0000,0.942211,False
cold,-1.6646,-2.9828,117.9368,-0.0000,0.942211,False
hot,0.9032,-2.5586,117.9368,0.0000,0.942212,False
cold,3.1093,2.3621,117.9368,-0.0000,0.942213,False
cold,-1.6646,-3.0252,117.9368,-0.0000,0.942214,False
hot,2.8561,2.4894,117.9368,0.0000,0.942214,False
cold,2.5668,3.0409,117.9368,-0.0000,0.942214,False
hot,-1.6646,-2.7282,117.9368,0.0000,0.942215,False
hot,-1.5200,-2.9828,117.9368,0.0000,0.942216,False
cold,0.8670,-3.0676,117.9368,-0.0000,0.942216,False
hot,0.6862,-2.7282,117.9368,0.0000,0.942218,False
cold,-1.2668,-2.5161,117.9368,-0.0000,0.942220,False
cold,-1.5562,-2.7707,117.9368,-0.0000,0.942221,False
cold,3.2178,1.9804,117.9368,-0.0000,0.942222,False
cold,-1.8093,-3.0676,117.9368,-0.0000,0.942222,False
hot,3.3625,2.7439,117.9368,0.0000,0.942223,False
cold,2.3498,3.0833,117.9368,-0.0000,0.942224,False
cold,1.7712,3.1257,117.9368,-0.0000,0.942224,False
hot,3.1093,1.8107,117.9368,0.0000,0.942224,False
cold,-1.4838,-2.8131,117.9368,-0.0000,0.942224,False
hot,0.5053,-2.9828,117.9368,0.0000,0.942224,False
hot,3.3625,1.7683,117.9368,0.0000,0.942225,False
cold,-1.5200,-2.8131,117.9368,-0.0000,0.942225,False
cold,-0.0010,-2.8979,117.9368,-0.0000,0.942225,False
hot,2.5306,3.1257,117.9368,0.0000,0.942226,False
hot,3.2540,2.2349,117.9368,0.0000,0.942229,False
hot,0.7585,-2.4313,117.9368,0.0000,0.942230,False
cold,-0.7605,-2.8131,117.9368,-0.0000,0.942231,False
hot,-0.6520,-2.8131,117.9368,0.0000,0.942231,False
hot,-0.8328,-2.8131,117.9368,0.0000,0.942234,False
hot,2.7476,2.9984,117.9368,0.0000,0.942235,False
hot,-1.1222,-3.1100,117.9368,0.0000,0.942235,False
hot,-1.8093,-2.8979,117.9368,0.0000,0.942237,False
cold,-1.3392,-3.1100,117.9368,-0.0000,0.942237,False
hot,0.1437,-2.5161,117.9368,0.0000,0.942238,False
cold,-0.9413,-3.0252,117.9368,-0.0000,0.942239,False
cold,-1.3030,-2.3889,117.9368,-0.0000,0.942239,False
cold,3.0008,3.1257,117.9368,-0.0000,0.942240,False
hot,2.5306,2.9136,117.9368,0.0000,0.942241,False
cold,1.0478,-3.0252,117.9368,-0.0000,0.942242,False
hot,3.2540,2.6591,117.9368,0.0000,0.942243,False
cold,-1.6646,-2.6858,117.9368,-0.0000,0.942244,False
hot,0.1437,-2.4313,117.9368,0.0000,0.942246,False
hot,2.3860,2.9136,117.9368,0.0000,0.942246,False
cold,-0.4350,-3.1100,117.9368,-0.0000,0.942246,False
hot,2.7476,2.4894,117.9368,0.0000,0.942247,False
hot,3.2178,1.8531,117.9368,0.0000,0.942248,False
hot,-1.6285,-2.2192,117.9368,0.0000,0.942249,False
cold,2.0605,3.0833,117.9368,-0.0000,0.942249,False
cold,0.4692,-2.6858,117.9368,-0.0000,0.942249,False
cold,-1.7370,-2.2616,117.9368,-0.0000,0.942249,False
hot,-1.0137,-2.8979,117.9368,0.0000,0.942253,False
hot,-1.0498,-2.3889,117.9368,0.0000,0.942254,False
hot,0.9393,-2.6010,117.9368,0.0000,0.942256,False
hot,-1.3392,-2.5586,117.9368,0.0000,0.942257,False
cold,-0.7605,-3.1100,117.9368,-0.0000,0.942258,False
hot,-1.5200,-2.4313,117.9368,0.0000,0.942259,False
cold,-0.5797,-3.0676,117.9368,-0.0000,0.942259,False
hot,-1.7370,-2.6858,117.9368,0.0000,0.942260,False
cold,0.6862,-2.5586,117.9368,-0.0000,0.942260,False
hot,0.4330,-2.5161,117.9368,0.0000,0.942261,False
cold,-1.1945,-2.6858,117.9368,-0.0000,0.942261,False
cold,-1.2668,-3.0252,117.9368,-0.0000,0.942262,False
hot,-1.3392,-2.0919,117.9368,0.0000,0.942263,False
cold,-1.6646,-2.9403,117.9368,-0.0000,0.942265,False
hot,2.3860,2.9560,117.9368,0.0000,0.942270,False
cold,2.6753,3.1257,117.9368,-0.0000,0.942273,False
hot,-0.9413,-2.3040,117.9368,0.0000,0.942273,False
hot,-1.8455,-2.3465,117.9368,0.0000,0.942273,False
cold,-1.2307,-3.0252,117.9368,-0.0000,0.942274,False
cold,0.9032,-2.8979,117.9368,-0.0000,0.942275,False
cold,2.6391,2.7439,117.9368,-0.0000,0.942277,False
cold,3.3625,3.0409,117.9368,-0.0000,0.942277,False
hot,-1.7370,-2.8131,117.9368,0.0000,0.942277,False
cold,-0.3627,-2.6858,117.9368,-0.0000,0.942279,False
cold,-0.0733,-3.1100,117.9368,-0.0000,0.942279,False
cold,3.0370,3.0409,117.9368,-0.0000,0.942281,False
hot,3.2178,1.9379,117.9368,0.0000,0.942282,False
cold,1.9520,3.1257,117.9368,-0.0000,0.942283,False
hot,3.3263,1.8955,117.9368,0.0000,0.942283,False
cold,0.5415,-2.6434,117.9368,-0.0000,0.942285,False
cold,0.5777,-2.6858,117.9368,-0.0000,0.942285,False
hot,2.9285,2.8288,117.9368,0.0000,0.942285,False
cold,-0.6882,-2.6858,117.9368,-0.0000,0.942285,False
cold,0.6138,-2.9828,117.9368,-0.0000,0.942286,False
cold,2.5306,2.9560,117.9368,-0.0000,0.942287,False
cold,-1.3753,-2.6434,117.9368,-0.0000,0.942290,False
cold,3.0370,2.7863,117.9368,-0.0000,0.942292,False
hot,-1.5200,-2.3889,117.9368,0.0000,0.942293,False
cold,2.7838,3.1257,117.9368,-0.0000,0.942293,False
hot,0.5053,-2.6010,117.9368,0.0000,0.942294,False
hot,0.8670,-2.8979,117.9368,0.0000,0.942296,False
hot,0.5777,-2.4737,117.9368,0.0000,0.942296,False
hot,2.1690,3.0409,117.9368,0.0000,0.942297,False
hot,2.5306,3.0409,117.9368,0.0000,0.942297,False
hot,0.6138,-2.2192,117.9368,0.0000,0.942298,False
hot,2.8200,2.6167,117.9368,0.0000,0.942298,False
hot,3.1816,2.8712,117.9368,0.0000,0.942300,False
hot,-0.5797,-2.9403,117.9368,0.0000,0.942300,False
cold,3.1093,2.7015,117.9368,-0.0000,0.942300,False
hot,-1.6646,-3.0252,117.9368,0.0000,0.942301,False
hot,0.1437,-2.6434,117.9368,0.0000,0.942301,False
hot,-1.8093,-2.3889,117.9368,0.0000,0.942301,False
cold,2.2775,3.0409,117.9368,-0.0000,0.942303,False
hot,-1.0498,-2.9828,117.9368,0.0000,0.942303,False
hot,-1.3030,-2.6858,117.9368,0.0000,0.942305,False
cold,1.7712,3.0833,117.9368,-0.0000,0.942306,False
cold,-0.2903,-2.7707,117.9368,-0.0000,0.942307,False
cold,-1.6285,-2.1768,117.9368,-0.0000,0.942307,False
hot,-1.2668,-2.9828,117.9368,0.0000,0.942309,False
cold,-0.6882,-2.7282,117.9368,-0.0000,0.942309,False
cold,0.6862,-2.9828,117.9368,-0.0000,0.942310,False
cold,2.7838,2.7863,117.9368,-0.0000,0.942310,False
hot,0.7223,-2.4737,117.9368,0.0000,0.942311,False
hot,0.0713,-2.5586,117.9368,0.0000,0.942312,False
hot,0.3245,-2.9828,117.9368,0.0000,0.942313,False
hot,-0.9052,-2.6010,117.9368,0.0000,0.942313,False
cold,2.4583,2.9136,117.9368,-0.0000,0.942316,False
hot,-0.9775,-2.6434,117.9368,0.0000,0.942318,False
hot,-1.2307,-2.3889,117.9368,0.0000,0.942319,False
hot,-0.4712,-2.5161,117.9368,0.0000,0.942319,False
hot,-0.7605,-2.6858,117.9368,0.0000,0.942319,False
hot,2.9285,2.2349,117.9368,0.0000,0.942322,False
hot,-1.7731,-2.4737,117.9368,0.0000,0.942322,False
hot,2.8200,2.1500,117.9368,0.0000,0.942323,False
hot,-0.4350,-2.8979,117.9368,0.0000,0.942324,False
cold,2.6391,2.7863,117.9368,-0.0000,0.942324,False
hot,-1.7370,-1.4556,117.9368,0.0000,0.942325,False
cold,3.3263,3.0409,117.9368,-0.0000,0.942326,False
cold,3.3263,2.5318,117.9368,-0.0000,0.942327,False
cold,-1.0498,-2.7282,117.9368,-0.0000,0.942327,False
cold,-1.8093,-1.0314,117.9368,-0.0000,0.942328,False
hot,2.4945,2.9984,117.9368,0.0000,0.942328,False
hot,3.4710,2.9984,117.9368,0.0000,0.942329,False
cold,-1.7370,-2.0495,117.9368,-0.0000,0.942331,False
hot,-0.5073,-2.6010,117.9368,0.0000,0.942332,False
hot,2.9646,2.1500,117.9368,0.0000,0.942332,False
hot,-1.7731,-1.5829,117.9368,0.0000,0.942334,False
cold,-0.0733,-2.8979,117.9368,-0.0000,0.942337,False
hot,-1.5923,-2.0919,117.9368,0.0000,0.942337,False
cold,-0.4712,-2.6858,117.9368,-0.0000,0.942339,False
hot,0.3968,-2.8131,117.9368,0.0000,0.942340,False
cold,-1.7731,-2.3889,117.9368,-0.0000,0.942341,False
cold,-1.5200,-3.1100,117.9368,-0.0000,0.942342,False
cold,0.4330,-3.1100,117.9368,-0.0000,0.942342,False
hot,-1.5923,-2.6434,117.9368,0.0000,0.942342,False
cold,3.2540,3.0409,117.9368,-0.0000,0.942343,False
cold,0.2160,-2.7282,117.9368,-0.0000,0.942343,False
hot,-1.8093,-1.6677,117.9368,0.0000,0.942343,False
hot,-1.4115,-2.8555,117.9368,0.0000,0.942343,False
cold,-1.7731,-2.0919,117.9368,-0.0000,0.942343,False
hot,3.4348,2.5318,117.9368,0.0000,0.942345,False
hot,-1.4838,-2.2192,117.9368,0.0000,0.942345,False
cold,-0.6882,-2.6434,117.9368,-0.0000,0.942345,False
cold,-1.8093,-2.0919,117.9368,-0.0000,0.942345,False
cold,3.1816,3.1257,117.9368,-0.0000,0.942346,False
cold,2.7838,2.9560,117.9368,-0.0000,0.942346,False
cold,-1.3753,-2.6010,117.9368,-0.0000,0.942347,False
hot,0.8308,-2.4737,117.9368,0.0000,0.942349,False
hot,-1.0498,-2.4737,117.9368,0.0000,0.942349,False
hot,2.8200,2.8288,117.9368,0.0000,0.942349,False
hot,-1.0498,-2.6434,117.9368,0.0000,0.942350,False
hot,-0.3988,-3.1100,117.9368,0.0000,0.942351,False
cold,2.8923,2.7015,117.9368,-0.0000,0.942352,False
hot,-1.1945,-2.8979,117.9368,0.0000,0.942354,False
cold,2.6753,2.8288,117.9368,-0.0000,0.942355,False
hot,2.8200,2.7439,117.9368,0.0000,0.942355,False
cold,-0.3265,-3.0676,117.9368,-0.0000,0.942355,False
cold,-1.2307,-3.0676,117.9368,-0.0000,0.942356,False
hot,-0.5435,-3.1100,117.9368,0.0000,0.942357,False
hot,2.4945,2.6167,117.9368,0.0000,0.942358,False
hot,2.7838,2.9560,117.9368,0.0000,0.942358,False
cold,2.9285,3.1257,117.9368,-0.0000,0.942358,False
hot,3.4710,2.4046,117.9368,0.0000,0.942358,False
cold,-0.8328,-3.0676,117.9368,-0.0000,0.942359,False
cold,2.9285,2.5742,117.9368,-0.0000,0.942360,False
hot,3.1816,1.6834,117.9368,0.0000,0.942361,False
hot,-0.3627,-2.6858,117.9368,0.0000,0.942364,False
hot,2.7838,2.4046,117.9368,0.0000,0.942365,False
cold,-1.3753,-2.5161,117.9368,-0.0000,0.942368,False
hot,3.1455,2.3197,117.9368,0.0000,0.942368,False
hot,0.8670,-2.5586,117.9368,0.0000,0.942369,False
hot,-0.8690,-2.6434,117.9368,0.0000,0.942369,False
cold,-1.0860,-3.0252,117.9368,-0.0000,0.942369,False
cold,-1.8093,-1.1163,117.9368,-0.0000,0.942369,False
cold,-1.4838,-2.3465,117.9368,-0.0000,0.942371,False
hot,0.2522,-2.5161,117.9368,0.0000,0.942373,False
hot,-1.3030,-2.2616,117.9368,0.0000,0.942373,False
cold,1.4818,3.0833,117.9368,-0.0000,0.942375,False
hot,0.8670,-2.4313,117.9368,0.0000,0.942375,False
hot,-1.8455,-1.7526,117.9368,0.0000,0.942377,False
cold,-1.5923,-2.0495,117.9368,-0.0000,0.942378,False
hot,2.8923,2.1925,117.9368,0.0000,0.942379,False
hot,0.7223,-2.8555,117.9368,0.0000,0.942380,False
hot,1.1563,-2.7707,117.9368,0.0000,0.942381,False
cold,-1.3753,-2.3040,117.9368,-0.0000,0.942382,False
hot,-1.1583,-2.6858,117.9368,0.0000,0.942383,False
cold,1.1202,-3.0252,117.9368,-0.0000,0.942384,False
hot,-0.5435,-2.9828,117.9368,0.0000,0.942384,False
cold,1.5542,3.0833,117.9368,-0.0000,0.942384,False
hot,-1.7370,-1.7526,117.9368,0.0000,0.942384,False
hot,-0.5073,-2.7707,117.9368,0.0000,0.942389,False
hot,0.1075,-2.4737,117.9368,0.0000,0.942389,False
cold,-1.7731,-2.6434,117.9368,-0.0000,0.942390,False
hot,-1.8455,-2.9828,117.9368,0.0000,0.942391,False
cold,2.3498,2.9984,117.9368,-0.0000,0.942391,False
cold,2.6391,2.8288,117.9368,-0.0000,0.942392,False
hot,0.4330,-2.3040,117.9368,0.0000,0.942393,False
cold,0.2522,-2.9403,117.9368,-0.0000,0.942394,False
hot,-1.4115,-2.1344,117.9368,0.0000,0.942394,False
hot,3.0008,2.3197,117.9368,0.0000,0.942395,False
cold,-0.9052,-2.9403,117.9368,-0.0000,0.942397,False
hot,3.4348,2.1500,117.9368,0.0000,0.942399,False
hot,-1.8455,-3.0676,117.9368,0.0000,0.942399,False
cold,-1.0860,-2.6010,117.9368,-0.0000,0.942402,False
cold,-1.4838,-2.7707,117.9368,-0.0000,0.942405,False
hot,-1.8093,-2.6858,117.9368,0.0000,0.942406,False
hot,3.2901,2.2773,117.9368,0.0000,0.942407,False
hot,2.8200,2.9136,117.9368,0.0000,0.942407,False
hot,-0.0010,-2.9828,117.9368,0.0000,0.942408,False
hot,0.2160,-2.7282,117.9368,0.0000,0.942408,False
hot,-1.0137,-2.3465,117.9368,0.0000,0.942409,False
hot,-1.2307,-2.1768,117.9368,0.0000,0.942409,False
cold,-1.7731,-2.0495,117.9368,-0.0000,0.942411,False
cold,-0.3988,-2.8131,117.9368,-0.0000,0.942413,False
hot,0.8308,-2.5586,117.9368,0.0000,0.942413,False
cold,3.3986,1.7683,117.9368,-0.0000,0.942416,False
cold,3.2901,2.9560,117.9368,-0.0000,0.942417,False
hot,2.7476,2.8288,117.9368,0.0000,0.942417,False
hot,0.8670,-2.7282,117.9368,0.0000,0.942418,False
hot,-1.0137,-2.7707,117.9368,0.0000,0.942419,False
hot,2.8923,3.0833,117.9368,0.0000,0.942419,False
hot,-0.1095,-2.4737,117.9368,0.0000,0.942422,False
cold,3.4348,2.9136,117.9368,-0.0000,0.942422,False
hot,-1.8455,-2.5586,117.9368,0.0000,0.942422,False
hot,-1.0860,-2.9828,117.9368,0.0000,0.942424,False
hot,-0.0733,-2.8979,117.9368,0.0000,0.942424,False
hot,-0.6882,-2.4313,117.9368,0.0000,0.942426,False
hot,-1.7008,-2.4313,117.9368,0.0000,0.942427,False
cold,2.7476,2.8288,117.9368,-0.0000,0.942427,False
cold,-1.4477,-2.1768,117.9368,-0.0000,0.942427,False
hot,1.9882,3.1257,117.9368,0.0000,0.942428,False
hot,-1.3030,-2.5586,117.9368,0.0000,0.942428,False
hot,3.4348,1.5562,117.9368,0.0000,0.942429,False
hot,-1.8455,-2.0495,117.9368,0.0000,0.942430,False
cold,2.7476,2.8712,117.9368,-0.0000,0.942430,False
hot,3.1816,2.6591,117.9368,0.0000,0.942431,False
hot,0.2160,-2.8555,117.9368,0.0000,0.942431,False
cold,-1.3392,-2.4737,117.9368,-0.0000,0.942435,False
hot,2.2413,2.8288,117.9368,0.0000,0.942436,False
hot,-1.3753,-2.0071,117.9368,0.0000,0.942436,False
cold,-0.9775,-3.0676,117.9368,-0.0000,0.942441,False
hot,0.3245,-3.0252,117.9368,0.0000,0.942441,False
hot,-0.1818,-3.0676,117.9368,0.0000,0.942442,False
hot,-1.5562,-2.0071,117.9368,0.0000,0.942443,False
cold,1.9520,3.0833,117.9368,-0.0000,0.942443,False
cold,-1.6285,-2.8979,117.9368,-0.0000,0.942444,False
hot,0.3607,-2.7282,117.9368,0.0000,0.942444,False
hot,-1.0137,-2.9828,117.9368,0.0000,0.942444,False
cold,-1.8093,-2.7707,117.9368,-0.0000,0.942445,False
cold,3.2540,2.7015,117.9368,-0.0000,0.942447,False
hot,0.1437,-2.8979,117.9368,0.0000,0.942448,False
cold,-1.6646,-2.0495,117.9368,-0.0000,0.942449,False
cold,-1.4477,-2.8555,117.9368,-0.0000,0.942450,False
hot,3.3263,2.8712,117.9368,0.0000,0.942450,False
cold,3.3263,2.9560,117.9368,-0.0000,0.942451,False
hot,-0.5073,-2.6858,117.9368,0.0000,0.942452,False
cold,0.8308,-2.8131,117.9368,-0.0000,0.942453,False
hot,-0.2903,-2.6010,117.9368,0.0000,0.942455,False
hot,0.0713,-3.0252,117.9368,0.0000,0.942455,False
hot,-0.9052,-2.9828,117.9368,0.0000,0.942455,False
hot,-1.6285,-3.1100,117.9368,0.0000,0.942455,False
hot,-1.7370,-1.7950,117.9368,0.0000,0.942456,False
cold,-1.3753,-2.3889,117.9368,-0.0000,0.942456,False
cold,2.5668,2.9984,117.9368,-0.0000,0.942458,False
hot,2.2051,3.0833,117.9368,0.0000,0.942459,False
cold,-0.5073,-2.8979,117.9368,-0.0000,0.942461,False
hot,-0.9413,-3.0676,117.9368,0.0000,0.942463,False
hot,2.6030,2.8288,117.9368,0.0000,0.942463,False
hot,2.2413,2.9984,117.9368,0.0000,0.942464,False
cold,3.4710,2.5318,117.9368,-0.0000,0.942464,False
cold,-1.7370,-2.7282,117.9368,-0.0000,0.942465,False
hot,-1.6646,-2.1344,117.9368,0.0000,0.942466,False
cold,2.4221,2.9136,117.9368,-0.0000,0.942466,False
hot,-1.5200,-3.0676,117.9368,0.0000,0.942466,False
cold,3.3986,2.6167,117.9368,-0.0000,0.942468,False
hot,-0.5435,-3.0252,117.9368,0.0000,0.942468,False
cold,-0.8328,-3.1100,117.9368,-0.0000,0.942469,False
cold,0.5053,-3.1100,117.9368,-0.0000,0.942469,False
hot,0.7223,-2.6858,117.9368,0.0000,0.942470,False
hot,0.2160,-2.6434,117.9368,0.0000,0.942470,False
hot,3.0370,2.1925,117.9368,0.0000,0.942470,False
cold,-0.6882,-2.8131,117.9368,-0.0000,0.942471,False
hot,3.3263,2.2773,117.9368,0.0000,0.942472,False
cold,-0.2542,-2.8979,117.9368,-0.0000,0.942473,False
cold,-0.9775,-2.9403,117.9368,-0.0000,0.942473,False
hot,-0.6158,-2.9403,117.9368,0.0000,0.942473,False
hot,2.4945,2.9136,117.9368,0.0000,0.942473,False
cold,3.4710,2.3197,117.9368,-0.0000,0.942473,False
hot,-1.5923,-2.3889,117.9368,0.0000,0.942473,False
hot,-1.0498,-2.5161,117.9368,0.0000,0.942474,False
hot,-0.0372,-2.7707,117.9368,0.0000,0.942474,False
hot,3.1455,2.9984,117.9368,0.0000,0.942477,False
hot,2.7838,2.3197,117.9368,0.0000,0.942477,False
hot,-1.1583,-3.0252,117.9368,0.0000,0.942481,False
hot,0.5053,-2.5586,117.9368,0.0000,0.942481,False
hot,3.2178,2.9136,117.9368,0.0000,0.942481,False
hot,-1.6646,-1.7102,117.9368,0.0000,0.942486,False
hot,1.1202,-3.0252,117.9368,0.0000,0.942486,False
cold,2.3136,3.1257,117.9368,-0.0000,0.942487,False
hot,-0.6158,-2.6010,117.9368,0.0000,0.942487,False
cold,3.4348,2.5742,117.9368,-0.0000,0.942488,False
cold,3.0370,2.7439,117.9368,-0.0000,0.942488,False
hot,-1.3392,-2.3889,117.9368,0.0000,0.942489,False
hot,-1.5200,-2.6434,117.9368,0.0000,0.942489,False
hot,0.2522,-2.6010,117.9368,0.0000,0.942490,False
cold,2.9285,2.5318,117.9368,-0.0000,0.942490,False
hot,3.0731,2.1925,117.9368,0.0000,0.942491,False
hot,-0.7243,-2.6858,117.9368,0.0000,0.942491,False
hot,2.9646,2.1925,117.9368,0.0000,0.942492,False
hot,-1.3392,-2.5161,117.9368,0.0000,0.942493,False
cold,-0.5797,-2.8979,117.9368,-0.0000,0.942493,False
hot,1.0840,-3.1100,117.9368,0.0000,0.942494,False
hot,3.4710,2.5742,117.9368,0.0000,0.942494,False
cold,3.1816,2.2773,117.9368,-0.0000,0.942495,False
hot,-0.1457,-2.6858,117.9368,0.0000,0.942495,False
cold,2.2775,2.9984,117.9368,-0.0000,0.942496,False
hot,-1.8093,-1.4981,117.9368,0.0000,0.942497,False
cold,-1.3753,-2.8131,117.9368,-0.0000,0.942497,False
hot,2.6030,2.9136,117.9368,0.0000,0.942497,False
hot,-1.5562,-2.2616,117.9368,0.0000,0.942498,False
hot,-1.6646,-2.6858,117.9368,0.0000,0.942499,False
hot,0.9032,-2.8555,117.9368,0.0000,0.942500,False
cold,-1.8455,-2.7707,117.9368,-0.0000,0.942500,False
hot,0.1437,-2.4737,117.9368,0.0000,0.942501,False
hot,0.1075,-2.8131,117.9368,0.0000,0.942501,False
cold,2.8200,3.1257,117.9368,-0.0000,0.942502,False
hot,3.0008,2.4894,117.9368,0.0000,0.942503,False
hot,0.5053,-2.8979,117.9368,0.0000,0.942503,False
cold,0.6500,-2.8979,117.9368,-0.0000,0.942504,False
hot,3.0731,2.9984,117.9368,0.0000,0.942504,False
hot,-1.4115,-2.4313,117.9368,0.0000,0.942509,False
hot,0.2522,-2.3889,117.9368,0.0000,0.942512,False
cold,0.2522,-2.8979,117.9368,-0.0000,0.942514,False
hot,-1.4838,-3.1100,117.9368,0.0000,0.942514,False
hot,2.0966,3.0833,117.9368,0.0000,0.942515,False
hot,3.4348,2.7439,117.9368,0.0000,0.942516,False
cold,-0.9413,-2.7707,117.9368,-0.0000,0.942517,False
cold,0.6138,-2.5586,117.9368,-0.0000,0.942517,False
hot,0.9393,-2.8979,117.9368,0.0000,0.942518,False
cold,-0.2903,-3.0252,117.9368,-0.0000,0.942518,False
hot,0.1075,-2.6858,117.9368,0.0000,0.942520,False
hot,3.2901,2.1076,117.9368,0.0000,0.942520,False
cold,0.2522,-2.7707,117.9368,-0.0000,0.942522,False
cold,-1.1583,-2.9828,117.9368,-0.0000,0.942522,False
hot,3.2540,2.8288,117.9368,0.0000,0.942522,False
cold,1.7350,2.9984,117.9368,-0.0000,0.942524,False
hot,-1.1945,-2.3465,117.9368,0.0000,0.942525,False
hot,-0.9775,-3.0252,117.9368,0.0000,0.942525,False
cold,3.0370,2.4470,117.9368,-0.0000,0.942525,False
cold,-1.7008,-3.0252,117.9368,-0.0000,0.942525,False
cold,-1.8093,-1.9223,117.9368,-0.0000,0.942526,False
hot,-1.3030,-2.8979,117.9368,0.0000,0.942527,False
hot,2.4945,2.5742,117.9368,0.0000,0.942528,False
hot,-1.5200,-2.6010,117.9368,0.0000,0.942528,False
hot,-1.7008,-1.7102,117.9368,0.0000,0.942528,False
hot,-0.7967,-2.4313,117.9368,0.0000,0.942529,False
cold,2.7838,2.9136,117.9368,-0.0000,0.942529,False
hot,-0.7243,-3.1100,117.9368,0.0000,0.942529,False
hot,3.3263,1.5986,117.9368,0.0000,0.942531,False
hot,0.1798,-2.6434,117.9368,0.0000,0.942532,False
cold,3.4710,1.9379,117.9368,-0.0000,0.942533,False
cold,-0.8328,-2.8979,117.9368,-0.0000,0.942533,False
hot,0.7585,-2.8555,117.9368,0.0000,0.942533,False
cold,1.8073,2.9984,117.9368,-0.0000,0.942534,False
cold,3.0008,2.9984,117.9368,-0.0000,0.942535,False
hot,0.1075,-2.7707,117.9368,0.0000,0.942535,False
hot,-0.9052,-2.5586,117.9368,0.0000,0.942536,False
hot,-1.3753,-2.8979,117.9368,0.0000,0.942537,False
hot,0.5415,-2.4313,117.9368,0.0000,0.942538,False
hot,-1.6285,-2.0495,117.9368,0.0000,0.942539,False
hot,-1.2307,-2.7282,117.9368,0.0000,0.942540,False
hot,-1.3030,-2.6010,117.9368,0.0000,0.942540,False
cold,2.5668,3.1257,117.9368,-0.0000,0.942541,False
hot,2.3136,2.7863,117.9368,0.0000,0.942541,False
cold,3.2540,1.9379,117.9368,-0.0000,0.942543,False
hot,-0.8328,-2.6010,117.9368,0.0000,0.942546,False
hot,3.3263,2.4046,117.9368,0.0000,0.942547,False
cold,-1.5923,-2.9828,117.9368,-0.0000,0.942551,False
cold,-0.5073,-3.0676,117.9368,-0.0000,0.942551,False
cold,-0.3627,-3.0252,117.9368,-0.0000,0.942551,False
cold,-1.6285,-2.8555,117.9368,-0.0000,0.942552,False
cold,3.1093,2.4894,117.9368,-0.0000,0.942554,False
hot,0.8308,-2.8979,117.9368,0.0000,0.942554,False
hot,-1.4115,-1.9647,117.9368,0.0000,0.942555,False
hot,0.3968,-3.1100,117.9368,0.0000,0.942555,False
cold,-0.1095,-2.8555,117.9368,-0.0000,0.942556,False
cold,0.0713,-3.0252,117.9368,-0.0000,0.942556,False
hot,2.0605,2.9136,117.9368,0.0000,0.942557,False
hot,1.3010,-3.1100,117.9368,0.0000,0.942559,False
hot,0.1437,-3.0676,117.9368,0.0000,0.942559,False
cold,1.8797,2.9984,117.9368,-0.0000,0.942561,False
hot,3.3986,1.8107,117.9368,0.0000,0.942562,False
cold,0.5053,-2.8131,117.9368,-0.0000,0.942563,False
hot,2.3860,2.8288,117.9368,0.0000,0.942565,False
hot,3.1816,2.6167,117.9368,0.0000,0.942566,False
hot,-0.6882,-2.9403,117.9368,0.0000,0.942566,False
hot,3.0008,2.5318,117.9368,0.0000,0.942566,False
hot,-0.9052,-2.8131,117.9368,0.0000,0.942566,False
cold,-0.6520,-2.8131,117.9368,-0.0000,0.942566,False
hot,1.3372,-2.9828,117.9368,0.0000,0.942568,False
cold,-1.2668,-2.6858,117.9368,-0.0000,0.942569,False
hot,3.3263,3.0409,117.9368,0.0000,0.942569,False
hot,3.1816,2.9560,117.9368,0.0000,0.942570,False
hot,2.9646,2.6167,117.9368,0.0000,0.942570,False
cold,0.5053,-2.5161,117.9368,-0.0000,0.942571,False
cold,-1.6646,-2.0919,117.9368,-0.0000,0.942573,False
hot,-1.4838,-2.9828,117.9368,0.0000,0.942574,False
cold,-0.6882,-3.0676,117.9368,-0.0000,0.942574,False
hot,2.5306,2.8288,117.9368,0.0000,0.942574,False
cold,0.3968,-2.8979,117.9368,-0.0000,0.942574,False
hot,0.3245,-2.7707,117.9368,0.0000,0.942574,False
hot,3.1093,1.7683,117.9368,0.0000,0.942576,False
cold,3.3263,2.8288,117.9368,-0.0000,0.942577,False
cold,-1.8455,-1.9223,117.9368,-0.0000,0.942578,False
cold,-1.2668,-2.7707,117.9368,-0.0000,0.942580,False
cold,-1.7008,-2.0919,117.9368,-0.0000,0.942580,False
cold,2.6030,3.0833,117.9368,-0.0000,0.942580,False
hot,3.0370,1.8955,117.9368,0.0000,0.942581,False
hot,0.5053,-2.6858,117.9368,0.0000,0.942582,False
cold,3.3986,2.7863,117.9368,-0.0000,0.942583,False
hot,-1.5200,-2.9403,117.9368,0.0000,0.942584,False
hot,2.6753,2.4046,117.9368,0.0000,0.942585,False
cold,-0.0372,-3.0252,117.9368,-0.0000,0.942585,False
cold,3.0008,2.6591,117.9368,-0.0000,0.942586,False
hot,-1.4115,-2.6010,117.9368,0.0000,0.942586,False
hot,2.4221,3.1257,117.9368,0.0000,0.942587,False
hot,1.0117,-2.7707,117.9368,0.0000,0.942589,False
cold,-0.8328,-2.6010,117.9368,-0.0000,0.942589,False
cold,-1.8093,-2.8131,117.9368,-0.0000,0.942589,False
cold,0.7223,-2.5586,117.9368,-0.0000,0.942589,False
hot,-1.1945,-2.2192,117.9368,0.0000,0.942590,False
cold,2.6391,2.8712,117.9368,-0.0000,0.942590,False
cold,-0.7243,-2.7282,117.9368,-0.0000,0.942594,False
cold,0.5777,-2.8979,117.9368,-0.0000,0.942595,False
cold,-1.7731,-1.9647,117.9368,-0.0000,0.942597,False
cold,3.0008,2.6167,117.9368,-0.0000,0.942599,False
hot,0.2522,-2.8555,117.9368,0.0000,0.942599,False
hot,0.7585,-2.2616,117.9368,0.0000,0.942600,False
hot,1.1925,-3.0252,117.9368,0.0000,0.942600,False
hot,-1.7008,-2.9828,117.9368,0.0000,0.942604,False
cold,2.9285,3.0409,117.9368,-0.0000,0.942605,False
cold,-1.0860,-2.6434,117.9368,-0.0000,0.942605,False
cold,0.0352,-2.9403,117.9368,-0.0000,0.942606,False
cold,-0.5797,-2.8131,117.9368,-0.0000,0.942607,False
cold,-0.9775,-2.7707,117.9368,-0.0000,0.942611,False
cold,0.0713,-3.0676,117.9368,-0.0000,0.942612,False
hot,0.6138,-2.7707,117.9368,0.0000,0.942613,False
hot,-1.5200,-2.4737,117.9368,0.0000,0.942615,False
hot,-0.7967,-2.9403,117.9368,0.0000,0.942617,False
hot,-1.6285,-2.9828,117.9368,0.0000,0.942618,False
cold,0.7947,-2.6858,117.9368,-0.0000,0.942619,False
hot,0.5415,-2.4737,117.9368,0.0000,0.942619,False
hot,-1.4477,-2.4313,117.9368,0.0000,0.942620,False
cold,2.8561,2.7439,117.9368,-0.0000,0.942620,False
hot,-1.6285,-2.0071,117.9368,0.0000,0.942621,False
hot,2.3136,2.9984,117.9368,0.0000,0.942621,False
hot,-1.5200,-2.2192,117.9368,0.0000,0.942622,False
hot,-0.8690,-2.9403,117.9368,0.0000,0.942622,False
hot,3.4348,3.0409,117.9368,0.0000,0.942623,False
hot,0.0352,-3.0252,117.9368,0.0000,0.942625,False
hot,-0.3988,-2.5586,117.9368,0.0000,0.942625,False
hot,0.5777,-3.0676,117.9368,0.0000,0.942626,False
cold,0.7585,-3.1100,117.9368,-0.0000,0.942628,False
cold,0.0713,-2.6858,117.9368,-0.0000,0.942628,False
cold,3.4710,2.1925,117.9368,-0.0000,0.942629,False
cold,-0.0372,-2.7282,117.9368,-0.0000,0.942630,False
cold,-1.4115,-2.8555,117.9368,-0.0000,0.942631,False
hot,2.0966,2.9560,117.9368,0.0000,0.942633,False
hot,0.1798,-2.8979,117.9368,0.0000,0.942634,False
hot,0.8308,-2.4313,117.9368,0.0000,0.942635,False
hot,-1.4477,-2.3465,117.9368,0.0000,0.942635,False
cold,-1.8093,-3.0252,117.9368,-0.0000,0.942636,False
cold,2.7476,2.9984,117.9368,-0.0000,0.942638,False
cold,-1.5923,-2.1768,117.9368,-0.0000,0.942639,False
hot,-0.6882,-2.4737,117.9368,0.0000,0.942642,False
cold,-1.1583,-2.5586,117.9368,-0.0000,0.942642,False
hot,3.2901,2.3621,117.9368,0.0000,0.942642,False
hot,-0.2903,-2.8555,117.9368,0.0000,0.942644,False
hot,1.3372,-2.9403,117.9368,0.0000,0.942648,False
hot,-1.0498,-2.7707,117.9368,0.0000,0.942649,False
hot,-1.7731,-1.7526,117.9368,0.0000,0.942650,False
hot,3.1816,2.7439,117.9368,0.0000,0.942650,False
cold,-1.7370,-2.1344,117.9368,-0.0000,0.942651,False
hot,2.0243,3.1257,117.9368,0.0000,0.942651,False
cold,-0.3265,-3.1100,117.9368,-0.0000,0.942652,False
cold,0.1075,-2.7282,117.9368,-0.0000,0.942653,False
cold,2.8923,2.9560,117.9368,-0.0000,0.942654,False
hot,-1.6646,-2.7707,117.9368,0.0000,0.942654,False
hot,0.2522,-3.0252,117.9368,0.0000,0.942654,False
cold,-1.8093,-2.0495,117.9368,-0.0000,0.942657,False
cold,3.0370,2.4046,117.9368,-0.0000,0.942658,False
cold,-1.7731,-2.9828,117.9368,-0.0000,0.942659,False
hot,-1.8455,-2.1344,117.9368,0.0000,0.942659,False
hot,0.7585,-2.6010,117.9368,0.0000,0.942659,False
hot,0.7947,-2.5161,117.9368,0.0000,0.942659,False
hot,3.1816,1.8955,117.9368,0.0000,0.942660,False
cold,3.4348,1.9804,117.9368,-0.0000,0.942661,False
hot,3.2901,1.9804,117.9368,0.0000,0.942661,False
hot,-1.6646,-2.6010,117.9368,0.0000,0.942662,False
hot,-1.5923,-2.1768,117.9368,0.0000,0.942663,False
cold,3.4348,2.3621,117.9368,-0.0000,0.942666,False
hot,3.0370,1.8531,117.9368,0.0000,0.942667,False
cold,-1.4115,-2.2616,117.9368,-0.0000,0.942668,False
cold,1.8797,3.0409,117.9368,-0.0000,0.942668,False
cold,-1.0498,-2.8979,117.9368,-0.0000,0.942668,False
cold,-1.6285,-3.1100,117.9368,-0.0000,0.942669,False
hot,-0.0733,-2.7282,117.9368,0.0000,0.942669,False
hot,-0.9052,-3.0252,117.9368,0.0000,0.942670,False
hot,1.0117,-2.9403,117.9368,0.0000,0.942671,False
hot,0.6500,-2.2192,117.9368,0.0000,0.942672,False
hot,3.0008,2.7015,117.9368,0.0000,0.942672,False
cold,3.4710,2.4046,117.9368,-0.0000,0.942673,False
hot,3.0731,2.0652,117.9368,0.0000,0.942674,False
hot,1.0478,-2.7707,117.9368,0.0000,0.942675,False
hot,-1.8093,-3.0252,117.9368,0.0000,0.942676,False
cold,2.6753,3.0833,117.9368,-0.0000,0.942676,False
hot,3.1455,3.0409,117.9368,0.0000,0.942676,False
cold,2.6753,2.7015,117.9368,-0.0000,0.942678,False
hot,-1.8093,-1.8374,117.9368,0.0000,0.942678,False
cold,3.1093,2.0652,117.9368,-0.0000,0.942678,False
hot,3.1093,3.1257,117.9368,0.0000,0.942680,False
hot,-1.2307,-2.8555,117.9368,0.0000,0.942680,False
cold,2.9285,2.4894,117.9368,-0.0000,0.942681,False
hot,-0.1818,-2.5586,117.9368,0.0000,0.942682,False
cold,0.6500,-2.8131,117.9368,-0.0000,0.942684,False
hot,-1.7731,-2.3465,117.9368,0.0000,0.942685,False
cold,0.3245,-2.7282,117.9368,-0.0000,0.942685,False
hot,-1.7008,-2.5586,117.9368,0.0000,0.942686,False
cold,-1.2307,-2.6010,117.9368,-0.0000,0.942687,False
hot,-0.8328,-2.4737,117.9368,0.0000,0.942688,False
hot,2.7476,3.1257,117.9368,0.0000,0.942689,False
hot,-1.7731,-2.5586,117.9368,0.0000,0.942690,False
hot,-0.7605,-2.6010,117.9368,0.0000,0.942691,False
hot,2.9646,1.8531,117.9368,0.0000,0.942692,False
hot,-1.7731,-2.2192,117.9368,0.0000,0.942692,False
hot,-0.4350,-3.0676,117.9368,0.0000,0.942692,False
cold,-1.3392,-2.7282,117.9368,-0.0000,0.942692,False
hot,-1.5200,-3.1100,117.9368,0.0000,0.942692,False
hot,-0.2542,-2.6010,117.9368,0.0000,0.942693,False
hot,-1.7731,-1.4981,117.9368,0.0000,0.942693,False
cold,-1.5200,-2.2192,117.9368,-0.0000,0.942693,False
cold,-1.8093,-1.0739,117.9368,-0.0000,0.942694,False
hot,0.0713,-2.9828,117.9368,0.0000,0.942695,False
cold,-0.9413,-2.5586,117.9368,-0.0000,0.942695,False
hot,-1.8455,-2.4313,117.9368,0.0000,0.942696,False
hot,-1.6285,-2.7282,117.9368,0.0000,0.942696,False
hot,3.3625,2.3197,117.9368,0.0000,0.942697,False
hot,2.6391,2.7863,117.9368,0.0000,0.942697,False
hot,-0.6882,-2.8979,117.9368,0.0000,0.942697,False
cold,-1.5562,-2.9403,117.9368,-0.0000,0.942699,False
hot,0.7223,-2.3889,117.9368,0.0000,0.942699,False
hot,2.8561,2.4470,117.9368,0.0000,0.942700,False
cold,3.1816,2.1076,117.9368,-0.0000,0.942701,False
hot,-1.3030,-2.7282,117.9368,0.0000,0.942702,False
hot,0.4330,-2.3465,117.9368,0.0000,0.942705,False
cold,-1.7008,-2.3465,117.9368,-0.0000,0.942705,False
hot,-1.1945,-2.6434,117.9368,0.0000,0.942705,False
hot,0.2883,-2.4737,117.9368,0.0000,0.942706,False
hot,-1.7008,-2.8555,117.9368,0.0000,0.942706,False
hot,-0.9775,-2.3040,117.9368,0.0000,0.942706,False
hot,-0.2180,-2.5161,117.9368,0.0000,0.942707,False
hot,2.9285,2.9560,117.9368,0.0000,0.942707,False
hot,-0.1095,-2.5586,117.9368,0.0000,0.942707,False
cold,0.4330,-2.6010,117.9368,-0.0000,0.942708,False
hot,-0.9775,-2.8555,117.9368,0.0000,0.942710,False
hot,2.8923,1.9804,117.9368,0.0000,0.942710,False
cold,3.0731,2.6167,117.9368,-0.0000,0.942710,False
hot,0.3245,-2.4737,117.9368,0.0000,0.942710,False
cold,2.9646,2.9136,117.9368,-0.0000,0.942711,False
cold,-0.1818,-2.9828,117.9368,-0.0000,0.942712,False
cold,-0.3988,-2.9403,117.9368,-0.0000,0.942712,False
hot,3.4348,2.5742,117.9368,0.0000,0.942715,False
hot,-1.4115,-2.3040,117.9368,0.0000,0.942715,False
hot,0.5053,-2.3465,117.9368,0.0000,0.942715,False
hot,0.1075,-2.5586,117.9368,0.0000,0.942716,False
hot,-1.8455,-1.3708,117.9368,0.0000,0.942716,False
hot,1.4095,-3.0676,117.9368,0.0000,0.942716,False
cold,3.2901,2.4470,117.9368,-0.0000,0.942717,False
hot,-1.3392,-2.3465,117.9368,0.0000,0.942717,False
hot,2.7838,3.0833,117.9368,0.0000,0.942718,False
hot,-1.1583,-2.9828,117.9368,0.0000,0.942719,False
cold,-1.8093,-2.4313,117.9368,-0.0000,0.942719,False
hot,-1.7008,-2.9403,117.9368,0.0000,0.942719,False
cold,-1.5562,-2.5161,117.9368,-0.0000,0.942720,False
hot,3.1816,2.4894,117.9368,0.0000,0.942723,False
cold,3.0008,2.4470,117.9368,-0.0000,0.942723,False
cold,3.0008,3.0409,117.9368,-0.0000,0.942724,False
cold,-0.8328,-2.9403,117.9368,-0.0000,0.942725,False
cold,2.9646,2.2349,117.9368,-0.0000,0.942725,False
hot,-1.4115,-2.5586,117.9368,0.0000,0.942725,False
cold,0.8308,-2.6858,117.9368,-0.0000,0.942726,False
hot,-1.1945,-2.3040,117.9368,0.0000,0.942728,False
cold,-0.7243,-2.7707,117.9368,-0.0000,0.942729,False
hot,-1.4838,-2.1768,117.9368,0.0000,0.942729,False
cold,2.7476,3.1257,117.9368,-0.0000,0.942730,False
hot,2.7838,2.1925,117.9368,0.0000,0.942731,False
hot,0.6138,-2.7282,117.9368,0.0000,0.942732,False
hot,0.9032,-2.5161,117.9368,0.0000,0.942733,False
cold,-1.6646,-3.1100,117.9368,-0.0000,0.942734,False
hot,-1.6646,-1.6677,117.9368,0.0000,0.942734,False
hot,-0.6882,-2.6010,117.9368,0.0000,0.942741,False
hot,2.4945,3.0409,117.9368,0.0000,0.942741,False
hot,-0.0372,-2.9403,117.9368,0.0000,0.942743,False
hot,0.5777,-2.8131,117.9368,0.0000,0.942744,False
cold,0.7223,-2.8131,117.9368,-0.0000,0.942744,False
hot,-1.6646,-2.9828,117.9368,0.0000,0.942746,False
cold,-0.6158,-3.0252,117.9368,-0.0000,0.942746,False
hot,-0.5797,-3.0676,117.9368,0.0000,0.942746,False
cold,2.9285,2.6591,117.9368,-0.0000,0.942747,False
hot,-1.7008,-3.0676,117.9368,0.0000,0.942747,False
hot,-1.0498,-2.9403,117.9368,0.0000,0.942748,False
hot,-1.5562,-2.3040,117.9368,0.0000,0.942748,False
hot,2.8923,1.8955,117.9368,0.0000,0.942749,False
cold,3.1455,2.4894,117.9368,-0.0000,0.942751,False
cold,1.0478,-3.1100,117.9368,-0.0000,0.942752,False
hot,1.3733,-3.0676,117.9368,0.0000,0.942753,False
hot,-1.5562,-2.3889,117.9368,0.0000,0.942755,False
hot,-0.0372,-2.7282,117.9368,0.0000,0.942757,False
hot,3.4348,3.1257,117.9368,0.0000,0.942757,False
hot,-1.3030,-2.0919,117.9368,0.0000,0.942757,False
hot,-0.9052,-2.5161,117.9368,0.0000,0.942758,False
cold,0.2522,1.2168,117.9594,-0.0114,0.942758,False
hot,3.1816,2.1500,117.9368,0.0000,0.942758,False
hot,3.0370,2.4046,117.9368,0.0000,0.942759,False
cold,-0.7243,-2.8979,117.9368,-0.0000,0.942761,False
cold,3.4348,2.9984,117.9368,-0.0000,0.942762,False
hot,-1.3392,-2.6858,117.9368,0.0000,0.942763,False
hot,-0.0010,-2.5586,117.9368,0.0000,0.942763,False
cold,2.8561,2.6167,117.9368,-0.0000,0.942764,False
cold,2.0966,3.0833,117.9368,-0.0000,0.942764,False
hot,-1.0137,-3.1100,117.9368,0.0000,0.942765,False
hot,3.0008,3.0833,117.9368,0.0000,0.942766,False
hot,-1.8455,-2.1768,117.9368,0.0000,0.942766,False
cold,-0.9775,-2.6434,117.9368,-0.0000,0.942766,False
cold,-1.2668,-2.5586,117.9368,-0.0000,0.942767,False
hot,-1.8093,-1.9223,117.9368,0.0000,0.942767,False
hot,3.3625,1.7258,117.9368,0.0000,0.942768,False
cold,-0.7243,-3.0676,117.9368,-0.0000,0.942769,False
cold,1.6627,3.1257,117.9368,-0.0000,0.942770,False
cold,1.6265,3.0409,117.9368,-0.0000,0.942770,False
cold,3.1093,2.9560,117.9368,-0.0000,0.942770,False
hot,0.3607,-2.9828,117.9368,0.0000,0.942771,False
hot,2.8923,2.8288,117.9368,0.0000,0.942771,False
hot,2.9646,2.5318,117.9368,0.0000,0.942771,False
cold,-0.2542,-2.8131,117.9368,-0.0000,0.942772,False
hot,-1.6285,-1.8798,117.9368,0.0000,0.942772,False
cold,3.1816,2.8712,117.9368,-0.0000,0.942772,False
hot,-1.5562,-2.5161,117.9368,0.0000,0.942773,False
cold,-1.5562,-3.1100,117.9368,-0.0000,0.942773,False
cold,2.9285,2.4046,117.9368,-0.0000,0.942774,False
hot,0.8308,-2.6010,117.9368,0.0000,0.942776,False
hot,-1.2668,-2.7282,117.9368,0.0000,0.942777,False
hot,-1.5200,-2.5586,117.9368,0.0000,0.942778,False
cold,1.0117,-3.0676,117.9368,-0.0000,0.942780,False
hot,3.2901,2.9136,117.9368,0.0000,0.942781,False
cold,3.4348,1.7683,117.9368,-0.0000,0.942782,False
hot,-0.8328,-2.9403,117.9368,0.0000,0.942783,False
hot,3.1455,2.6591,117.9368,0.0000,0.942783,False
cold,-1.3753,-2.4313,117.9368,-0.0000,0.942787,False
cold,0.0352,-2.8979,117.9368,-0.0000,0.942787,False
cold,-1.2307,-2.5586,117.9368,-0.0000,0.942788,False
hot,0.7223,-3.0252,117.9368,0.0000,0.942788,False
hot,-0.6882,-3.0252,117.9368,0.0000,0.942789,False
hot,-1.7370,-2.0919,117.9368,0.0000,0.942789,False
cold,-0.7967,-3.0676,117.9368,-0.0000,0.942789,False
hot,2.4945,2.7863,117.9368,0.0000,0.942790,False
cold,3.3625,2.2349,117.9368,-0.0000,0.942793,False
cold,-1.5562,-2.8555,117.9368,-0.0000,0.942793,False
cold,3.0008,2.2773,117.9368,-0.0000,0.942797,False
hot,-0.3265,-2.7282,117.9368,0.0000,0.942798,False
hot,-0.0372,-3.0252,117.9368,0.0000,0.942799,False
cold,-1.0498,-3.0252,117.9368,-0.0000,0.942799,False
hot,-0.7243,-3.0676,117.9368,0.0000,0.942799,False
hot,-1.8093,-1.7526,117.9368,0.0000,0.942800,False
cold,-0.9052,-2.7707,117.9368,-0.0000,0.942801,False
cold,0.7947,-2.8555,117.9368,-0.0000,0.942801,False
cold,0.3968,-2.7282,117.9368,-0.0000,0.942801,False
hot,-0.4712,-2.8979,117.9368,0.0000,0.942803,False
cold,-0.7605,-2.7707,117.9368,-0.0000,0.942803,False
cold,3.1455,2.8712,117.9368,-0.0000,0.942805,False
hot,3.0731,2.2773,117.9368,0.0000,0.942805,False
hot,3.3625,2.1925,117.9368,0.0000,0.942806,False
hot,-1.2668,-3.0676,117.9368,0.0000,0.942806,False
cold,3.2540,2.9984,117.9368,-0.0000,0.942807,False
hot,2.2413,3.0833,117.9368,0.0000,0.942808,False
hot,0.4692,-2.7707,117.9368,0.0000,0.942809,False
cold,-1.5562,-2.6434,117.9368,-0.0000,0.942809,False
hot,2.5668,2.8288,117.9368,0.0000,0.942809,False
hot,3.0008,1.8531,117.9368,0.0000,0.942809,False
cold,-0.1095,-2.8131,117.9368,-0.0000,0.942811,False
hot,-0.0010,-2.6858,117.9368,0.0000,0.942811,False
hot,3.3986,1.5562,117.9368,0.0000,0.942812,False
hot,1.1563,-2.9828,117.9368,0.0000,0.942814,False
cold,3.0370,2.0652,117.9368,-0.0000,0.942814,False
cold,3.2540,2.4894,117.9368,-0.0000,0.942815,False
hot,-0.4712,-2.6858,117.9368,0.0000,0.942817,False
cold,-1.4115,-2.3040,117.9368,-0.0000,0.942817,False
hot,3.0370,2.0228,117.9368,0.0000,0.942818,False
cold,2.7115,2.9136,117.9368,-0.0000,0.942818,False
cold,-1.0860,-3.0676,117.9368,-0.0000,0.942820,False
hot,-0.9052,-2.9403,117.9368,0.0000,0.942820,False
hot,2.9646,2.9984,117.9368,0.0000,0.942821,False
cold,-1.0137,-2.6434,117.9368,-0.0000,0.942823,False
hot,2.7476,2.6591,117.9368,0.0000,0.942824,False
cold,3.1816,2.8288,117.9368,-0.0000,0.942825,False
cold,0.0352,-3.1100,117.9368,-0.0000,0.942825,False
hot,-0.8328,-2.8979,117.9368,0.0000,0.942825,False
cold,0.6138,-2.8131,117.9368,-0.0000,0.942827,False
cold,3.2178,2.3621,117.9368,-0.0000,0.942829,False
cold,0.4330,-2.9403,117.9368,-0.0000,0.942830,False
hot,3.3986,2.4046,117.9368,0.0000,0.942832,False
cold,-1.1945,-2.6010,117.9368,-0.0000,0.942833,False
cold,-1.4115,-2.3465,117.9368,-0.0000,0.942833,False
hot,-1.4477,-2.6858,117.9368,0.0000,0.942833,False
hot,0.8308,-2.3465,117.9368,0.0000,0.942834,False
hot,-0.7243,-2.9403,117.9368,0.0000,0.942835,False
hot,-0.2903,-2.7707,117.9368,0.0000,0.942835,False
cold,3.0008,2.8288,117.9368,-0.0000,0.942836,False
hot,-1.3030,-3.1100,117.9368,0.0000,0.942837,False
hot,-0.1818,-2.6858,117.9368,0.0000,0.942838,False
hot,-0.5073,-2.9828,117.9368,0.0000,0.942841,False
cold,2.0243,3.0409,117.9368,-0.0000,0.942841,False
hot,1.1202,-3.1100,117.9368,0.0000,0.942841,False
cold,-1.8455,-1.9647,117.9368,-0.0000,0.942841,False
hot,-0.0010,-3.1100,117.9368,0.0000,0.942842,False
hot,3.0008,2.9560,117.9368,0.0000,0.942844,False
cold,-1.3753,-2.3465,117.9368,-0.0000,0.942846,False
hot,-0.9052,-2.4737,117.9368,0.0000,0.942847,False
cold,3.4710,1.7683,117.9368,-0.0000,0.942849,False
hot,0.4330,-2.4737,117.9368,0.0000,0.942851,False
hot,0.2160,-3.1100,117.9368,0.0000,0.942853,False
cold,-0.0010,-2.6858,117.9368,-0.0000,0.942854,False
cold,2.5306,2.8288,117.9368,-0.0000,0.942855,False
cold,-1.6285,-2.6010,117.9368,-0.0000,0.942856,False
cold,2.7115,2.6167,117.9368,-0.0000,0.942856,False
cold,-1.8455,-1.0739,117.9368,-0.0000,0.942857,False
hot,3.0731,2.4046,117.9368,0.0000,0.942858,False
hot,2.3498,3.0833,117.9368,0.0000,0.942861,False
cold,2.3860,3.0409,117.9368,-0.0000,0.942862,False
hot,-1.6285,-2.1768,117.9368,0.0000,0.942864,False
cold,2.9285,2.8712,117.9368,-0.0000,0.942866,False
hot,-0.1457,-2.7707,117.9368,0.0000,0.942867,False
hot,-1.1222,-2.3040,117.9368,0.0000,0.942867,False
cold,2.9285,2.8288,117.9368,-0.0000,0.942868,False
cold,3.3986,2.3197,117.9368,-0.0000,0.942868,False
cold,-0.9775,-2.5161,117.9368,-0.0000,0.942869,False
hot,-1.5200,-2.7282,117.9368,0.0000,0.942870,False
hot,0.5777,-2.6010,117.9368,0.0000,0.942870,False
cold,3.1093,2.4470,117.9368,-0.0000,0.942871,False
cold,1.0478,-3.0676,117.9368,-0.0000,0.942872,False
cold,-0.6158,-3.1100,117.9368,-0.0000,0.942872,False
cold,3.0370,2.8712,117.9368,-0.0000,0.942873,False
cold,-1.0498,-2.4737,117.9368,-0.0000,0.942874,False
hot,0.7947,-2.4737,117.9368,0.0000,0.942874,False
cold,3.1816,2.5742,117.9368,-0.0000,0.942875,False
hot,-1.3753,-2.0919,117.9368,0.0000,0.942875,False
cold,-1.8093,-1.9647,117.9368,-0.0000,0.942877,False
hot,3.1093,2.4470,117.9368,0.0000,0.942878,False
hot,3.4348,2.6167,117.9368,0.0000,0.942879,False
cold,-1.5923,-2.5161,117.9368,-0.0000,0.942879,False
cold,3.2901,2.8712,117.9368,-0.0000,0.942880,False
cold,3.2540,3.1257,117.9368,-0.0000,0.942880,False
hot,2.9646,2.3621,117.9368,0.0000,0.942881,False
cold,0.6862,-3.1100,117.9368,-0.0000,0.942882,False
hot,3.4348,1.8955,117.9368,0.0000,0.942883,False
hot,3.1816,2.0652,117.9368,0.0000,0.942883,False
hot,-1.7370,-2.5586,117.9368,0.0000,0.942883,False
hot,3.0731,2.7439,117.9368,0.0000,0.942884,False
hot,2.8200,2.4894,117.9368,0.0000,0.942885,False
hot,0.0352,-2.7282,117.9368,0.0000,0.942889,False
cold,0.1798,-2.7707,117.9368,-0.0000,0.942889,False
cold,-1.8455,-2.3465,117.9368,-0.0000,0.942890,False
hot,3.3263,1.8531,117.9368,0.0000,0.942890,False
cold,3.2901,1.8531,117.9368,-0.0000,0.942892,False
cold,-0.3988,-3.1100,117.9368,-0.0000,0.942894,False
cold,-0.1095,-3.0676,117.9368,-0.0000,0.942894,False
cold,0.2160,-3.0252,117.9368,-0.0000,0.942894,False
hot,3.4710,2.1925,117.9368,0.0000,0.942894,False
hot,3.2901,2.3197,117.9368,0.0000,0.942897,False
cold,2.1690,3.1257,117.9368,-0.0000,0.942899,False
hot,-0.7243,-3.0252,117.9368,0.0000,0.942900,False
cold,-0.3988,-2.6858,117.9368,-0.0000,0.942901,False
hot,-1.1945,-2.8131,117.9368,0.0000,0.942903,False
hot,0.1798,-2.6858,117.9368,0.0000,0.942904,False
hot,-0.3627,-2.8979,117.9368,0.0000,0.942906,False
cold,3.4348,2.7015,117.9368,-0.0000,0.942906,False
hot,0.9755,-2.9828,117.9368,0.0000,0.942908,False
hot,3.3263,1.7683,117.9368,0.0000,0.942912,False
cold,3.2178,2.6591,117.9368,-0.0000,0.942913,False
cold,-1.2307,-2.8555,117.9368,-0.0000,0.942914,False
cold,3.1816,2.7015,117.9368,-0.0000,0.942918,False
cold,2.6391,2.9984,117.9368,-0.0000,0.942918,False
cold,-1.8455,-2.8555,117.9368,-0.0000,0.942918,False
cold,0.6862,-2.6858,117.9368,-0.0000,0.942919,False
hot,2.8923,2.4470,117.9368,0.0000,0.942919,False
hot,-1.3392,-2.2192,117.9368,0.0000,0.942919,False
hot,0.2160,-2.5161,117.9368,0.0000,0.942919,False
hot,-0.9775,-3.0676,117.9368,0.0000,0.942921,False
hot,2.6391,2.9984,117.9368,0.0000,0.942925,False
cold,-0.3265,-3.0252,117.9368,-0.0000,0.942928,False
cold,0.5777,-2.8131,117.9368,-0.0000,0.942928,False
hot,3.4710,2.0228,117.9368,0.0000,0.942929,False
hot,0.2522,-2.4737,117.9368,0.0000,0.942930,False
hot,0.5053,-3.1100,117.9368,0.0000,0.942931,False
hot,3.3625,2.0652,117.9368,0.0000,0.942932,False
hot,-1.4477,-2.5586,117.9368,0.0000,0.942935,False
hot,3.2540,1.8107,117.9368,0.0000,0.942936,False
cold,-1.3030,-2.6010,117.9368,-0.0000,0.942936,False
hot,3.4710,2.9136,117.9368,0.0000,0.942937,False
hot,3.3263,1.6834,117.9368,0.0000,0.942938,False
hot,2.7115,2.6167,117.9368,0.0000,0.942938,False
cold,2.6030,2.9136,117.9368,-0.0000,0.942938,False
hot,-1.3753,-2.6858,117.9368,0.0000,0.942940,False
hot,-1.5200,-2.3040,117.9368,0.0000,0.942941,False
hot,-1.3030,-2.4737,117.9368,0.0000,0.942941,False
hot,-1.8093,-2.7707,117.9368,0.0000,0.942943,False
hot,2.5668,2.7863,117.9368,0.0000,0.942944,False
hot,2.8200,2.2773,117.9368,0.0000,0.942945,False
hot,2.4221,3.0833,117.9368,0.0000,0.942946,False
cold,0.3245,-2.6010,117.9368,-0.0000,0.942947,False
hot,0.5053,-2.3889,117.9368,0.0000,0.942950,False
hot,3.3263,2.7015,117.9368,0.0000,0.942950,False
cold,1.9158,3.0409,117.9368,-0.0000,0.942951,False
cold,0.7585,-2.6434,117.9368,-0.0000,0.942955,False
hot,3.2540,2.1925,117.9368,0.0000,0.942956,False
cold,-0.3627,-2.9403,117.9368,-0.0000,0.942956,False
hot,-1.4838,-2.8979,117.9368,0.0000,0.942956,False
hot,2.8200,2.7863,117.9368,0.0000,0.942958,False
hot,3.0731,2.4470,117.9368,0.0000,0.942958,False
hot,-0.0372,-2.5161,117.9368,0.0000,0.942959,False
cold,-1.2307,-2.6434,117.9368,-0.0000,0.942959,False
hot,-1.7370,-1.9223,117.9368,0.0000,0.942962,False
cold,-1.7008,-2.1768,117.9368,-0.0000,0.942962,False
cold,0.8308,-2.7282,117.9368,-0.0000,0.942962,False
cold,0.2883,-2.6858,117.9368,-0.0000,0.942964,False
cold,-0.5797,-2.9828,117.9368,-0.0000,0.942965,False
hot,3.2540,2.7863,117.9368,0.0000,0.942966,False
hot,0.8308,-2.5161,117.9368,0.0000,0.942966,False
cold,2.8923,2.8288,117.9368,-0.0000,0.942967,False
hot,0.1437,-3.1100,117.9368,0.0000,0.942967,False
hot,-1.5562,-2.8979,117.9368,0.0000,0.942968,False
hot,0.7947,-3.0676,117.9368,0.0000,0.942968,False
cold,2.9646,2.3621,117.9368,-0.0000,0.942968,False
cold,2.4583,3.1257,117.9368,-0.0000,0.942970,False
cold,2.8923,2.9136,117.9368,-0.0000,0.942971,False
cold,3.4348,2.7863,117.9368,-0.0000,0.942973,False
hot,-1.7370,-1.6253,117.9368,0.0000,0.942975,False
cold,1.8435,3.0409,117.9368,-0.0000,0.942976,False
cold,-1.6646,-2.4737,117.9368,-0.0000,0.942977,False
cold,3.4348,2.1500,117.9368,-0.0000,0.942983,False
hot,3.0731,2.9560,117.9368,0.0000,0.942986,False
hot,-1.8455,-3.0252,117.9368,0.0000,0.942986,False
cold,0.3968,-3.0676,117.9368,-0.0000,0.942987,False
hot,-0.3988,-2.7282,117.9368,0.0000,0.942988,False
hot,2.6030,2.9560,117.9368,0.0000,0.942992,False
hot,-0.3265,-3.0252,117.9368,0.0000,0.942993,False
cold,-0.8690,-2.6858,117.9368,-0.0000,0.942993,False
cold,-0.8328,-3.0252,117.9368,-0.0000,0.942995,False
hot,-1.6285,-2.5161,117.9368,0.0000,0.942996,False
cold,-1.8093,-1.8798,117.9368,-0.0000,0.942996,False
hot,3.3986,2.6591,117.9368,0.0000,0.942997,False
hot,-1.3030,-2.9403,117.9368,0.0000,0.943000,False
hot,0.2883,-2.8979,117.9368,0.0000,0.943001,False
hot,2.1690,2.9136,117.9368,0.0000,0.943003,False
cold,0.3968,-2.8555,117.9368,-0.0000,0.943003,False
cold,3.3263,2.1925,117.9368,-0.0000,0.943003,False
cold,2.7115,2.8288,117.9368,-0.0000,0.943003,False
cold,0.7585,-2.8131,117.9368,-0.0000,0.943004,False
cold,-0.9052,-3.0252,117.9368,-0.0000,0.943005,False
hot,3.1816,3.0409,117.9368,0.0000,0.943005,False
hot,0.1798,-2.7707,117.9368,0.0000,0.943005,False
cold,3.0731,2.2349,117.9368,-0.0000,0.943005,False
cold,-0.3627,-3.0676,117.9368,-0.0000,0.943006,False
hot,-1.5562,-2.9828,117.9368,0.0000,0.943006,False
hot,-1.7370,-2.6010,117.9368,0.0000,0.943006,False
cold,2.7115,2.7863,117.9368,-0.0000,0.943007,False
cold,-0.8328,-2.9828,117.9368,-0.0000,0.943007,False
cold,-1.8455,-1.1163,117.9368,-0.0000,0.943008,False
hot,-1.5923,-2.0495,117.9368,0.0000,0.943011,False
hot,2.2775,2.9560,117.9368,0.0000,0.943012,False
hot,0.2160,-3.0676,117.9368,0.0000,0.943014,False
hot,3.4710,2.2349,117.9368,0.0000,0.943014,False
cold,-0.4712,-2.8979,117.9368,-0.0000,0.943016,False
cold,-0.3988,-2.8979,117.9368,-0.0000,0.943017,False
hot,-0.4712,-2.5586,117.9368,0.0000,0.943018,False
cold,2.7115,2.9984,117.9368,-0.0000,0.943019,False
hot,3.3986,1.6410,117.9368,0.0000,0.943019,False
cold,2.8561,2.6591,117.9368,-0.0000,0.943022,False
cold,2.7115,2.7015,117.9368,-0.0000,0.943022,False
cold,-1.4115,-2.5586,117.9368,-0.0000,0.943023,False
cold,0.2160,-3.1100,117.9368,-0.0000,0.943023,False
hot,2.8561,2.8288,117.9368,0.0000,0.943023,False
hot,-1.1222,-2.8555,117.9368,0.0000,0.943025,False
hot,-1.5200,-2.0071,117.9368,0.0000,0.943026,False
cold,3.0731,3.0833,117.9368,-0.0000,0.943028,False
cold,2.8561,2.9136,117.9368,-0.0000,0.943030,False
cold,-1.5200,-2.3889,117.9368,-0.0000,0.943031,False
hot,2.8923,2.1500,117.9368,0.0000,0.943031,False
cold,0.2522,-2.8131,117.9368,-0.0000,0.943034,False
hot,-0.2542,-3.0252,117.9368,0.0000,0.943034,False
hot,0.2883,-2.6434,117.9368,0.0000,0.943034,False
cold,3.0008,2.8712,117.9368,-0.0000,0.943034,False
hot,-0.7967,-2.6010,117.9368,0.0000,0.943035,False
hot,-1.1583,-2.3465,117.9368,0.0000,0.943038,False
cold,-1.0137,-2.8555,117.9368,-0.0000,0.943038,False
hot,0.1798,-2.4313,117.9368,0.0000,0.943039,False
cold,-1.2307,-3.1100,117.9368,-0.0000,0.943040,False
hot,0.4330,-3.0252,117.9368,0.0000,0.943040,False
hot,-1.0498,-2.6010,117.9368,0.0000,0.943041,False
hot,-0.4350,-2.5161,117.9368,0.0000,0.943043,False
cold,3.2178,2.5742,117.9368,-0.0000,0.943043,False
hot,0.1798,-2.7282,117.9368,0.0000,0.943043,False
hot,2.8923,2.9560,117.9368,0.0000,0.943044,False
hot,-1.6285,-2.4737,117.9368,0.0000,0.943045,False
cold,-1.3392,-2.3889,117.9368,-0.0000,0.943045,False
hot,0.2160,-2.6010,117.9368,0.0000,0.943045,False
hot,-1.1583,-2.2192,117.9368,0.0000,0.943049,False
cold,3.4710,2.7015,117.9368,-0.0000,0.943050,False
hot,-0.1457,-3.0676,117.9368,0.0000,0.943052,False
hot,3.2178,2.8712,117.9368,0.0000,0.943053,False
cold,-0.8328,-2.8555,117.9368,-0.0000,0.943053,False
hot,-1.5200,-2.5161,117.9368,0.0000,0.943056,False
cold,-0.5435,-3.0252,117.9368,-0.0000,0.943056,False
cold,0.6138,-3.1100,117.9368,-0.0000,0.943058,False
hot,2.8923,2.3621,117.9368,0.0000,0.943060,False
hot,-1.6285,-1.6253,117.9368,0.0000,0.943062,False
cold,-0.9052,-3.0676,117.9368,-0.0000,0.943065,False
cold,-1.1945,-3.0676,117.9368,-0.0000,0.943065,False
hot,-1.5923,-2.5161,117.9368,0.0000,0.943065,False
hot,-1.4838,-1.8798,117.9368,0.0000,0.943067,False
hot,-0.7605,-2.7707,117.9368,0.0000,0.943067,False
hot,2.8561,2.7863,117.9368,0.0000,0.943069,False
cold,-0.0733,-2.8555,117.9368,-0.0000,0.943069,False
cold,0.4692,-2.7707,117.9368,-0.0000,0.943069,False
hot,2.8561,2.3621,117.9368,0.0000,0.943073,False
cold,3.1455,2.4470,117.9368,-0.0000,0.943073,False
cold,2.5306,2.8712,117.9368,-0.0000,0.943074,False
hot,-1.8455,-2.7707,117.9368,0.0000,0.943077,False
cold,-1.0860,-2.4737,117.9368,-0.0000,0.943078,False
cold,-0.2180,-2.7707,117.9368,-0.0000,0.943081,False
hot,-1.7008,-2.6010,117.9368,0.0000,0.943082,False
hot,1.9882,3.0409,117.9368,0.0000,0.943082,False
cold,-0.7243,-2.8131,117.9368,-0.0000,0.943082,False
cold,3.2901,3.0409,117.9368,-0.0000,0.943084,False
cold,3.3263,1.8955,117.9368,-0.0000,0.943084,False
cold,-0.3265,-2.8979,117.9368,-0.0000,0.943084,False
hot,0.9393,-3.0676,117.9368,0.0000,0.943085,False
cold,-1.5200,-2.4313,117.9368,-0.0000,0.943086,False
cold,3.3263,1.9804,117.9368,-0.0000,0.943086,False
hot,3.4348,2.3621,117.9368,0.0000,0.943088,False
cold,-1.8093,-2.0071,117.9368,-0.0000,0.943088,False
hot,3.4348,3.0833,117.9368,0.0000,0.943089,False
cold,-1.2668,-3.0676,117.9368,-0.0000,0.943094,False
hot,2.7476,2.4046,117.9368,0.0000,0.943095,False
hot,0.2883,-2.5161,117.9368,0.0000,0.943098,False
cold,3.3625,2.1925,117.9368,-0.0000,0.943099,False
hot,3.1816,2.7015,117.9368,0.0000,0.943099,False
hot,-0.2180,-3.0252,117.9368,0.0000,0.943100,False
hot,1.0478,-2.6434,117.9368,0.0000,0.943100,False
cold,-0.9413,-2.6858,117.9368,-0.0000,0.943100,False
hot,3.0008,2.2773,117.9368,0.0000,0.943101,False
cold,3.2540,2.9560,117.9368,-0.0000,0.943101,False
cold,2.7838,3.0833,117.9368,-0.0000,0.943103,False
cold,0.9032,-2.9828,117.9368,-0.0000,0.943104,False
hot,1.0478,-2.9403,117.9368,0.0000,0.943104,False
cold,3.0370,2.6167,117.9368,-0.0000,0.943106,False
cold,-1.8093,-1.8374,117.9368,-0.0000,0.943107,False
hot,-1.1945,-2.6858,117.9368,0.0000,0.943107,False
hot,3.2901,2.6167,117.9368,0.0000,0.943108,False
cold,1.7350,3.0409,117.9368,-0.0000,0.943108,False
hot,-0.2542,-3.1100,117.9368,0.0000,0.943109,False
cold,2.0966,3.1257,117.9368,-0.0000,0.943110,False
cold,-1.5200,-2.1344,117.9368,-0.0000,0.943111,False
hot,3.2901,2.4470,117.9368,0.0000,0.943111,False
hot,3.0370,2.4470,117.9368,0.0000,0.943113,False
hot,-1.5562,-3.1100,117.9368,0.0000,0.943113,False
hot,3.2540,1.8531,117.9368,0.0000,0.943114,False
cold,-1.8455,-2.6858,117.9368,-0.0000,0.943116,False
cold,2.4221,3.0409,117.9368,-0.0000,0.943117,False
cold,-1.2307,-2.7282,117.9368,-0.0000,0.943119,False
cold,-1.0137,-2.6010,117.9368,-0.0000,0.943120,False
cold,1.5903,3.0833,117.9368,-0.0000,0.943121,False
cold,-1.4838,-2.8555,117.9368,-0.0000,0.943122,False
cold,-1.7008,-2.2616,117.9368,-0.0000,0.943122,False
cold,-1.4838,-2.9403,117.9368,-0.0000,0.943123,False
cold,-1.0137,-2.7707,117.9368,-0.0000,0.943124,False
hot,-1.5923,-2.6010,117.9368,0.0000,0.943125,False
hot,2.9285,2.5742,117.9368,0.0000,0.943126,False
cold,-0.9775,-3.1100,117.9368,-0.0000,0.943127,False
hot,0.6138,-2.6010,117.9368,0.0000,0.943128,False
hot,-1.1222,-2.8979,117.9368,0.0000,0.943129,False
cold,-1.0498,-2.6010,117.9368,-0.0000,0.943132,False
cold,1.0840,-3.0676,117.9368,-0.0000,0.943132,False
hot,-1.0498,-2.5586,117.9368,0.0000,0.943134,False
cold,-1.1222,-3.1100,117.9368,-0.0000,0.943134,False
hot,-0.9775,-2.4313,117.9368,0.0000,0.943134,False
cold,-0.6882,-2.9403,117.9368,-0.0000,0.943135,False
hot,-0.9413,-2.5586,117.9368,0.0000,0.943135,False
hot,-0.2180,-2.8555,117.9368,0.0000,0.943135,False
hot,3.3986,2.7439,117.9368,0.0000,0.943136,False
cold,-0.5797,-3.1100,117.9368,-0.0000,0.943136,False
cold,-0.0372,-2.8131,117.9368,-0.0000,0.943137,False
hot,2.9285,2.1076,117.9368,0.0000,0.943138,False
cold,-0.3627,-3.1100,117.9368,-0.0000,0.943139,False
hot,3.3986,2.5318,117.9368,0.0000,0.943141,False
hot,3.0008,2.9136,117.9368,0.0000,0.943142,False
hot,3.4710,2.4470,117.9368,0.0000,0.943143,False
hot,2.7115,2.4470,117.9368,0.0000,0.943143,False
cold,2.8923,2.7439,117.9368,-0.0000,0.943144,False
cold,-1.5562,-2.6858,117.9368,-0.0000,0.943145,False
hot,-1.8093,-2.4737,117.9368,0.0000,0.943146,False
hot,0.6862,-2.4313,117.9368,0.0000,0.943146,False
cold,3.3986,2.9984,117.9368,-0.0000,0.943147,False
cold,-1.1583,-2.6858,117.9368,-0.0000,0.943147,False
hot,0.9755,-2.5586,117.9368,0.0000,0.943147,False
hot,-1.4838,-2.6858,117.9368,0.0000,0.943148,False
hot,-1.8093,-2.1768,117.9368,0.0000,0.943148,False
cold,0.2883,-3.1100,117.9368,-0.0000,0.943149,False
cold,-0.5435,-2.8131,117.9368,-0.0000,0.943150,False
cold,3.0731,2.4470,117.9368,-0.0000,0.943150,False
cold,3.4710,2.2349,117.9368,-0.0000,0.943153,False
hot,1.9520,3.1257,117.9368,0.0000,0.943153,False
cold,1.2287,-3.1100,117.9368,-0.0000,0.943154,False
hot,-1.7370,-3.0252,117.9368,0.0000,0.943155,False
hot,3.2540,3.0409,117.9368,0.0000,0.943156,False
cold,-1.7008,-2.7282,117.9368,-0.0000,0.943157,False
cold,-0.1457,-2.9828,117.9368,-0.0000,0.943158,False
hot,0.5415,-3.0676,117.9368,0.0000,0.943158,False
hot,2.9646,2.7439,117.9368,0.0000,0.943161,False
cold,-1.6646,-2.3465,117.9368,-0.0000,0.943164,False
hot,2.6030,3.0409,117.9368,0.0000,0.943164,False
hot,3.2901,2.7439,117.9368,0.0000,0.943167,False
hot,-0.3988,-2.9828,117.9368,0.0000,0.943167,False
hot,-0.8690,-2.5586,117.9368,0.0000,0.943169,False
cold,-1.2307,-2.6858,117.9368,-0.0000,0.943170,False
cold,3.2540,2.4470,117.9368,-0.0000,0.943170,False
cold,0.3968,-2.9828,117.9368,-0.0000,0.943172,False
hot,-0.8690,-2.4313,117.9368,0.0000,0.943172,False
hot,-1.3392,-3.1100,117.9368,0.0000,0.943174,False
cold,-1.0137,-2.5161,117.9368,-0.0000,0.943174,False
hot,-0.1457,-3.1100,117.9368,0.0000,0.943175,False
cold,-1.6285,-3.0676,117.9368,-0.0000,0.943175,False
cold,2.2413,2.9984,117.9368,-0.0000,0.943176,False
hot,-1.1583,-2.8131,117.9368,0.0000,0.943177,False
hot,0.8670,-2.5161,117.9368,0.0000,0.943178,False
hot,-1.5923,-2.8555,117.9368,0.0000,0.943178,False
cold,-0.5073,-2.6858,117.9368,-0.0000,0.943179,False
hot,-0.2542,-3.0676,117.9368,0.0000,0.943183,False
cold,2.8200,2.6591,117.9368,-0.0000,0.943183,False
cold,0.3968,-2.6434,117.9368,-0.0000,0.943184,False
cold,-1.4838,-2.3040,117.9368,-0.0000,0.943184,False
cold,-0.0733,-3.0252,117.9368,-0.0000,0.943184,False
hot,-1.7731,-2.8979,117.9368,0.0000,0.943184,False
hot,2.8561,2.6591,117.9368,0.0000,0.943187,False
cold,3.3625,2.5742,117.9368,-0.0000,0.943188,False
hot,2.7476,2.3197,117.9368,0.0000,0.943189,False
cold,0.5777,-2.6010,117.9368,-0.0000,0.943190,False
hot,-0.4350,-2.8555,117.9368,0.0000,0.943190,False
cold,3.3263,1.9379,117.9368,-0.0000,0.943190,False
hot,2.9646,2.6591,117.9368,0.0000,0.943190,False
hot,3.4348,2.3197,117.9368,0.0000,0.943192,False
hot,0.7947,-2.8131,117.9368,0.0000,0.943194,False
cold,2.6030,2.9984,117.9368,-0.0000,0.943194,False
cold,0.8670,-2.7282,117.9368,-0.0000,0.943195,False
hot,-0.0733,-2.7707,117.9368,0.0000,0.943197,False
hot,-1.3753,-2.9828,117.9368,0.0000,0.943197,False
hot,0.7585,-2.7707,117.9368,0.0000,0.943198,False
hot,0.3968,-2.5586,117.9368,0.0000,0.943198,False
hot,3.3263,2.1500,117.9368,0.0000,0.943199,False
cold,-1.5562,-2.0495,117.9368,-0.0000,0.943200,False
hot,3.0370,1.7683,117.9368,0.0000,0.943200,False
cold,-1.3392,-3.0252,117.9368,-0.0000,0.943201,False
hot,3.1816,1.9379,117.9368,0.0000,0.943206,False
hot,3.1816,1.8107,117.9368,0.0000,0.943206,False
cold,3.2178,1.9379,117.9368,-0.0000,0.943208,False
hot,-1.1945,-2.9828,117.9368,0.0000,0.943208,False
hot,2.4221,2.8288,117.9368,0.0000,0.943210,False
cold,-1.4838,-2.2616,117.9368,-0.0000,0.943211,False
cold,3.3986,2.9136,117.9368,-0.0000,0.943211,False
cold,-1.4838,-2.2192,117.9368,-0.0000,0.943212,False
hot,0.1798,-2.9828,117.9368,0.0000,0.943212,False
cold,0.7223,-2.8555,117.9368,-0.0000,0.943212,False
cold,-1.1222,-3.0252,117.9368,-0.0000,0.943213,False
cold,-1.1945,-2.8979,117.9368,-0.0000,0.943215,False
hot,0.7947,-2.9828,117.9368,0.0000,0.943215,False
cold,-1.0498,-3.0676,117.9368,-0.0000,0.943216,False
cold,-1.5923,-2.0071,117.9368,-0.0000,0.943217,False
cold,-1.6646,-2.2616,117.9368,-0.0000,0.943218,False
hot,3.1455,1.8107,117.9368,0.0000,0.943218,False
hot,0.7585,-2.5586,117.9368,0.0000,0.943219,False
cold,1.9158,3.1257,117.9368,-0.0000,0.943220,False
cold,3.2901,2.3621,117.9368,-0.0000,0.943221,False
hot,0.3607,-2.4737,117.9368,0.0000,0.943223,False
hot,1.0117,-2.6858,117.9368,0.0000,0.943225,False
cold,-0.9413,-2.8131,117.9368,-0.0000,0.943226,False
hot,3.3625,2.0228,117.9368,0.0000,0.943227,False
hot,-1.4838,-2.8131,117.9368,0.0000,0.943228,False
cold,-1.7370,-2.9403,117.9368,-0.0000,0.943229,False
hot,2.7476,2.3621,117.9368,0.0000,0.943231,False
cold,-0.3265,-2.9403,117.9368,-0.0000,0.943233,False
hot,3.4348,2.2349,117.9368,0.0000,0.943234,False
cold,3.2540,2.4046,117.9368,-0.0000,0.943234,False
cold,-0.8690,-2.6434,117.9368,-0.0000,0.943236,False
cold,0.7947,-2.8131,117.9368,-0.0000,0.943237,False
cold,1.0117,-2.9828,117.9368,-0.0000,0.943238,False
cold,3.1816,2.4046,117.9368,-0.0000,0.943239,False
cold,0.3607,-2.7282,117.9368,-0.0000,0.943241,False
hot,2.2051,2.8288,117.9368,0.0000,0.943241,False
hot,-1.4477,-3.1100,117.9368,0.0000,0.943242,False
cold,3.1816,2.6591,117.9368,-0.0000,0.943242,False
hot,0.6138,-2.9403,117.9368,0.0000,0.943242,False
hot,-0.6882,-2.8555,117.9368,0.0000,0.943243,False
hot,3.4710,2.7863,117.9368,0.0000,0.943243,False
hot,-1.7008,-1.4132,117.9368,0.0000,0.943243,False
hot,2.8200,2.3621,117.9368,0.0000,0.943243,False
cold,2.4583,3.0409,117.9368,-0.0000,0.943244,False
hot,2.7115,2.4894,117.9368,0.0000,0.943245,False
cold,-0.6158,-2.7282,117.9368,-0.0000,0.943245,False
hot,-0.7967,-2.7707,117.9368,0.0000,0.943247,False
hot,3.0731,2.9136,117.9368,0.0000,0.943248,False
hot,2.7838,2.8288,117.9368,0.0000,0.943248,False
cold,3.2178,2.2773,117.9368,-0.0000,0.943248,False
hot,-0.3627,-2.4737,117.9368,0.0000,0.943249,False
cold,-1.2668,-2.3465,117.9368,-0.0000,0.943252,False
cold,-1.4477,-2.2616,117.9368,-0.0000,0.943252,False
hot,2.7476,2.8712,117.9368,0.0000,0.943252,False
hot,1.0478,-2.8131,117.9368,0.0000,0.943253,False
hot,0.2522,-2.6858,117.9368,0.0000,0.943254,False
hot,3.1455,2.1500,117.9368,0.0000,0.943254,False
hot,-0.0372,-2.8555,117.9368,0.0000,0.943255,False
cold,0.8670,-2.9403,117.9368,-0.0000,0.943255,False
hot,2.4945,2.7015,117.9368,0.0000,0.943256,False
hot,-1.8455,-1.9223,117.9368,0.0000,0.943258,False
hot,-0.2903,-2.6858,117.9368,0.0000,0.943260,False
hot,-1.3753,-2.6010,117.9368,0.0000,0.943261,False
cold,-1.4115,-3.0676,117.9368,-0.0000,0.943262,False
hot,-0.5073,-3.0252,117.9368,0.0000,0.943263,False
hot,3.3625,2.9136,117.9368,0.0000,0.943264,False
hot,-1.1583,-2.6434,117.9368,0.0000,0.943264,False
hot,-1.3392,-2.9403,117.9368,0.0000,0.943266,False
hot,-0.9413,-2.4313,117.9368,0.0000,0.943266,False
hot,0.6138,-2.6434,117.9368,0.0000,0.943267,False
hot,-1.3030,-3.0252,117.9368,0.0000,0.943267,False
hot,0.0713,-2.9403,117.9368,0.0000,0.943268,False
hot,2.7115,2.8712,117.9368,0.0000,0.943269,False
hot,-1.0137,-3.0676,117.9368,0.0000,0.943270,False
cold,-0.3988,-2.7282,117.9368,-0.0000,0.943271,False
cold,2.9285,2.2349,117.9368,-0.0000,0.943274,False
cold,-1.6285,-2.6434,117.9368,-0.0000,0.943274,False
cold,-1.7731,-2.3465,117.9368,-0.0000,0.943275,False
hot,-1.7731,-2.0071,117.9368,0.0000,0.943276,False
hot,-1.8455,-2.3889,117.9368,0.0000,0.943276,False
cold,2.2775,3.0833,117.9368,-0.0000,0.943277,False
hot,0.5053,-2.8555,117.9368,0.0000,0.943279,False
hot,-0.0372,-3.0676,117.9368,0.0000,0.943281,False
hot,0.3968,-2.6434,117.9368,0.0000,0.943284,False
hot,0.3968,-2.9403,117.9368,0.0000,0.943287,False
hot,3.4348,1.9379,117.9368,0.0000,0.943288,False
hot,-1.6285,-1.8374,117.9368,0.0000,0.943290,False
cold,-1.0860,-2.8979,117.9368,-0.0000,0.943290,False
hot,3.3625,2.1500,117.9368,0.0000,0.943294,False
cold,1.5180,3.1257,117.9368,-0.0000,0.943295,False
cold,-1.7370,-2.7707,117.9368,-0.0000,0.943296,False
hot,-1.8455,-2.9403,117.9368,0.0000,0.943297,False
hot,2.7838,2.5742,117.9368,0.0000,0.943298,False
hot,-0.6158,-3.0676,117.9368,0.0000,0.943298,False
hot,2.8200,3.0833,117.9368,0.0000,0.943300,False
hot,2.9285,2.4894,117.9368,0.0000,0.943301,False
hot,-0.8690,-3.0676,117.9368,0.0000,0.943304,False
hot,-0.0010,-2.8979,117.9368,0.0000,0.943307,False
cold,-1.1222,-2.9828,117.9368,-0.0000,0.943307,False
cold,3.1455,2.2349,117.9368,-0.0000,0.943307,False
cold,3.3625,2.0228,117.9368,-0.0000,0.943309,False
cold,0.5415,-2.6858,117.9368,-0.0000,0.943309,False
hot,0.6138,-2.5161,117.9368,0.0000,0.943310,False
hot,2.4583,2.8288,117.9368,0.0000,0.943310,False
hot,2.9285,2.8712,117.9368,0.0000,0.943311,False
cold,0.3245,-3.1100,117.9368,-0.0000,0.943311,False
hot,2.7476,2.5318,117.9368,0.0000,0.943312,False
cold,-1.5923,-2.6858,117.9368,-0.0000,0.943314,False
hot,0.1075,-2.6010,117.9368,0.0000,0.943314,False
hot,-1.5200,-2.2616,117.9368,0.0000,0.943318,False
hot,-0.7243,-2.7707,117.9368,0.0000,0.943318,False
hot,1.9158,3.1257,117.9368,0.0000,0.943319,False
cold,3.2901,1.8955,117.9368,-0.0000,0.943320,False
hot,0.4330,-2.6010,117.9368,0.0000,0.943321,False
hot,3.0731,2.6591,117.9368,0.0000,0.943321,False
hot,0.5777,-2.2616,117.9368,0.0000,0.943323,False
cold,-1.5562,-2.0919,117.9368,-0.0000,0.943323,False
cold,-1.0498,-2.9828,117.9368,-0.0000,0.943323,False
cold,3.4348,1.7258,117.9368,-0.0000,0.943324,False
cold,1.0117,-2.8979,117.9368,-0.0000,0.943325,False
cold,-0.6520,-3.0252,117.9368,-0.0000,0.943325,False
cold,3.2540,2.3197,117.9368,-0.0000,0.943327,False
hot,-1.8455,-2.8979,117.9368,0.0000,0.943327,False
cold,-0.2180,-3.1100,117.9368,-0.0000,0.943328,False
cold,-0.9052,-3.1100,117.9368,-0.0000,0.943329,False
cold,0.5777,-3.1100,117.9368,-0.0000,0.943329,False
cold,3.3263,2.1500,117.9368,-0.0000,0.943330,False
hot,0.3245,-3.1100,117.9368,0.0000,0.943331,False
hot,-1.8455,-1.6677,117.9368,0.0000,0.943331,False
cold,3.4710,2.9560,117.9368,-0.0000,0.943332,False
cold,1.0840,-2.9828,117.9368,-0.0000,0.943334,False
hot,3.1455,2.4894,117.9368,0.0000,0.943335,False
cold,3.4348,2.2773,117.9368,-0.0000,0.943338,False
cold,2.5668,2.8712,117.9368,-0.0000,0.943340,False
cold,-1.3030,-2.5161,117.9368,-0.0000,0.943345,False
hot,-1.4477,-2.1344,117.9368,0.0000,0.943347,False
cold,3.1093,2.8712,117.9368,-0.0000,0.943350,False
cold,-0.8690,-2.8979,117.9368,-0.0000,0.943351,False
hot,-1.7731,-1.4556,117.9368,0.0000,0.943353,False
hot,2.1328,2.9984,117.9368,0.0000,0.943356,False
hot,0.6500,-2.6858,117.9368,0.0000,0.943356,False
hot,-1.3392,-2.4313,117.9368,0.0000,0.943356,False
hot,-1.5562,-2.8555,117.9368,0.0000,0.943358,False
hot,3.0731,1.8955,117.9368,0.0000,0.943359,False
hot,2.5668,2.8712,117.9368,0.0000,0.943360,False
hot,3.1455,2.2773,117.9368,0.0000,0.943363,False
hot,-0.6158,-2.4737,117.9368,0.0000,0.943366,False
hot,-1.5923,-2.3040,117.9368,0.0000,0.943368,False
cold,2.8561,2.9984,117.9368,-0.0000,0.943369,False
hot,-1.2307,-2.9828,117.9368,0.0000,0.943369,False
hot,0.2883,-2.6010,117.9368,0.0000,0.943369,False
hot,-0.2180,-2.9828,117.9368,0.0000,0.943369,False
hot,3.4710,2.8288,117.9368,0.0000,0.943370,False
cold,1.8435,2.9560,117.9368,-0.0000,0.943371,False
hot,-1.3030,-2.3040,117.9368,0.0000,0.943372,False
hot,2.4221,2.9984,117.9368,0.0000,0.943376,False
hot,-0.3627,-2.6434,117.9368,0.0000,0.943378,False
cold,3.2540,2.0652,117.9368,-0.0000,0.943381,False
hot,0.2522,-2.8979,117.9368,0.0000,0.943381,False
hot,-1.4115,-2.3889,117.9368,0.0000,0.943383,False
cold,-1.7370,-1.9647,117.9368,-0.0000,0.943383,False
cold,0.5777,-2.9403,117.9368,-0.0000,0.943383,False
cold,2.6753,2.9136,117.9368,-0.0000,0.943384,False
cold,-1.1945,-2.9828,117.9368,-0.0000,0.943384,False
cold,2.9285,2.6167,117.9368,-0.0000,0.943384,False
cold,3.3625,2.0652,117.9368,-0.0000,0.943384,False
hot,3.0008,2.2349,117.9368,0.0000,0.943385,False
hot,0.9393,-2.5586,117.9368,0.0000,0.943385,False
cold,-0.0372,-2.8979,117.9368,-0.0000,0.943389,False
cold,3.3263,2.7863,117.9368,-0.0000,0.943389,False
cold,3.1455,2.1925,117.9368,-0.0000,0.943390,False
hot,3.3263,2.1925,117.9368,0.0000,0.943390,False
cold,-1.6646,-2.7282,117.9368,-0.0000,0.943390,False
cold,0.0713,-2.9828,117.9368,-0.0000,0.943391,False
hot,3.3986,1.6834,117.9368,0.0000,0.943393,False
hot,-1.7731,-2.3889,117.9368,0.0000,0.943394,False
hot,-1.5200,-1.7950,117.9368,0.0000,0.943394,False
hot,-0.3627,-2.5161,117.9368,0.0000,0.943396,False
hot,-0.0733,-2.8131,117.9368,0.0000,0.943398,False
cold,-0.0372,-2.9403,117.9368,-0.0000,0.943398,False
hot,3.2178,3.0833,117.9368,0.0000,0.943399,False
hot,2.7838,2.8712,117.9368,0.0000,0.943399,False
cold,-1.4477,-2.5161,117.9368,-0.0000,0.943400,False
cold,-1.8455,-1.2435,117.9368,-0.0000,0.943400,False
hot,-1.6646,-1.7950,117.9368,0.0000,0.943402,False
cold,1.8073,2.9560,117.9368,-0.0000,0.943402,False
hot,3.0370,2.9984,117.9368,0.0000,0.943405,False
hot,-0.5073,-2.7282,117.9368,0.0000,0.943405,False
hot,3.4348,1.8531,117.9368,0.0000,0.943405,False
hot,2.8561,3.0409,117.9368,0.0000,0.943406,False
cold,3.3263,2.4470,117.9368,-0.0000,0.943407,False
cold,3.4710,2.6167,117.9368,-0.0000,0.943407,False
cold,2.6391,2.9560,117.9368,-0.0000,0.943409,False
hot,3.3263,1.7258,117.9368,0.0000,0.943409,False
hot,-1.4115,-2.9403,117.9368,0.0000,0.943411,False
cold,-1.6285,-2.7707,117.9368,-0.0000,0.943411,False
cold,-0.7967,-2.9828,117.9368,-0.0000,0.943412,False
cold,3.2540,2.1076,117.9368,-0.0000,0.943412,False
hot,3.4348,2.8288,117.9368,0.0000,0.943413,False
hot,2.7838,3.1257,117.9368,0.0000,0.943416,False
hot,3.0370,1.9379,117.9368,0.0000,0.943416,False
hot,3.3625,2.8712,117.9368,0.0000,0.943417,False
hot,-1.1583,-2.4313,117.9368,0.0000,0.943417,False
hot,0.7947,-2.6434,117.9368,0.0000,0.943420,False
cold,-0.3265,-2.8555,117.9368,-0.0000,0.943422,False
hot,-1.7370,-2.1768,117.9368,0.0000,0.943423,False
cold,-0.5435,-2.6858,117.9368,-0.0000,0.943424,False
hot,3.0008,2.6591,117.9368,0.0000,0.943425,False
cold,3.4710,2.4470,117.9368,-0.0000,0.943425,False
hot,0.6138,-2.5586,117.9368,0.0000,0.943426,False
hot,3.1093,1.9804,117.9368,0.0000,0.943427,False
hot,3.1816,2.0228,117.9368,0.0000,0.943429,False
cold,3.3263,2.4046,117.9368,-0.0000,0.943430,False
cold,0.3245,-2.8131,117.9368,-0.0000,0.943434,False
cold,3.0731,2.7439,117.9368,-0.0000,0.943435,False
hot,-1.5923,-1.8798,117.9368,0.0000,0.943435,False
cold,-1.8455,-3.0676,117.9368,-0.0000,0.943439,False
hot,3.4348,1.4713,117.9368,0.0000,0.943439,False
hot,0.1437,-2.7282,117.9368,0.0000,0.943440,False
cold,-0.7967,-2.6010,117.9368,-0.0000,0.943441,False
hot,-1.5923,-2.8979,117.9368,0.0000,0.943442,False
hot,3.0731,2.6167,117.9368,0.0000,0.943443,False
hot,3.3986,1.4713,117.9368,0.0000,0.943444,False
hot,-0.2542,-2.7707,117.9368,0.0000,0.943446,False
hot,-1.8093,-1.4132,117.9368,0.0000,0.943449,False
hot,2.8561,3.0833,117.9368,0.0000,0.943450,False
hot,3.1455,2.0652,117.9368,0.0000,0.943450,False
cold,-1.1583,-2.6434,117.9368,-0.0000,0.943451,False
hot,2.5668,2.5742,117.9368,0.0000,0.943452,False
cold,0.1798,-2.8131,117.9368,-0.0000,0.943453,False
cold,-0.1095,-2.7707,117.9368,-0.0000,0.943453,False
cold,3.1455,2.8288,117.9368,-0.0000,0.943455,False
cold,-1.8455,-2.6010,117.9368,-0.0000,0.943455,False
cold,-0.8328,-2.8131,117.9368,-0.0000,0.943455,False
hot,-1.4838,-2.5161,117.9368,0.0000,0.943457,False
cold,-1.5923,-2.9403,117.9368,-0.0000,0.943458,False
cold,1.7712,2.9984,117.9368,-0.0000,0.943460,False
hot,-1.8093,-1.3708,117.9368,0.0000,0.943462,False
hot,0.4692,-2.7282,117.9368,0.0000,0.943463,False
hot,2.0966,3.1257,117.9368,0.0000,0.943463,False
cold,3.1093,2.2773,117.9368,-0.0000,0.943464,False
cold,-0.4350,-2.9403,117.9368,-0.0000,0.943466,False
hot,3.2178,2.8288,117.9368,0.0000,0.943468,False
hot,3.1455,2.0228,117.9368,0.0000,0.943470,False
cold,2.9646,2.7439,117.9368,-0.0000,0.943472,False
cold,-1.4477,-2.7707,117.9368,-0.0000,0.943476,False
hot,2.1328,3.1257,117.9368,0.0000,0.943477,False
hot,3.0731,2.5318,117.9368,0.0000,0.943478,False
hot,-1.5923,-2.9828,117.9368,0.0000,0.943481,False
cold,3.1816,2.6167,117.9368,-0.0000,0.943482,False
hot,2.8561,2.9984,117.9368,0.0000,0.943483,False
hot,-1.2307,-2.6858,117.9368,0.0000,0.943485,False
hot,2.6391,3.0409,117.9368,0.0000,0.943485,False
hot,0.3607,-2.6010,117.9368,0.0000,0.943485,False
cold,3.1816,3.0833,117.9368,-0.0000,0.943487,False
hot,-0.1457,-2.5161,117.9368,0.0000,0.943487,False
hot,-0.6520,-2.5586,117.9368,0.0000,0.943487,False
cold,2.2413,3.0409,117.9368,-0.0000,0.943488,False
hot,2.9285,2.1925,117.9368,0.0000,0.943488,False
cold,0.2883,-2.6434,117.9368,-0.0000,0.943489,False
cold,0.8670,-2.9828,117.9368,-0.0000,0.943493,False
hot,2.4221,2.8712,117.9368,0.0000,0.943494,False
hot,-1.0860,-3.0676,117.9368,0.0000,0.943497,False
hot,-0.6158,-2.5161,117.9368,0.0000,0.943498,False
hot,2.1328,3.0409,117.9368,0.0000,0.943499,False
hot,0.2160,-2.9403,117.9368,0.0000,0.943501,False
cold,3.0008,2.1925,117.9368,-0.0000,0.943502,False
hot,0.6862,-2.8131,117.9368,0.0000,0.943502,False
hot,3.3625,1.8107,117.9368,0.0000,0.943503,False
cold,0.0352,-2.8131,117.9368,-0.0000,0.943503,False
hot,-0.2542,-2.9403,117.9368,0.0000,0.943504,False
hot,0.1437,-2.5586,117.9368,0.0000,0.943506,False
hot,-1.1583,-2.8979,117.9368,0.0000,0.943509,False
hot,-1.8455,-2.0071,117.9368,0.0000,0.943510,False
hot,-1.6285,-2.2616,117.9368,0.0000,0.943510,False
hot,0.0352,-2.5161,117.9368,0.0000,0.943510,False
hot,3.0731,1.9804,117.9368,0.0000,0.943516,False
hot,0.9393,-2.9403,117.9368,0.0000,0.943521,False
hot,0.9755,-3.1100,117.9368,0.0000,0.943523,False
cold,0.1437,-2.9403,117.9368,-0.0000,0.943523,False
hot,-1.6646,-1.8374,117.9368,0.0000,0.943524,False
cold,0.0713,-2.8131,117.9368,-0.0000,0.943524,False
hot,0.5777,-2.7282,117.9368,0.0000,0.943524,False
hot,-1.8455,-1.8798,117.9368,0.0000,0.943524,False
hot,1.0117,-2.9828,117.9368,0.0000,0.943526,False
hot,-1.7008,-1.9223,117.9368,0.0000,0.943526,False
cold,2.8923,2.4046,117.9368,-0.0000,0.943527,False
hot,2.8561,1.8955,117.9368,0.0000,0.943527,False
hot,-0.3988,-2.9403,117.9368,0.0000,0.943531,False
cold,2.8200,2.8288,117.9368,-0.0000,0.943536,False
cold,-0.4350,-2.7707,117.9368,-0.0000,0.943537,False
hot,2.9646,2.3197,117.9368,0.0000,0.943538,False
cold,2.8923,2.3197,117.9368,-0.0000,0.943538,False
hot,0.1798,-2.4737,117.9368,0.0000,0.943538,False
hot,-0.4350,-3.0252,117.9368,0.0000,0.943538,False
hot,-1.8455,-3.1100,117.9368,0.0000,0.943538,False
hot,0.9032,-2.4737,117.9368,0.0000,0.943542,False
cold,0.7947,-2.7707,117.9368,-0.0000,0.943542,False
hot,0.1437,-2.9828,117.9368,0.0000,0.943544,False
cold,0.1437,-2.8131,117.9368,-0.0000,0.943546,False
cold,3.3986,1.9379,117.9368,-0.0000,0.943547,False
cold,-1.6646,-2.6010,117.9368,-0.0000,0.943548,False
cold,-1.7008,-2.8131,117.9368,-0.0000,0.943550,False
cold,-0.6882,-2.8555,117.9368,-0.0000,0.943552,False
hot,1.1202,-2.7282,117.9368,0.0000,0.943553,False
cold,-0.3627,-2.8979,117.9368,-0.0000,0.943554,False
hot,-0.0372,-2.6858,117.9368,0.0000,0.943555,False
cold,2.9646,2.1500,117.9368,-0.0000,0.943557,False
hot,-1.2668,-2.9403,117.9368,0.0000,0.943557,False
cold,-0.9413,-2.8555,117.9368,-0.0000,0.943558,False
hot,-0.4350,-2.6434,117.9368,0.0000,0.943558,False
cold,-0.9413,-2.6434,117.9368,-0.0000,0.943558,False
hot,0.1437,-2.9403,117.9368,0.0000,0.943561,False
cold,2.4945,2.9136,117.9368,-0.0000,0.943562,False
cold,0.6500,-2.4737,117.9368,-0.0000,0.943563,False
cold,-1.5200,-2.6434,117.9368,-0.0000,0.943563,False
hot,-1.8455,-2.6010,117.9368,0.0000,0.943567,False
hot,-0.7967,-2.8131,117.9368,0.0000,0.943568,False
hot,-1.7370,-2.7707,117.9368,0.0000,0.943569,False
hot,0.9755,-2.8979,117.9368,0.0000,0.943572,False
cold,-0.7967,-3.0252,117.9368,-0.0000,0.943573,False
cold,-1.7008,-2.7707,117.9368,-0.0000,0.943578,False
hot,-1.7008,-3.1100,117.9368,0.0000,0.943580,False
hot,2.3498,3.1257,117.9368,0.0000,0.943581,False
hot,0.7223,-2.8979,117.9368,0.0000,0.943583,False
cold,-0.2903,-2.7282,117.9368,-0.0000,0.943583,False
hot,3.0731,2.1076,117.9368,0.0000,0.943584,False
hot,2.6753,2.6167,117.9368,0.0000,0.943585,False
cold,2.0605,3.1257,117.9368,-0.0000,0.943585,False
hot,-1.0498,-2.8131,117.9368,0.0000,0.943586,False
hot,-1.6646,-2.0071,117.9368,0.0000,0.943588,False
hot,0.2522,-2.9403,117.9368,0.0000,0.943589,False
hot,-0.1457,-2.9403,117.9368,0.0000,0.943590,False
hot,-0.9775,-2.3889,117.9368,0.0000,0.943590,False
hot,-0.3265,-2.6434,117.9368,0.0000,0.943590,False
cold,0.3245,-2.6434,117.9368,-0.0000,0.943591,False
hot,0.2160,-2.6858,117.9368,0.0000,0.943592,False
hot,-1.7370,-2.9828,117.9368,0.0000,0.943593,False
hot,-1.7731,-1.3708,117.9368,0.0000,0.943593,False
cold,-1.3392,-2.9403,117.9368,-0.0000,0.943595,False
cold,3.2540,2.3621,117.9368,-0.0000,0.943595,False
hot,-1.4838,-2.3040,117.9368,0.0000,0.943598,False
cold,3.4710,1.8107,117.9368,-0.0000,0.943599,False
cold,-1.7008,-2.6434,117.9368,-0.0000,0.943600,False
hot,3.2540,2.3621,117.9368,0.0000,0.943601,False
cold,3.4710,1.6410,117.9368,-0.0000,0.943603,False
hot,-1.6285,-2.3040,117.9368,0.0000,0.943603,False
hot,1.4457,-3.0676,117.9368,0.0000,0.943605,False
hot,-1.8455,-1.5405,117.9368,0.0000,0.943606,False
cold,-1.1945,-2.5586,117.9368,-0.0000,0.943606,False
hot,-0.6520,-3.0676,117.9368,0.0000,0.943606,False
cold,2.4583,2.9560,117.9368,-0.0000,0.943607,False
cold,2.7838,2.5318,117.9368,-0.0000,0.943609,False
hot,3.0370,2.6167,117.9368,0.0000,0.943612,False
hot,0.3968,-2.4737,117.9368,0.0000,0.943616,False
hot,-0.3988,-2.8979,117.9368,0.0000,0.943618,False
hot,0.3607,-2.4313,117.9368,0.0000,0.943619,False
hot,2.3860,2.7015,117.9368,0.0000,0.943619,False
hot,-1.7370,-2.4313,117.9368,0.0000,0.943620,False
hot,2.3498,3.0409,117.9368,0.0000,0.943621,False
cold,-1.5923,-2.3040,117.9368,-0.0000,0.943622,False
hot,-0.9052,-2.4313,117.9368,0.0000,0.943622,False
hot,-0.5073,-2.5586,117.9368,0.0000,0.943622,False
hot,2.9285,2.3621,117.9368,0.0000,0.943622,False
hot,2.8923,2.6591,117.9368,0.0000,0.943626,False
cold,0.7947,-2.8979,117.9368,-0.0000,0.943627,False
hot,0.2883,-3.0676,117.9368,0.0000,0.943629,False
cold,-1.3753,-2.8555,117.9368,-0.0000,0.943630,False
cold,3.1455,2.6167,117.9368,-0.0000,0.943636,False
cold,-1.6285,-2.3040,117.9368,-0.0000,0.943636,False
cold,-0.2903,-2.8131,117.9368,-0.0000,0.943640,False
hot,-1.6646,-3.1100,117.9368,0.0000,0.943641,False
hot,2.8561,2.0652,117.9368,0.0000,0.943641,False
hot,-1.7370,-2.2616,117.9368,0.0000,0.943641,False
hot,3.1816,1.9804,117.9368,0.0000,0.943642,False
hot,-1.7008,-1.6677,117.9368,0.0000,0.943642,False
hot,0.4692,-2.6010,117.9368,0.0000,0.943642,False
cold,2.7476,2.7439,117.9368,-0.0000,0.943645,False
hot,2.2413,2.8712,117.9368,0.0000,0.943647,False
hot,0.5415,-2.5586,117.9368,0.0000,0.943648,False
cold,3.3986,2.7439,117.9368,-0.0000,0.943649,False
cold,2.8200,2.7863,117.9368,-0.0000,0.943650,False
hot,-1.0498,-2.8979,117.9368,0.0000,0.943650,False
hot,-1.7731,-2.0495,117.9368,0.0000,0.943650,False
hot,-1.5923,-3.0252,117.9368,0.0000,0.943653,False
cold,-1.3392,-2.9828,117.9368,-0.0000,0.943654,False
hot,2.6030,2.9984,117.9368,0.0000,0.943656,False
cold,3.3625,2.7439,117.9368,-0.0000,0.943658,False
cold,3.4348,1.8107,117.9368,-0.0000,0.943659,False
cold,3.0008,2.9560,117.9368,-0.0000,0.943662,False
hot,3.3986,2.0228,117.9368,0.0000,0.943665,False
hot,3.0731,2.3621,117.9368,0.0000,0.943666,False
hot,-0.7605,-2.8979,117.9368,0.0000,0.943667,False
hot,3.2540,2.0652,117.9368,0.0000,0.943667,False
hot,-1.1945,-2.9403,117.9368,0.0000,0.943668,False
cold,-0.3265,-2.7707,117.9368,-0.0000,0.943669,False
cold,3.3986,2.4046,117.9368,-0.0000,0.943670,False
hot,-1.6285,-1.7950,117.9368,0.0000,0.943671,False
cold,-1.7731,-2.4737,117.9368,-0.0000,0.943671,False
cold,1.0117,-3.0252,117.9368,-0.0000,0.943672,False
hot,-1.5923,-2.1344,117.9368,0.0000,0.943674,False
cold,3.2540,2.2773,117.9368,-0.0000,0.943675,False
cold,2.8200,2.5742,117.9368,-0.0000,0.943675,False
cold,2.3136,3.0833,117.9368,-0.0000,0.943678,False
cold,3.3263,3.0833,117.9368,-0.0000,0.943682,False
cold,2.7115,3.1257,117.9368,-0.0000,0.943683,False
cold,3.3625,2.7015,117.9368,-0.0000,0.943683,False
hot,0.1437,-2.7707,117.9368,0.0000,0.943685,False
cold,0.4330,-2.8131,117.9368,-0.0000,0.943686,False
cold,3.0370,2.3197,117.9368,-0.0000,0.943687,False
hot,-1.4477,-2.8555,117.9368,0.0000,0.943688,False
hot,3.1816,2.2773,117.9368,0.0000,0.943688,False
cold,0.7947,-2.6434,117.9368,-0.0000,0.943690,False
cold,0.6500,-2.9828,117.9368,-0.0000,0.943691,False
hot,3.2178,2.3621,117.9368,0.0000,0.943696,False
cold,-1.3753,-2.5586,117.9368,-0.0000,0.943698,False
hot,-1.6285,-1.6677,117.9368,0.0000,0.943699,False
cold,2.6391,2.9136,117.9368,-0.0000,0.943699,False
cold,0.7223,-2.7282,117.9368,-0.0000,0.943700,False
hot,-1.7370,-1.9647,117.9368,0.0000,0.943701,False
hot,-1.3392,-2.3040,117.9368,0.0000,0.943702,False
cold,3.3263,2.9136,117.9368,-0.0000,0.943703,False
hot,-0.6882,-2.7707,117.9368,0.0000,0.943704,False
hot,-1.7731,-1.6253,117.9368,0.0000,0.943706,False
hot,0.9393,-2.5161,117.9368,0.0000,0.943706,False
cold,-0.5073,-2.9403,117.9368,-0.0000,0.943706,False
hot,-1.4115,-2.2192,117.9368,0.0000,0.943708,False
hot,0.5415,-2.3889,117.9368,0.0000,0.943709,False
cold,3.1455,3.1257,117.9368,-0.0000,0.943709,False
hot,-1.7370,-2.4737,117.9368,0.0000,0.943712,False
hot,0.4692,-3.1100,117.9368,0.0000,0.943712,False
cold,2.9285,2.1500,117.9368,-0.0000,0.943714,False
hot,0.1798,-2.8131,117.9368,0.0000,0.943714,False
cold,0.8670,-2.8555,117.9368,-0.0000,0.943716,False
hot,3.3263,2.9560,117.9368,0.0000,0.943717,False
cold,-1.7008,-2.0071,117.9368,-0.0000,0.943718,False
cold,-0.7605,-2.6010,117.9368,-0.0000,0.943718,False
hot,2.5668,2.6591,117.9368,0.0000,0.943719,False
hot,-0.1095,-2.8131,117.9368,0.0000,0.943719,False
cold,3.2178,2.1076,117.9368,-0.0000,0.943721,False
hot,1.0840,-2.9828,117.9368,0.0000,0.943723,False
cold,2.6753,2.9560,117.9368,-0.0000,0.943723,False
cold,0.3607,-2.9828,117.9368,-0.0000,0.943724,False
hot,3.2901,2.1925,117.9368,0.0000,0.943726,False
hot,3.3263,2.6167,117.9368,0.0000,0.943728,False
cold,-1.8455,-2.8979,117.9368,-0.0000,0.943731,False
cold,2.8200,2.9984,117.9368,-0.0000,0.943731,False
cold,-1.5200,-2.7282,117.9368,-0.0000,0.943731,False
cold,0.2160,-2.9828,117.9368,-0.0000,0.943732,False
hot,2.1690,3.1257,117.9368,0.0000,0.943733,False
cold,3.3625,2.7863,117.9368,-0.0000,0.943733,False
hot,0.2883,-2.8131,117.9368,0.0000,0.943733,False
cold,-0.1818,-2.7282,117.9368,-0.0000,0.943734,False
cold,2.3860,2.9560,117.9368,-0.0000,0.943736,False
cold,-0.0733,-3.0676,117.9368,-0.0000,0.943738,False
hot,3.2178,2.4894,117.9368,0.0000,0.943740,False
cold,3.1455,2.7015,117.9368,-0.0000,0.943741,False
hot,0.8670,-2.8555,117.9368,0.0000,0.943744,False
cold,-0.7605,-2.8555,117.9368,-0.0000,0.943745,False
cold,0.3607,-2.8555,117.9368,-0.0000,0.943751,False
hot,2.7838,2.0228,117.9368,0.0000,0.943751,False
hot,-1.0860,-2.3465,117.9368,0.0000,0.943752,False
cold,-1.8455,-2.1344,117.9368,-0.0000,0.943752,False
hot,3.2540,2.4894,117.9368,0.0000,0.943755,False
hot,-0.8328,-2.9828,117.9368,0.0000,0.943755,False
cold,0.0352,-3.0252,117.9368,-0.0000,0.943755,False
hot,-1.4477,-2.2192,117.9368,0.0000,0.943757,False
hot,3.3986,2.1500,117.9368,0.0000,0.943757,False
hot,0.6500,-2.6434,117.9368,0.0000,0.943758,False
hot,-1.7370,-2.0495,117.9368,0.0000,0.943760,False
cold,-0.4712,-2.9828,117.9368,-0.0000,0.943760,False
cold,-1.0498,-2.5586,117.9368,-0.0000,0.943763,False
hot,2.6391,2.3621,117.9368,0.0000,0.943764,False
hot,0.6500,-2.5586,117.9368,0.0000,0.943765,False
hot,3.2178,1.7258,117.9368,0.0000,0.943768,False
cold,-1.2668,-2.8555,117.9368,-0.0000,0.943770,False
cold,-0.2542,-2.8555,117.9368,-0.0000,0.943770,False
cold,2.6753,2.9984,117.9368,-0.0000,0.943771,False
hot,0.0352,-3.1100,117.9368,0.0000,0.943771,False
hot,-0.4712,-2.6010,117.9368,0.0000,0.943771,False
hot,-0.6882,-2.5161,117.9368,0.0000,0.943772,False
cold,0.2160,-2.6434,117.9368,-0.0000,0.943772,False
cold,-0.4350,-3.0252,117.9368,-0.0000,0.943774,False
cold,0.2160,-2.8131,117.9368,-0.0000,0.943777,False
cold,0.2883,-2.8131,117.9368,-0.0000,0.943777,False
hot,-0.0372,-2.8979,117.9368,0.0000,0.943780,False
cold,0.1798,-2.6858,117.9368,-0.0000,0.943782,False
hot,2.8200,2.5742,117.9368,0.0000,0.943782,False
hot,3.3625,1.8531,117.9368,0.0000,0.943783,False
hot,0.0352,-2.6858,117.9368,0.0000,0.943784,False
cold,-1.7370,-2.8979,117.9368,-0.0000,0.943786,False
hot,-1.2668,-2.6010,117.9368,0.0000,0.943792,False
hot,2.3860,3.0409,117.9368,0.0000,0.943792,False
hot,3.2901,2.8712,117.9368,0.0000,0.943793,False
hot,0.0713,-2.8555,117.9368,0.0000,0.943794,False
cold,-1.8093,-1.6677,117.9368,-0.0000,0.943798,False
hot,2.9646,2.8712,117.9368,0.0000,0.943803,False
cold,-1.4838,-2.6010,117.9368,-0.0000,0.943803,False
hot,0.6862,-3.0252,117.9368,0.0000,0.943804,False
cold,0.3968,-2.8131,117.9368,-0.0000,0.943804,False
hot,2.9646,1.9804,117.9368,0.0000,0.943805,False
cold,3.4348,2.4470,117.9368,-0.0000,0.943806,False
cold,2.8923,2.5318,117.9368,-0.0000,0.943806,False
cold,-1.0498,-2.6434,117.9368,-0.0000,0.943808,False
hot,-1.7731,-3.0676,117.9368,0.0000,0.943809,False
hot,0.5415,-2.8979,117.9368,0.0000,0.943812,False
hot,0.4330,-2.8131,117.9368,0.0000,0.943813,False
hot,-1.6646,-1.9647,117.9368,0.0000,0.943813,False
cold,0.1075,-2.9403,117.9368,-0.0000,0.943814,False
cold,2.8561,2.8712,117.9368,-0.0000,0.943815,False
hot,0.6500,-2.3889,117.9368,0.0000,0.943816,False
cold,-1.2307,-2.7707,117.9368,-0.0000,0.943816,False
cold,2.5668,2.8288,117.9368,-0.0000,0.943816,False
hot,2.2413,3.1257,117.9368,0.0000,0.943817,False
cold,0.9755,-2.8979,117.9368,-0.0000,0.943824,False
cold,3.1455,2.9984,117.9368,-0.0000,0.943825,False
cold,-0.3627,-2.9828,117.9368,-0.0000,0.943829,False
hot,0.6862,-2.3889,117.9368,0.0000,0.943832,False
hot,3.2540,3.1257,117.9368,0.0000,0.943832,False
cold,0.2883,-2.8979,117.9368,-0.0000,0.943832,False
hot,3.1455,2.8712,117.9368,0.0000,0.943834,False
hot,0.8670,-2.6858,117.9368,0.0000,0.943835,False
cold,-1.8093,-2.5161,117.9368,-0.0000,0.943836,False
cold,3.3986,1.8955,117.9368,-0.0000,0.943837,False
hot,-1.1222,-2.9403,117.9368,0.0000,0.943837,False
cold,-1.1583,-3.1100,117.9368,-0.0000,0.943839,False
hot,0.2883,-2.7282,117.9368,0.0000,0.943841,False
cold,1.7350,3.0833,117.9368,-0.0000,0.943841,False
cold,3.1816,2.3621,117.9368,-0.0000,0.943845,False
hot,3.3986,1.8955,117.9368,0.0000,0.943850,False
cold,3.3625,2.2773,117.9368,-0.0000,0.943851,False
cold,-1.1222,-2.6858,117.9368,-0.0000,0.943854,False
hot,-1.1583,-2.4737,117.9368,0.0000,0.943854,False
hot,0.4330,-2.8979,117.9368,0.0000,0.943855,False
hot,-1.6646,-2.0495,117.9368,0.0000,0.943855,False
hot,-1.6646,-2.5586,117.9368,0.0000,0.943856,False
cold,3.4348,2.7439,117.9368,-0.0000,0.943856,False
cold,-1.1945,-2.8131,117.9368,-0.0000,0.943857,False
hot,2.8200,1.9379,117.9368,0.0000,0.943857,False
hot,3.4710,2.4894,117.9368,0.0000,0.943858,False
hot,3.2901,1.8107,117.9368,0.0000,0.943861,False
cold,-1.1945,-3.0252,117.9368,-0.0000,0.943865,False
hot,1.0840,-2.8555,117.9368,0.0000,0.943870,False
hot,2.7476,2.9136,117.9368,0.0000,0.943870,False
hot,-0.2903,-2.9828,117.9368,0.0000,0.943872,False
hot,-1.4477,-2.3040,117.9368,0.0000,0.943873,False
hot,-0.7967,-2.3889,117.9368,0.0000,0.943874,False
cold,0.5777,-2.5161,117.9368,-0.0000,0.943875,False
hot,-1.5200,-1.9647,117.9368,0.0000,0.943881,False
hot,3.3986,2.5742,117.9368,0.0000,0.943882,False
hot,2.6753,2.7439,117.9368,0.0000,0.943882,False
hot,-1.3392,-2.8979,117.9368,0.0000,0.943886,False
hot,1.0840,-3.0252,117.9368,0.0000,0.943887,False
hot,-1.7370,-2.3889,117.9368,0.0000,0.943887,False
cold,3.4710,2.3621,117.9368,-0.0000,0.943888,False
cold,-0.1095,-2.9403,117.9368,-0.0000,0.943893,False
cold,0.6138,-2.6434,117.9368,-0.0000,0.943894,False
cold,-1.7370,-2.4313,117.9368,-0.0000,0.943895,False
hot,-1.5923,-1.7950,117.9368,0.0000,0.943897,False
hot,0.5415,-2.6010,117.9368,0.0000,0.943897,False
hot,-1.7370,-2.8555,117.9368,0.0000,0.943899,False
hot,-1.1583,-2.3889,117.9368,0.0000,0.943904,False
hot,-1.0137,-2.7282,117.9368,0.0000,0.943907,False
hot,-1.7731,-2.2616,117.9368,0.0000,0.943907,False
hot,3.2540,2.3197,117.9368,0.0000,0.943907,False
cold,-0.3988,-2.9828,117.9368,-0.0000,0.943912,False
hot,-0.5797,-2.5586,117.9368,0.0000,0.943912,False
hot,0.9032,-2.7707,117.9368,0.0000,0.943916,False
hot,0.3245,-3.0676,117.9368,0.0000,0.943918,False
hot,2.7838,3.0409,117.9368,0.0000,0.943920,False
cold,0.3607,-2.6010,117.9368,-0.0000,0.943922,False
hot,1.1202,-2.8979,117.9368,0.0000,0.943924,False
cold,-1.1945,-2.3889,117.9368,-0.0000,0.943924,False
hot,-1.6646,-1.5829,117.9368,0.0000,0.943925,False
hot,0.5415,-2.8131,117.9368,0.0000,0.943926,False
hot,-1.2668,-2.8131,117.9368,0.0000,0.943928,False
cold,-0.7605,-2.8979,117.9368,-0.0000,0.943931,False
cold,0.6500,-2.7282,117.9368,-0.0000,0.943933,False
hot,-0.3265,-2.5586,117.9368,0.0000,0.943933,False
cold,-0.6520,-3.1100,117.9368,-0.0000,0.943935,False
hot,3.0008,2.8712,117.9368,0.0000,0.943937,False
hot,2.6391,2.7015,117.9368,0.0000,0.943940,False
cold,2.8200,2.9560,117.9368,-0.0000,0.943940,False
hot,0.9032,-2.9828,117.9368,0.0000,0.943942,False
hot,1.2287,-2.8979,117.9368,0.0000,0.943943,False
hot,-1.8093,-2.9403,117.9368,0.0000,0.943945,False
hot,2.8923,2.7863,117.9368,0.0000,0.943948,False
hot,-0.1818,-2.7282,117.9368,0.0000,0.943950,False
hot,-1.3753,-2.7282,117.9368,0.0000,0.943952,False
hot,-0.5797,-3.1100,117.9368,0.0000,0.943952,False
cold,-1.5923,-3.0252,117.9368,-0.0000,0.943953,False
cold,0.2522,-2.6010,117.9368,-0.0000,0.943953,False
hot,-0.8328,-2.6434,117.9368,0.0000,0.943955,False
hot,2.7115,2.3621,117.9368,0.0000,0.943956,False
hot,-0.0372,-2.4737,117.9368,0.0000,0.943958,False
hot,-1.1583,-2.7282,117.9368,0.0000,0.943958,False
hot,-0.3988,-2.6010,117.9368,0.0000,0.943959,False
hot,3.1816,2.5742,117.9368,0.0000,0.943960,False
cold,-0.8328,-2.6858,117.9368,-0.0000,0.943961,False
hot,0.2160,-2.8979,117.9368,0.0000,0.943964,False
hot,-1.7731,-2.4313,117.9368,0.0000,0.943964,False
hot,-1.7008,-2.8131,117.9368,0.0000,0.943964,False
hot,-1.5562,-2.5586,117.9368,0.0000,0.943965,False
hot,2.6753,2.7863,117.9368,0.0000,0.943968,False
cold,-0.0010,-3.0676,117.9368,-0.0000,0.943968,False
cold,2.9646,2.5742,117.9368,-0.0000,0.943969,False
cold,-1.8093,-2.8555,117.9368,-0.0000,0.943969,False
cold,-1.4115,-2.7282,117.9368,-0.0000,0.943969,False
hot,0.8670,-2.9828,117.9368,0.0000,0.943970,False
hot,-1.2307,-2.9403,117.9368,0.0000,0.943970,False
hot,0.3245,-2.9403,117.9368,0.0000,0.943971,False
cold,-1.7008,-2.8979,117.9368,-0.0000,0.943972,False
hot,3.2901,3.1257,117.9368,0.0000,0.943974,False
cold,-1.3392,-2.5161,117.9368,-0.0000,0.943975,False
cold,0.6500,-2.4313,117.9368,-0.0000,0.943977,False
cold,0.1075,-2.6858,117.9368,-0.0000,0.943979,False
cold,-1.2307,-2.4737,117.9368,-0.0000,0.943982,False
cold,2.9646,2.7863,117.9368,-0.0000,0.943983,False
cold,-1.3030,-3.0252,117.9368,-0.0000,0.943985,False
hot,3.3263,2.0228,117.9368,0.0000,0.943985,False
hot,-0.2180,-2.6858,117.9368,0.0000,0.943985,False
cold,-0.6158,-2.9828,117.9368,-0.0000,0.943987,False
hot,-1.4838,-3.0252,117.9368,0.0000,0.943987,False
hot,0.5777,-2.3889,117.9368,0.0000,0.943987,False
cold,-1.4838,-2.6434,117.9368,-0.0000,0.943989,False
hot,2.4583,2.6591,117.9368,0.0000,0.943989,False
hot,3.0731,3.0409,117.9368,0.0000,0.943991,False
hot,-1.3392,-2.7707,117.9368,0.0000,0.943994,False
cold,3.0008,2.7439,117.9368,-0.0000,0.943995,False
cold,2.7838,2.5742,117.9368,-0.0000,0.943995,False
cold,-1.1583,-2.4737,117.9368,-0.0000,0.943996,False
hot,-1.7731,-1.6677,117.9368,0.0000,0.943998,False
cold,-1.3392,-2.6858,117.9368,-0.0000,0.943998,False
hot,2.3498,2.7439,117.9368,0.0000,0.943999,False
cold,2.4583,3.0833,117.9368,-0.0000,0.944000,False
cold,-1.8455,-2.1768,117.9368,-0.0000,0.944009,False
hot,0.7585,-2.6434,117.9368,0.0000,0.944012,False
hot,-1.7008,-1.6253,117.9368,0.0000,0.944013,False
hot,-1.4838,-2.6010,117.9368,0.0000,0.944013,False
cold,2.8923,2.7863,117.9368,-0.0000,0.944014,False
cold,3.0008,3.0833,117.9368,-0.0000,0.944015,False
hot,-1.2307,-2.6010,117.9368,0.0000,0.944017,False
cold,2.9646,2.4046,117.9368,-0.0000,0.944018,False
hot,3.0008,2.1500,117.9368,0.0000,0.944020,False
hot,0.3968,-3.0676,117.9368,0.0000,0.944020,False
cold,3.1093,2.7863,117.9368,-0.0000,0.944024,False
hot,2.5668,2.5318,117.9368,0.0000,0.944028,False
hot,-1.5200,-1.9223,117.9368,0.0000,0.944029,False
hot,0.5415,-2.3465,117.9368,0.0000,0.944031,False
hot,2.8923,2.1076,117.9368,0.0000,0.944031,False
hot,3.2901,2.9560,117.9368,0.0000,0.944033,False
cold,0.9032,-3.0252,117.9368,-0.0000,0.944034,False
cold,-1.6285,-3.0252,117.9368,-0.0000,0.944035,False
cold,3.2178,2.4470,117.9368,-0.0000,0.944036,False
cold,0.8308,-2.9403,117.9368,-0.0000,0.944037,False
cold,-0.0010,-2.8131,117.9368,-0.0000,0.944038,False
hot,3.1093,2.8712,117.9368,0.0000,0.944039,False
hot,0.8670,-3.0676,117.9368,0.0000,0.944040,False
cold,3.3263,2.0228,117.9368,-0.0000,0.944044,False
hot,-1.3753,-1.9647,117.9368,0.0000,0.944045,False
hot,-0.7967,-3.1100,117.9368,0.0000,0.944047,False
hot,-1.4838,-2.5586,117.9368,0.0000,0.944048,False
cold,2.9646,2.4894,117.9368,-0.0000,0.944049,False
hot,3.2901,1.8955,117.9368,0.0000,0.944050,False
cold,2.9285,2.7015,117.9368,-0.0000,0.944051,False
cold,3.2540,1.9804,117.9368,-0.0000,0.944055,False
cold,0.5053,-2.7707,117.9368,-0.0000,0.944056,False
hot,3.4710,1.4713,117.9368,0.0000,0.944058,False
hot,-0.4712,-2.8555,117.9368,0.0000,0.944059,False
hot,-0.8690,-2.5161,117.9368,0.0000,0.944060,False
hot,3.3263,3.1257,117.9368,0.0000,0.944061,False
hot,3.2901,1.8531,117.9368,0.0000,0.944061,False
hot,0.5053,-3.0676,117.9368,0.0000,0.944064,False
cold,0.1437,-2.6434,117.9368,-0.0000,0.944065,False
hot,-1.3753,-3.1100,117.9368,0.0000,0.944068,False
cold,-0.3988,-3.0676,117.9368,-0.0000,0.944068,False
cold,0.8308,-3.0252,117.9368,-0.0000,0.944070,False
hot,-1.1945,-2.1768,117.9368,0.0000,0.944070,False
hot,0.2160,-3.0252,117.9368,0.0000,0.944071,False
cold,-1.8093,-2.7282,117.9368,-0.0000,0.944072,False
hot,-0.1818,-2.8555,117.9368,0.0000,0.944073,False
hot,-0.3627,-2.9403,117.9368,0.0000,0.944075,False
cold,-0.7967,-2.7707,117.9368,-0.0000,0.944079,False
hot,0.7585,-2.8131,117.9368,0.0000,0.944079,False
hot,-0.7243,-2.5586,117.9368,0.0000,0.944080,False
cold,3.0731,2.4894,117.9368,-0.0000,0.944083,False
hot,0.2883,-2.7707,117.9368,0.0000,0.944085,False
hot,2.6753,2.2773,117.9368,0.0000,0.944085,False
hot,3.1455,2.5742,117.9368,0.0000,0.944088,False
hot,-1.2668,-2.1768,117.9368,0.0000,0.944089,False
hot,3.0370,2.7439,117.9368,0.0000,0.944090,False
hot,-0.7967,-2.6434,117.9368,0.0000,0.944091,False
cold,2.8200,2.8712,117.9368,-0.0000,0.944093,False
cold,1.1202,-3.0676,117.9368,-0.0000,0.944094,False
hot,2.7115,2.9136,117.9368,0.0000,0.944095,False
hot,0.8308,-3.0252,117.9368,0.0000,0.944099,False
hot,3.4710,2.0652,117.9368,0.0000,0.944100,False
cold,3.1816,2.9136,117.9368,-0.0000,0.944100,False
hot,-0.2903,-2.8131,117.9368,0.0000,0.944101,False
cold,-1.5562,-3.0676,117.9368,-0.0000,0.944105,False
cold,2.4945,2.9984,117.9368,-0.0000,0.944106,False
cold,0.0352,-2.6858,117.9368,-0.0000,0.944107,False
hot,-0.9775,-2.5586,117.9368,0.0000,0.944108,False
cold,-0.4350,-2.8979,117.9368,-0.0000,0.944109,False
hot,-1.4838,-2.2616,117.9368,0.0000,0.944109,False
cold,3.0731,2.0228,117.9368,-0.0000,0.944113,False
hot,-1.2307,-2.3040,117.9368,0.0000,0.944113,False
cold,3.3263,2.8712,117.9368,-0.0000,0.944113,False
cold,0.9755,-2.9403,117.9368,-0.0000,0.944116,False
cold,-1.6646,-2.2192,117.9368,-0.0000,0.944119,False
hot,3.0370,2.5742,117.9368,0.0000,0.944119,False
hot,0.3607,-2.5161,117.9368,0.0000,0.944120,False
cold,-0.4712,-2.7707,117.9368,-0.0000,0.944123,False
cold,3.3263,3.1257,117.9368,-0.0000,0.944125,False
hot,3.1093,2.8288,117.9368,0.0000,0.944126,False
hot,0.8670,-2.4737,117.9368,0.0000,0.944131,False
hot,-1.6646,-2.8979,117.9368,0.0000,0.944132,False
cold,-1.7008,-2.9828,117.9368,-0.0000,0.944134,False
cold,3.2901,2.8288,117.9368,-0.0000,0.944135,False
cold,3.0731,2.0652,117.9368,-0.0000,0.944135,False
cold,2.4945,3.0409,117.9368,-0.0000,0.944135,False
cold,-1.3030,-2.6434,117.9368,-0.0000,0.944136,False
hot,-1.5562,-2.3465,117.9368,0.0000,0.944136,False
cold,2.0243,3.0833,117.9368,-0.0000,0.944137,False
hot,0.0713,-2.8131,117.9368,0.0000,0.944141,False
hot,1.4457,-3.1100,117.9368,0.0000,0.944141,False
hot,2.7838,2.3621,117.9368,0.0000,0.944142,False
hot,-0.9052,-3.1100,117.9368,0.0000,0.944142,False
hot,0.2160,-2.4313,117.9368,0.0000,0.944143,False
cold,-1.4477,-2.6010,117.9368,-0.0000,0.944143,False
cold,0.9032,-2.9403,117.9368,-0.0000,0.944145,False
cold,3.3625,2.9560,117.9368,-0.0000,0.944151,False
cold,-1.3392,-2.6434,117.9368,-0.0000,0.944152,False
cold,3.1093,3.0409,117.9368,-0.0000,0.944155,False
hot,-1.4838,-1.9647,117.9368,0.0000,0.944156,False
hot,-0.5797,-2.8979,117.9368,0.0000,0.944159,False
hot,-0.5435,-2.7282,117.9368,0.0000,0.944162,False
hot,-1.6646,-2.1768,117.9368,0.0000,0.944166,False
cold,-1.6285,-2.3465,117.9368,-0.0000,0.944170,False
cold,-1.6285,-2.8131,117.9368,-0.0000,0.944172,False
hot,-1.5923,-1.7526,117.9368,0.0000,0.944178,False
cold,0.3607,-2.8979,117.9368,-0.0000,0.944181,False
hot,3.0370,2.7863,117.9368,0.0000,0.944181,False
hot,2.9285,2.9984,117.9368,0.0000,0.944182,False
hot,-1.2668,-2.2192,117.9368,0.0000,0.944186,False
hot,-1.4115,-2.0919,117.9368,0.0000,0.944189,False
hot,-1.4115,-2.6434,117.9368,0.0000,0.944190,False
cold,3.0731,2.1925,117.9368,-0.0000,0.944190,False
hot,-1.7731,-1.8798,117.9368,0.0000,0.944190,False
hot,-1.7008,-2.1344,117.9368,0.0000,0.944190,False
cold,2.8561,2.4046,117.9368,-0.0000,0.944197,False
hot,-0.3627,-2.9828,117.9368,0.0000,0.944197,False
hot,3.0731,1.9379,117.9368,0.0000,0.944200,False
hot,-1.4838,-2.0495,117.9368,0.0000,0.944201,False
cold,3.0731,2.1076,117.9368,-0.0000,0.944201,False
cold,2.8200,2.6167,117.9368,-0.0000,0.944202,False
cold,2.8561,3.0833,117.9368,-0.0000,0.944203,False
hot,2.8923,2.8712,117.9368,0.0000,0.944207,False
hot,2.6391,2.5742,117.9368,0.0000,0.944208,False
hot,-0.2542,-2.7282,117.9368,0.0000,0.944209,False
hot,2.8561,2.6167,117.9368,0.0000,0.944210,False
hot,0.7223,-2.5586,117.9368,0.0000,0.944210,False
hot,-0.1095,-2.9828,117.9368,0.0000,0.944212,False
hot,-1.8455,-1.7950,117.9368,0.0000,0.944212,False
hot,-1.3030,-2.8131,117.9368,0.0000,0.944214,False
cold,-1.7370,-1.8798,117.9368,-0.0000,0.944214,False
hot,1.3733,-3.0252,117.9368,0.0000,0.944214,False
hot,-0.7243,-2.6010,117.9368,0.0000,0.944215,False
hot,-0.2903,-2.8979,117.9368,0.0000,0.944215,False
hot,3.2901,2.5742,117.9368,0.0000,0.944216,False
hot,-0.2903,-2.7282,117.9368,0.0000,0.944219,False
hot,-0.9413,-2.6858,117.9368,0.0000,0.944221,False
hot,2.4221,2.7439,117.9368,0.0000,0.944223,False
hot,2.0966,2.9136,117.9368,0.0000,0.944223,False
hot,2.4583,2.7863,117.9368,0.0000,0.944224,False
cold,0.6862,-2.5161,117.9368,-0.0000,0.944225,False
hot,3.1816,2.1076,117.9368,0.0000,0.944226,False
cold,2.5668,2.7863,117.9368,-0.0000,0.944228,False
cold,3.2540,2.6167,117.9368,-0.0000,0.944229,False
cold,-1.7731,-2.1344,117.9368,-0.0000,0.944230,False
hot,2.3136,3.1257,117.9368,0.0000,0.944233,False
hot,3.2540,1.5986,117.9368,0.0000,0.944233,False
hot,3.1455,2.4470,117.9368,0.0000,0.944234,False
cold,-1.2668,-2.4737,117.9368,-0.0000,0.944234,False
cold,-0.6520,-2.6858,117.9368,-0.0000,0.944235,False
hot,0.1437,-2.8131,117.9368,0.0000,0.944236,False
hot,2.5306,2.7439,117.9368,0.0000,0.944239,False
cold,3.1455,2.1500,117.9368,-0.0000,0.944241,False
cold,3.0370,2.5318,117.9368,-0.0000,0.944242,False
hot,-1.7731,-2.8131,117.9368,0.0000,0.944242,False
hot,-0.2903,-3.1100,117.9368,0.0000,0.944248,False
cold,-1.4477,-3.0252,117.9368,-0.0000,0.944248,False
hot,2.8923,2.2349,117.9368,0.0000,0.944249,False
hot,-1.2668,-2.2616,117.9368,0.0000,0.944249,False
cold,0.1437,-2.6858,117.9368,-0.0000,0.944249,False
hot,-0.7605,-2.8555,117.9368,0.0000,0.944255,False
cold,0.9755,-3.1100,117.9368,-0.0000,0.944255,False
hot,3.4348,2.9984,117.9368,0.0000,0.944262,False
cold,0.6138,-2.8979,117.9368,-0.0000,0.944264,False
cold,0.7223,-2.9828,117.9368,-0.0000,0.944265,False
cold,3.4348,2.0652,117.9368,-0.0000,0.944267,False
cold,-1.8455,-1.1587,117.9368,-0.0000,0.944268,False
hot,3.2178,2.7439,117.9368,0.0000,0.944270,False
hot,3.2178,1.7683,117.9368,0.0000,0.944272,False
hot,-1.7731,-2.7707,117.9368,0.0000,0.944272,False
hot,-1.3392,-2.8555,117.9368,0.0000,0.944273,False
hot,-1.6285,-2.8979,117.9368,0.0000,0.944275,False
cold,0.8308,-2.9828,117.9368,-0.0000,0.944276,False
hot,-1.3753,-2.8131,117.9368,0.0000,0.944278,False
cold,-0.6882,-2.7707,117.9368,-0.0000,0.944278,False
hot,3.0370,2.4894,117.9368,0.0000,0.944279,False
hot,2.5668,2.4894,117.9368,0.0000,0.944279,False
cold,0.7947,-2.7282,117.9368,-0.0000,0.944283,False
cold,-1.6646,-2.5161,117.9368,-0.0000,0.944285,False
cold,-1.3392,-2.4313,117.9368,-0.0000,0.944285,False
hot,-0.1095,-2.6858,117.9368,0.0000,0.944286,False
cold,-1.4477,-2.9828,117.9368,-0.0000,0.944291,False
cold,-1.3753,-2.7707,117.9368,-0.0000,0.944292,False
cold,0.5053,-2.5586,117.9368,-0.0000,0.944292,False
hot,-0.8690,-2.6010,117.9368,0.0000,0.944293,False
cold,0.3245,-2.8555,117.9368,-0.0000,0.944295,False
hot,-1.3753,-2.3040,117.9368,0.0000,0.944299,False
hot,0.7223,-2.7282,117.9368,0.0000,0.944299,False
cold,3.0008,2.3621,117.9368,-0.0000,0.944301,False
hot,3.4348,1.5986,117.9368,0.0000,0.944302,False
cold,3.2901,3.0833,117.9368,-0.0000,0.944304,False
cold,2.8923,3.0409,117.9368,-0.0000,0.944306,False
hot,3.1455,2.2349,117.9368,0.0000,0.944307,False
cold,-1.8093,-2.8979,117.9368,-0.0000,0.944308,False
cold,0.5777,-2.9828,117.9368,-0.0000,0.944308,False
cold,0.1798,-3.0252,117.9368,-0.0000,0.944310,False
cold,0.9032,-2.8555,117.9368,-0.0000,0.944311,False
cold,2.6753,2.7439,117.9368,-0.0000,0.944312,False
hot,1.1202,-2.9828,117.9368,0.0000,0.944312,False
hot,0.0352,-3.0676,117.9368,0.0000,0.944314,False
hot,0.2160,-2.7707,117.9368,0.0000,0.944319,False
cold,-1.3030,-2.3465,117.9368,-0.0000,0.944321,False
cold,2.6391,3.0409,117.9368,-0.0000,0.944322,False
hot,-1.6285,-2.6010,117.9368,0.0000,0.944323,False
cold,-0.7967,-2.9403,117.9368,-0.0000,0.944324,False
cold,-1.1222,-2.7282,117.9368,-0.0000,0.944326,False
cold,-1.5200,-2.5161,117.9368,-0.0000,0.944326,False
cold,-0.1818,-2.8979,117.9368,-0.0000,0.944328,False
hot,-0.1457,-2.8131,117.9368,0.0000,0.944333,False
hot,3.0008,2.4470,117.9368,0.0000,0.944335,False
hot,0.2522,-2.8131,117.9368,0.0000,0.944336,False
hot,3.3625,2.5318,117.9368,0.0000,0.944338,False
hot,0.3607,-2.6858,117.9368,0.0000,0.944340,False
cold,-0.2180,-2.8555,117.9368,-0.0000,0.944342,False
cold,-1.4115,-2.5161,117.9368,-0.0000,0.944343,False
hot,-1.0860,-2.7707,117.9368,0.0000,0.944346,False
hot,-0.9413,-2.8979,117.9368,0.0000,0.944346,False
cold,3.0731,2.9984,117.9368,-0.0000,0.944346,False
cold,0.2522,-2.6434,117.9368,-0.0000,0.944347,False
hot,2.8200,2.7015,117.9368,0.0000,0.944348,False
hot,1.0117,-3.0252,117.9368,0.0000,0.944350,False
cold,-0.5797,-2.7707,117.9368,-0.0000,0.944351,False
hot,-0.3265,-2.8555,117.9368,0.0000,0.944355,False
cold,3.3986,1.8107,117.9368,-0.0000,0.944356,False
cold,-0.8690,-2.8555,117.9368,-0.0000,0.944357,False
hot,1.0117,-2.7282,117.9368,0.0000,0.944362,False
hot,0.3245,-2.8979,117.9368,0.0000,0.944363,False
hot,3.0008,2.0228,117.9368,0.0000,0.944364,False
cold,-1.2307,-2.4313,117.9368,-0.0000,0.944365,False
hot,0.5415,-2.7707,117.9368,0.0000,0.944365,False
hot,-1.6646,-2.0919,117.9368,0.0000,0.944368,False
cold,3.2901,2.9136,117.9368,-0.0000,0.944371,False
hot,-1.1945,-3.0252,117.9368,0.0000,0.944372,False
hot,2.0605,2.8712,117.9368,0.0000,0.944374,False
cold,-1.0498,-2.5161,117.9368,-0.0000,0.944377,False
cold,2.6753,2.6591,117.9368,-0.0000,0.944378,False
cold,-0.7605,-2.9828,117.9368,-0.0000,0.944378,False
hot,-1.0860,-2.5161,117.9368,0.0000,0.944380,False
cold,2.8923,2.4894,117.9368,-0.0000,0.944382,False
cold,-1.8455,-1.8374,117.9368,-0.0000,0.944383,False
hot,0.6500,-3.1100,117.9368,0.0000,0.944384,False
cold,2.8561,2.4894,117.9368,-0.0000,0.944385,False
hot,3.2178,2.7015,117.9368,0.0000,0.944388,False
hot,0.5777,-2.6858,117.9368,0.0000,0.944389,False
hot,-0.7967,-2.8555,117.9368,0.0000,0.944390,False
hot,1.1563,-2.8979,117.9368,0.0000,0.944392,False
hot,-1.1222,-2.8131,117.9368,0.0000,0.944394,False
cold,-1.7370,-2.6434,117.9368,-0.0000,0.944397,False
cold,-1.5562,-2.8131,117.9368,-0.0000,0.944399,False
hot,3.4710,2.8712,117.9368,0.0000,0.944400,False
hot,-1.3753,-2.7707,117.9368,0.0000,0.944402,False
cold,0.4692,-3.1100,117.9368,-0.0000,0.944402,False
hot,0.3607,-2.3889,117.9368,0.0000,0.944409,False
hot,3.2178,2.1925,117.9368,0.0000,0.944409,False
hot,2.9646,2.2349,117.9368,0.0000,0.944416,False
hot,-1.4838,-2.6434,117.9368,0.0000,0.944416,False
cold,-0.5435,-2.9403,117.9368,-0.0000,0.944417,False
cold,-1.5923,-2.8979,117.9368,-0.0000,0.944417,False
hot,-0.9413,-2.8555,117.9368,0.0000,0.944417,False
hot,2.6030,2.5742,117.9368,0.0000,0.944417,False
cold,0.3245,-2.9403,117.9368,-0.0000,0.944418,False
cold,3.0370,2.9560,117.9368,-0.0000,0.944421,False
cold,-1.3392,-2.5586,117.9368,-0.0000,0.944421,False
hot,2.8923,2.5318,117.9368,0.0000,0.944422,False
cold,3.4348,3.0409,117.9368,-0.0000,0.944423,False
hot,3.2901,2.7015,117.9368,0.0000,0.944424,False
hot,3.1093,2.1076,117.9368,0.0000,0.944425,False
cold,2.9646,2.1925,117.9368,-0.0000,0.944426,False
cold,0.5053,-3.0676,117.9368,-0.0000,0.944427,False
hot,3.3263,2.8288,117.9368,0.0000,0.944431,False
cold,-1.3753,-2.9403,117.9368,-0.0000,0.944432,False
cold,-1.7731,-2.4313,117.9368,-0.0000,0.944433,False
cold,-0.2903,-2.9828,117.9368,-0.0000,0.944433,False
cold,2.0243,3.1257,117.9368,-0.0000,0.944439,False
cold,-1.7370,-2.0919,117.9368,-0.0000,0.944440,False
hot,3.3625,2.5742,117.9368,0.0000,0.944442,False
hot,-1.4115,-2.7707,117.9368,0.0000,0.944442,False
cold,-1.8455,-2.3889,117.9368,-0.0000,0.944442,False
cold,-0.6158,-2.6434,117.9368,-0.0000,0.944442,False
hot,-0.4350,-2.7707,117.9368,0.0000,0.944443,False
cold,-1.4115,-2.6858,117.9368,-0.0000,0.944445,False
cold,3.1093,2.5318,117.9368,-0.0000,0.944445,False
cold,0.3968,-3.0252,117.9368,-0.0000,0.944445,False
hot,-0.8328,-2.7282,117.9368,0.0000,0.944449,False
hot,3.3263,3.0833,117.9368,0.0000,0.944451,False
hot,-1.4477,-3.0252,117.9368,0.0000,0.944453,False
cold,-1.5200,-2.0919,117.9368,-0.0000,0.944453,False
cold,-1.8455,-0.9890,117.9368,-0.0000,0.944455,False
cold,3.3986,2.4470,117.9368,-0.0000,0.944455,False
hot,-1.2307,-2.8979,117.9368,0.0000,0.944457,False
hot,3.1093,2.1925,117.9368,0.0000,0.944459,False
cold,1.0117,-2.9403,117.9368,-0.0000,0.944462,False
cold,3.0008,2.4046,117.9368,-0.0000,0.944462,False
hot,-0.4712,-3.0676,117.9368,0.0000,0.944463,False
cold,2.8923,2.2349,117.9368,-0.0000,0.944463,False
cold,0.0352,-2.7707,117.9368,-0.0000,0.944468,False
hot,3.2901,2.7863,117.9368,0.0000,0.944469,False
cold,3.2178,2.7439,117.9368,-0.0000,0.944470,False
hot,2.8923,3.0409,117.9368,0.0000,0.944470,False
cold,0.6862,-2.8979,117.9368,-0.0000,0.944476,False
hot,2.7838,2.1500,117.9368,0.0000,0.944476,False
hot,-1.8093,-2.4313,117.9368,0.0000,0.944482,False
hot,-1.4838,-2.0919,117.9368,0.0000,0.944485,False
cold,3.0370,2.2349,117.9368,-0.0000,0.944486,False
cold,0.2522,-2.6858,117.9368,-0.0000,0.944490,False
hot,0.6500,-2.9403,117.9368,0.0000,0.944491,False
hot,3.4710,1.9379,117.9368,0.0000,0.944492,False
hot,3.0008,2.5742,117.9368,0.0000,0.944497,False
hot,1.0478,-3.0676,117.9368,0.0000,0.944501,False
hot,-1.8093,-2.2192,117.9368,0.0000,0.944501,False
hot,-1.4115,-2.8131,117.9368,0.0000,0.944506,False
cold,3.2901,3.1257,117.9368,-0.0000,0.944506,False
cold,-1.5200,-2.8555,117.9368,-0.0000,0.944512,False
hot,-0.7605,-3.0676,117.9368,0.0000,0.944512,False
hot,2.7115,2.9560,117.9368,0.0000,0.944512,False
cold,0.6500,-3.1100,117.9368,-0.0000,0.944513,False
cold,-1.6646,-1.9223,117.9368,-0.0000,0.944515,False
cold,-1.3753,-2.2616,117.9368,-0.0000,0.944517,False
hot,-1.7370,-3.0676,117.9368,0.0000,0.944523,False
hot,0.1075,-2.5161,117.9368,0.0000,0.944524,False
hot,2.3498,2.7863,117.9368,0.0000,0.944525,False
cold,2.8200,2.4046,117.9368,-0.0000,0.944526,False
hot,2.8200,2.0652,117.9368,0.0000,0.944527,False
hot,-1.0498,-2.6858,117.9368,0.0000,0.944532,False
hot,0.0713,-2.6010,117.9368,0.0000,0.944532,False
cold,0.5053,-2.7282,117.9368,-0.0000,0.944533,False
cold,3.4348,2.8712,117.9368,-0.0000,0.944535,False
cold,0.8670,-2.8979,117.9368,-0.0000,0.944538,False
hot,2.2413,2.9560,117.9368,0.0000,0.944539,False
cold,3.3625,1.8955,117.9368,-0.0000,0.944539,False
cold,2.8561,2.5318,117.9368,-0.0000,0.944539,False
cold,-1.1583,-2.8555,117.9368,-0.0000,0.944544,False
hot,3.0731,3.0833,117.9368,0.0000,0.944546,False
cold,2.3136,2.9984,117.9368,-0.0000,0.944546,False
hot,-0.4712,-2.4737,117.9368,0.0000,0.944548,False
cold,-1.0137,-3.0252,117.9368,-0.0000,0.944551,False
hot,-1.8093,-2.7282,117.9368,0.0000,0.944552,False
hot,2.0605,3.0833,117.9368,0.0000,0.944555,False
cold,2.9646,2.6591,117.9368,-0.0000,0.944556,False
cold,-0.4350,-2.8131,117.9368,-0.0000,0.944556,False
cold,-0.7967,-2.8555,117.9368,-0.0000,0.944561,False
cold,0.1075,-2.7707,117.9368,-0.0000,0.944561,False
hot,3.1816,3.0833,117.9368,0.0000,0.944561,False
hot,0.6500,-2.9828,117.9368,0.0000,0.944563,False
hot,3.0370,3.0833,117.9368,0.0000,0.944564,False
cold,-0.3265,-2.9828,117.9368,-0.0000,0.944564,False
hot,3.4348,2.4894,117.9368,0.0000,0.944564,False
cold,-1.6285,-2.0071,117.9368,-0.0000,0.944569,False
cold,0.8308,-2.8555,117.9368,-0.0000,0.944572,False
hot,-0.6158,-2.7282,117.9368,0.0000,0.944577,False
cold,1.3010,3.1257,117.9368,-0.0000,0.944577,False
cold,-1.6646,-2.3040,117.9368,-0.0000,0.944580,False
cold,-0.8690,-2.9403,117.9368,-0.0000,0.944581,False
cold,-1.7731,-2.3040,117.9368,-0.0000,0.944582,False
cold,0.4692,-2.9828,117.9368,-0.0000,0.944583,False
cold,-0.8690,-3.1100,117.9368,-0.0000,0.944587,False
hot,-0.2180,-2.9403,117.9368,0.0000,0.944589,False
hot,3.1455,2.3621,117.9368,0.0000,0.944589,False
cold,0.3245,-2.6858,117.9368,-0.0000,0.944591,False
hot,-1.4115,-2.0495,117.9368,0.0000,0.944592,False
hot,0.6500,-3.0252,117.9368,0.0000,0.944592,False
hot,0.5415,-2.3040,117.9368,0.0000,0.944593,False
hot,3.1816,2.9984,117.9368,0.0000,0.944594,False
cold,3.2540,2.1500,117.9368,-0.0000,0.944595,False
hot,-1.5562,-2.2192,117.9368,0.0000,0.944596,False
hot,-1.7008,-2.0071,117.9368,0.0000,0.944597,False
hot,-0.9052,-2.8979,117.9368,0.0000,0.944598,False
hot,-1.6646,-2.4737,117.9368,0.0000,0.944603,False
hot,0.3607,-2.3465,117.9368,0.0000,0.944607,False
hot,-0.4350,-2.6010,117.9368,0.0000,0.944608,False
cold,3.2540,2.7439,117.9368,-0.0000,0.944608,False
hot,-1.5923,-3.0676,117.9368,0.0000,0.944609,False
cold,-1.6646,-2.3889,117.9368,-0.0000,0.944610,False
hot,1.3010,-2.9828,117.9368,0.0000,0.944611,False
cold,0.7223,-2.9403,117.9368,-0.0000,0.944611,False
cold,0.6862,-2.7707,117.9368,-0.0000,0.944611,False
cold,-0.5435,-2.8555,117.9368,-0.0000,0.944617,False
hot,1.1202,-2.8555,117.9368,0.0000,0.944617,False
hot,0.7947,-3.1100,117.9368,0.0000,0.944618,False
cold,0.5053,-2.9403,117.9368,-0.0000,0.944619,False
hot,0.0713,-2.7707,117.9368,0.0000,0.944623,False
hot,1.0478,-2.8555,117.9368,0.0000,0.944629,False
hot,1.9520,3.0833,117.9368,0.0000,0.944632,False
hot,2.7838,2.7439,117.9368,0.0000,0.944633,False
hot,3.2540,2.1500,117.9368,0.0000,0.944633,False
hot,2.9646,1.8955,117.9368,0.0000,0.944638,False
cold,0.1798,-3.1100,117.9368,-0.0000,0.944639,False
cold,-1.4477,-2.3889,117.9368,-0.0000,0.944640,False
cold,2.6030,2.8288,117.9368,-0.0000,0.944643,False
hot,-1.1945,-2.1344,117.9368,0.0000,0.944645,False
hot,2.9285,2.7439,117.9368,0.0000,0.944647,False
hot,0.5777,-2.3040,117.9368,0.0000,0.944648,False
hot,-1.3753,-2.6434,117.9368,0.0000,0.944648,False
cold,-1.0137,-2.8979,117.9368,-0.0000,0.944653,False
hot,-1.6646,-2.2616,117.9368,0.0000,0.944654,False
hot,0.4330,-2.7707,117.9368,0.0000,0.944658,False
cold,-0.8690,-2.8131,117.9368,-0.0000,0.944659,False
hot,3.3625,2.4470,117.9368,0.0000,0.944660,False
hot,-0.2180,-3.1100,117.9368,0.0000,0.944660,False
hot,-1.4115,-2.0071,117.9368,0.0000,0.944661,False
hot,3.2178,2.4046,117.9368,0.0000,0.944662,False
hot,0.4330,-2.6858,117.9368,0.0000,0.944662,False
cold,-1.4477,-2.4737,117.9368,-0.0000,0.944665,False
cold,-0.4350,-2.9828,117.9368,-0.0000,0.944669,False
cold,2.7115,2.9560,117.9368,-0.0000,0.944676,False
hot,-0.7605,-2.6434,117.9368,0.0000,0.944676,False
hot,0.6862,-2.4737,117.9368,0.0000,0.944677,False
hot,3.3625,1.5137,117.9368,0.0000,0.944677,False
cold,0.5415,-3.0252,117.9368,-0.0000,0.944679,False
hot,-1.5562,-1.8374,117.9368,0.0000,0.944679,False
hot,0.4692,-2.8131,117.9368,0.0000,0.944679,False
cold,3.3986,1.8531,117.9368,-0.0000,0.944682,False
cold,3.2901,2.1925,117.9368,-0.0000,0.944684,False
hot,-0.7967,-2.7282,117.9368,0.0000,0.944686,False
cold,-0.4712,-2.8555,117.9368,-0.0000,0.944690,False
cold,2.9285,2.7439,117.9368,-0.0000,0.944691,False
cold,2.9646,2.8288,117.9368,-0.0000,0.944692,False
hot,0.3607,-3.0676,117.9368,0.0000,0.944694,False
hot,-1.4838,-2.7282,117.9368,0.0000,0.944695,False
cold,3.4710,2.0228,117.9368,-0.0000,0.944696,False
hot,2.8923,2.5742,117.9368,0.0000,0.944696,False
hot,-1.3030,-2.2192,117.9368,0.0000,0.944703,False
hot,1.1202,-2.9403,117.9368,0.0000,0.944703,False
hot,3.2540,1.6834,117.9368,0.0000,0.944705,False
cold,-1.5562,-2.7282,117.9368,-0.0000,0.944714,False
hot,-0.3265,-2.8979,117.9368,0.0000,0.944720,False
cold,-0.6158,-2.7707,117.9368,-0.0000,0.944721,False
hot,-1.7008,-1.7950,117.9368,0.0000,0.944722,False
hot,2.8200,2.5318,117.9368,0.0000,0.944725,False
hot,1.0117,-2.8979,117.9368,0.0000,0.944727,False
hot,-1.4838,-2.3465,117.9368,0.0000,0.944728,False
hot,2.8923,2.2773,117.9368,0.0000,0.944729,False
hot,0.5053,-2.7707,117.9368,0.0000,0.944731,False
hot,0.8670,-2.9403,117.9368,0.0000,0.944735,False
cold,3.1455,2.6591,117.9368,-0.0000,0.944735,False
hot,2.8200,1.9804,117.9368,0.0000,0.944737,False
cold,3.1093,2.7439,117.9368,-0.0000,0.944749,False
cold,0.6862,-3.0676,117.9368,-0.0000,0.944753,False
hot,0.7223,-2.4313,117.9368,0.0000,0.944753,False
hot,2.5306,2.5318,117.9368,0.0000,0.944756,False
hot,3.3625,2.4894,117.9368,0.0000,0.944756,False
hot,0.7223,-3.0676,117.9368,0.0000,0.944759,False
hot,1.2648,-3.0252,117.9368,0.0000,0.944759,False
hot,2.7115,3.0409,117.9368,0.0000,0.944765,False
cold,2.7476,2.6591,117.9368,-0.0000,0.944765,False
cold,3.0008,2.5742,117.9368,-0.0000,0.944765,False
hot,1.0840,-3.0676,117.9368,0.0000,0.944767,False
hot,-0.6520,-2.5161,117.9368,0.0000,0.944769,False
hot,2.6753,2.9984,117.9368,0.0000,0.944769,False
cold,-1.0860,-2.9828,117.9368,-0.0000,0.944771,False
hot,3.1455,2.7439,117.9368,0.0000,0.944772,False
hot,-1.7370,-2.5161,117.9368,0.0000,0.944774,False
hot,0.6138,-2.8979,117.9368,0.0000,0.944775,False
hot,-0.1818,-2.6434,117.9368,0.0000,0.944781,False
cold,-0.0372,-2.9828,117.9368,-0.0000,0.944784,False
hot,-0.0733,-2.6010,117.9368,0.0000,0.944785,False
cold,3.2178,2.4046,117.9368,-0.0000,0.944789,False
hot,-1.7008,-2.6434,117.9368,0.0000,0.944790,False
cold,0.6862,-3.0252,117.9368,-0.0000,0.944791,False
hot,-0.2903,-2.9403,117.9368,0.0000,0.944791,False
cold,-0.7243,-3.1100,117.9368,-0.0000,0.944792,False
hot,-0.3988,-3.0252,117.9368,0.0000,0.944800,False
cold,1.9882,3.0833,117.9368,-0.0000,0.944807,False
cold,-0.7605,-3.0252,117.9368,-0.0000,0.944807,False
hot,-0.1095,-3.1100,117.9368,0.0000,0.944810,False
cold,-0.5435,-2.9828,117.9368,-0.0000,0.944817,False
hot,-1.4838,-2.7707,117.9368,0.0000,0.944819,False
hot,2.3860,2.8712,117.9368,0.0000,0.944827,False
cold,3.1455,2.1076,117.9368,-0.0000,0.944830,False
hot,-1.7370,-2.1344,117.9368,0.0000,0.944834,False
cold,-1.7731,-2.2192,117.9368,-0.0000,0.944837,False
cold,3.3986,3.1257,117.9368,-0.0000,0.944840,False
cold,-1.7370,-1.8374,117.9368,-0.0000,0.944841,False
hot,-1.4838,-1.9223,117.9368,0.0000,0.944842,False
hot,-0.5435,-2.8555,117.9368,0.0000,0.944844,False
hot,3.1093,2.5318,117.9368,0.0000,0.944844,False
cold,-0.3988,-3.0252,117.9368,-0.0000,0.944847,False
hot,0.1075,-2.9828,117.9368,0.0000,0.944851,False
hot,-1.3030,-2.4313,117.9368,0.0000,0.944851,False
hot,-1.8093,-1.4556,117.9368,0.0000,0.944855,False
hot,1.0840,-2.8979,117.9368,0.0000,0.944855,False
cold,-1.6285,-2.0495,117.9368,-0.0000,0.944856,False
hot,-1.8455,-2.4737,117.9368,0.0000,0.944856,False
cold,0.2522,-2.8555,117.9368,-0.0000,0.944856,False
hot,0.4330,-2.6434,117.9368,0.0000,0.944858,False
hot,1.4818,-3.1100,117.9368,0.0000,0.944859,False
cold,-0.4712,-2.7282,117.9368,-0.0000,0.944861,False
hot,-1.8093,-2.5586,117.9368,0.0000,0.944868,False
cold,2.7115,2.7439,117.9368,-0.0000,0.944870,False
cold,-0.7243,-2.6858,117.9368,-0.0000,0.944880,False
cold,3.1093,2.3197,117.9368,-0.0000,0.944881,False
hot,0.6500,-2.2616,117.9368,0.0000,0.944881,False
cold,3.3263,1.8107,117.9368,-0.0000,0.944882,False
cold,0.0352,-3.0676,117.9368,-0.0000,0.944888,False
hot,-0.0010,-2.6434,117.9368,0.0000,0.944890,False
hot,0.0352,-2.9828,117.9368,0.0000,0.944893,False
cold,-1.4838,-3.0252,117.9368,-0.0000,0.944895,False
cold,-0.9052,-2.8131,117.9368,-0.0000,0.944897,False
hot,-1.7370,-1.8374,117.9368,0.0000,0.944898,False
cold,2.8561,3.1257,117.9368,-0.0000,0.944899,False
hot,3.3986,2.4894,117.9368,0.0000,0.944900,False
hot,-1.7370,-1.7102,117.9368,0.0000,0.944903,False
hot,2.8923,2.7439,117.9368,0.0000,0.944907,False
hot,-0.7243,-2.8979,117.9368,0.0000,0.944909,False
hot,3.0731,2.7015,117.9368,0.0000,0.944910,False
hot,1.0840,-2.7707,117.9368,0.0000,0.944913,False
hot,2.3498,2.9984,117.9368,0.0000,0.944914,False
cold,1.1563,-3.0676,117.9368,-0.0000,0.944915,False
cold,1.1202,-3.1100,117.9368,-0.0000,0.944916,False
hot,-0.6158,-2.9828,117.9368,0.0000,0.944919,False
hot,-1.7008,-2.7282,117.9368,0.0000,0.944919,False
cold,-0.9052,2.3197,117.9625,-0.0130,0.944922,False
cold,-0.6158,-2.8131,117.9368,-0.0000,0.944922,False
hot,3.3625,1.8955,117.9368,0.0000,0.944924,False
cold,0.3607,-2.5586,117.9368,-0.0000,0.944926,False
cold,3.2540,2.5742,117.9368,-0.0000,0.944926,False
cold,0.3968,-2.7707,117.9368,-0.0000,0.944929,False
hot,3.0370,3.1257,117.9368,0.0000,0.944930,False
hot,-1.0137,-2.6010,117.9368,0.0000,0.944933,False
cold,-1.7731,-1.8798,117.9368,-0.0000,0.944933,False
hot,2.5306,2.7015,117.9368,0.0000,0.944934,False
hot,3.0008,1.8107,117.9368,0.0000,0.944934,False
cold,0.1437,-2.8979,117.9368,-0.0000,0.944934,False
cold,-1.5923,-2.2616,117.9368,-0.0000,0.944935,False
cold,2.7115,2.8712,117.9368,-0.0000,0.944940,False
hot,-1.2668,-3.1100,117.9368,0.0000,0.944960,False
hot,-1.2668,-2.3040,117.9368,0.0000,0.944960,False
hot,-0.7967,-2.5586,117.9368,0.0000,0.944965,False
cold,0.5415,-2.9828,117.9368,-0.0000,0.944967,False
hot,3.0731,1.8531,117.9368,0.0000,0.944972,False
cold,2.9646,2.4470,117.9368,-0.0000,0.944972,False
hot,0.1075,-2.6434,117.9368,0.0000,0.944974,False
cold,3.0370,2.8288,117.9368,-0.0000,0.944974,False
hot,-0.7243,-2.4313,117.9368,0.0000,0.944976,False
cold,-0.0372,-3.1100,117.9368,-0.0000,0.944976,False
hot,3.2178,1.6410,117.9368,0.0000,0.944984,False
hot,-1.1583,-2.5586,117.9368,0.0000,0.944986,False
cold,2.4221,3.0833,117.9368,-0.0000,0.944993,False
hot,-1.2668,-3.0252,117.9368,0.0000,0.944996,False
cold,-1.8093,-2.6010,117.9368,-0.0000,0.944997,False
hot,-1.3392,-2.0071,117.9368,0.0000,0.944998,False
hot,3.2540,1.7258,117.9368,0.0000,0.944999,False
cold,3.0731,2.8288,117.9368,-0.0000,0.945007,False
hot,-1.3392,-2.4737,117.9368,0.0000,0.945010,False
cold,-1.5200,-2.6858,117.9368,-0.0000,0.945011,False
hot,-1.8093,-2.0071,117.9368,0.0000,0.945014,False
hot,2.3136,2.8712,117.9368,0.0000,0.945018,False
cold,-1.8093,-2.3889,117.9368,-0.0000,0.945021,False
hot,3.4710,1.8107,117.9368,0.0000,0.945024,False
hot,-0.9775,-2.3465,117.9368,0.0000,0.945025,False
cold,3.1093,2.5742,117.9368,-0.0000,0.945028,False
hot,1.0478,-2.9828,117.9368,0.0000,0.945029,False
cold,0.7585,-3.0676,117.9368,-0.0000,0.945033,False
hot,-1.0860,-2.6010,117.9368,0.0000,0.945035,False
hot,-1.8093,-2.0495,117.9368,0.0000,0.945037,False
hot,-0.3988,-2.8131,117.9368,0.0000,0.945044,False
cold,0.9032,-3.0676,117.9368,-0.0000,0.945044,False
hot,0.5777,-2.3465,117.9368,0.0000,0.945047,False
hot,0.1798,-2.5586,117.9368,0.0000,0.945047,False
hot,-0.4350,-3.1100,117.9368,0.0000,0.945057,False
hot,-1.3392,-2.2616,117.9368,0.0000,0.945059,False
hot,0.7223,-2.9403,117.9368,0.0000,0.945060,False
hot,-1.4477,-2.0919,117.9368,0.0000,0.945062,False
hot,3.3263,2.1076,117.9368,0.0000,0.945066,False
hot,-1.0498,-3.1100,117.9368,0.0000,0.945067,False
cold,-1.8093,-2.6858,117.9368,-0.0000,0.945071,False
cold,0.5415,-2.8555,117.9368,-0.0000,0.945074,False
hot,1.1925,-2.8979,117.9368,0.0000,0.945084,False
cold,-1.8455,-2.0919,117.9368,-0.0000,0.945094,False
cold,0.1798,-2.9828,117.9368,-0.0000,0.945095,False
cold,-1.3392,-3.0676,117.9368,-0.0000,0.945095,False
hot,0.7585,-2.6858,117.9368,0.0000,0.945099,False
hot,0.9755,-3.0252,117.9368,0.0000,0.945102,False
cold,-0.6520,-2.9828,117.9368,-0.0000,0.945106,False
cold,0.2160,-2.9403,117.9368,-0.0000,0.945106,False
hot,1.0840,-2.9403,117.9368,0.0000,0.945106,False
hot,-1.8455,-1.9647,117.9368,0.0000,0.945108,False
hot,3.1093,1.7258,117.9368,0.0000,0.945114,False
cold,-0.3627,-2.7707,117.9368,-0.0000,0.945118,False
cold,-0.4712,-2.8131,117.9368,-0.0000,0.945120,False
hot,1.9882,3.0833,117.9368,0.0000,0.945127,False
cold,-0.8690,-2.7707,117.9368,-0.0000,0.945138,False
hot,-0.6520,-3.1100,117.9368,0.0000,0.945140,False
hot,3.0370,2.5318,117.9368,0.0000,0.945153,False
hot,-0.9413,-2.5161,117.9368,0.0000,0.945156,False
hot,-0.3265,-2.7707,117.9368,0.0000,0.945168,False
hot,2.9646,2.9136,117.9368,0.0000,0.945169,False
cold,3.2178,2.8288,117.9368,-0.0000,0.945171,False
hot,-0.8690,-3.1100,117.9368,0.0000,0.945179,False
cold,0.5415,-2.7282,117.9368,-0.0000,0.945180,False
hot,2.0966,3.0409,117.9368,0.0000,0.945184,False
hot,2.5306,2.8712,117.9368,0.0000,0.945187,False
hot,-0.8690,-2.8979,117.9368,0.0000,0.945188,False
cold,-0.7967,-2.6434,117.9368,-0.0000,0.945189,False
hot,0.4692,-3.0252,117.9368,0.0000,0.945189,False
hot,0.7585,-2.4737,117.9368,0.0000,0.945194,False
hot,-1.3392,-2.9828,117.9368,0.0000,0.945196,False
cold,-1.8455,-2.2192,117.9368,-0.0000,0.945197,False
hot,-1.6285,-1.7102,117.9368,0.0000,0.945202,False
cold,-0.7967,-2.8131,117.9368,-0.0000,0.945202,False
hot,3.3625,2.7863,117.9368,0.0000,0.945203,False
cold,-1.2307,-2.8131,117.9368,-0.0000,0.945203,False
cold,3.3263,2.3621,117.9368,-0.0000,0.945204,False
hot,3.0731,2.0228,117.9368,0.0000,0.945204,False
cold,0.7585,-2.7707,117.9368,-0.0000,0.945207,False
cold,-1.7731,-2.9403,117.9368,-0.0000,0.945208,False
hot,-1.1945,-3.0676,117.9368,0.0000,0.945210,False
hot,-0.3988,-2.4737,117.9368,0.0000,0.945210,False
hot,-1.2307,-2.5586,117.9368,0.0000,0.945218,False
cold,-0.5797,-2.7282,117.9368,-0.0000,0.945219,False
hot,-0.5073,-2.5161,117.9368,0.0000,0.945221,False
hot,3.2178,2.2349,117.9368,0.0000,0.945225,False
hot,3.0370,2.8712,117.9368,0.0000,0.945226,False
hot,-0.9413,-2.4737,117.9368,0.0000,0.945231,False
hot,-1.7008,-1.9647,117.9368,0.0000,0.945233,False
cold,0.6500,-2.5161,117.9368,-0.0000,0.945234,False
cold,-0.8690,-2.7282,117.9368,-0.0000,0.945247,False
hot,-0.1095,-2.9403,117.9368,0.0000,0.945248,False
cold,-1.5923,-2.5586,117.9368,-0.0000,0.945248,False
hot,0.7585,-3.1100,117.9368,0.0000,0.945249,False
cold,0.2522,-3.0252,117.9368,-0.0000,0.945250,False
cold,-1.7008,-1.9223,117.9368,-0.0000,0.945252,False
hot,3.3263,1.9804,117.9368,0.0000,0.945253,False
cold,-0.6520,-2.7707,117.9368,-0.0000,0.945254,False
hot,-1.2668,-2.4737,117.9368,0.0000,0.945260,False
hot,3.3625,2.6591,117.9368,0.0000,0.945263,False
hot,-0.1095,-2.6010,117.9368,0.0000,0.945263,False
hot,0.1075,-2.9403,117.9368,0.0000,0.945268,False
hot,3.2178,2.0652,117.9368,0.0000,0.945285,False
hot,2.2413,2.9136,117.9368,0.0000,0.945289,False
hot,-1.8093,-1.5829,117.9368,0.0000,0.945290,False
hot,0.8670,-3.1100,117.9368,0.0000,0.945294,False
hot,-0.9413,-2.9828,117.9368,0.0000,0.945298,False
cold,3.1093,2.1925,117.9368,-0.0000,0.945298,False
cold,-1.5200,-2.3465,117.9368,-0.0000,0.945308,False
hot,2.0243,3.0833,117.9368,0.0000,0.945309,False
cold,3.1816,2.0228,117.9368,-0.0000,0.945310,False
hot,0.5053,-2.7282,117.9368,0.0000,0.945315,False
hot,0.4692,-2.3889,117.9368,0.0000,0.945321,False
hot,-1.6285,-2.4313,117.9368,0.0000,0.945322,False
hot,3.1093,2.0652,117.9368,0.0000,0.945339,False
cold,-0.7605,-3.0676,117.9368,-0.0000,0.945343,False
cold,2.9285,2.3197,117.9368,-0.0000,0.945344,False
hot,-0.1095,-2.7282,117.9368,0.0000,0.945344,False
cold,0.3245,-2.9828,117.9368,-0.0000,0.945351,False
cold,-0.1095,-3.0252,117.9368,-0.0000,0.945354,False
cold,2.7115,2.6591,117.9368,-0.0000,0.945356,False
hot,-1.7008,-1.4981,117.9368,0.0000,0.945358,False
cold,-1.8093,-2.3465,117.9368,-0.0000,0.945358,False
cold,-1.7370,-2.3465,117.9368,-0.0000,0.945367,False
hot,-1.8455,-1.3284,117.9368,0.0000,0.945371,False
hot,0.9755,-2.7282,117.9368,0.0000,0.945375,False
cold,-1.4477,-2.3040,117.9368,-0.0000,0.945376,False
hot,-0.7605,-2.8131,117.9368,0.0000,0.945378,False
cold,2.6030,2.7863,117.9368,-0.0000,0.945381,False
hot,-0.9052,-2.6858,117.9368,0.0000,0.945391,False
hot,-1.5562,-2.7707,117.9368,0.0000,0.945398,False
hot,0.6862,-2.6010,117.9368,0.0000,0.945400,False
cold,-0.2903,-2.9403,117.9368,-0.0000,0.945400,False
hot,0.6862,-2.8979,117.9368,0.0000,0.945410,False
cold,3.4710,3.0833,117.9368,-0.0000,0.945412,False
hot,1.0117,-2.8555,117.9368,0.0000,0.945413,False
hot,-1.1945,-2.4737,117.9368,0.0000,0.945414,False
cold,2.8923,2.5742,117.9368,-0.0000,0.945416,False
cold,-0.9052,-2.9828,117.9368,-0.0000,0.945417,False
hot,-0.0733,-2.6858,117.9368,0.0000,0.945420,False
hot,-0.7605,-2.3889,117.9368,0.0000,0.945422,False
cold,-0.9052,-2.8979,117.9368,-0.0000,0.945426,False
hot,1.0117,-2.6010,117.9368,0.0000,0.945428,False
hot,-0.8690,-2.3465,117.9368,0.0000,0.945440,False
cold,-0.3988,-2.7707,117.9368,-0.0000,0.945442,False
cold,-1.1583,-2.8979,117.9368,-0.0000,0.945442,False
hot,-1.2668,-2.6434,117.9368,0.0000,0.945446,False
hot,-1.1583,-2.6010,117.9368,0.0000,0.945446,False
cold,3.2901,2.7863,117.9368,-0.0000,0.945447,False
hot,-1.4477,-2.8979,117.9368,0.0000,0.945455,False
hot,3.4348,2.1925,117.9368,0.0000,0.945455,False
cold,1.8435,3.1257,117.9368,-0.0000,0.945457,False
hot,-0.1818,-2.6010,117.9368,0.0000,0.945457,False
cold,-1.3753,-2.7282,117.9368,-0.0000,0.945459,False
hot,3.1816,2.1925,117.9368,0.0000,0.945461,False
hot,1.0117,-3.1100,117.9368,0.0000,0.945475,False
cold,-1.0498,-2.8555,117.9368,-0.0000,0.945478,False
hot,1.3733,-3.1100,117.9368,0.0000,0.945483,False
cold,3.1455,2.5318,117.9368,-0.0000,0.945485,False
hot,3.1816,1.7258,117.9368,0.0000,0.945487,False
cold,-1.8455,-2.3040,117.9368,-0.0000,0.945489,False
cold,3.0731,2.8712,117.9368,-0.0000,0.945492,False
hot,-1.6646,-2.8131,117.9368,0.0000,0.945493,False
hot,2.7115,2.6591,117.9368,0.0000,0.945496,False
hot,3.1093,2.6591,117.9368,0.0000,0.945498,False
cold,3.2901,2.0228,117.9368,-0.0000,0.945500,False
hot,-0.1095,-2.6434,117.9368,0.0000,0.945501,False
cold,2.7838,2.8288,117.9368,-0.0000,0.945506,False
hot,0.3968,-2.6858,117.9368,0.0000,0.945514,False
hot,2.7476,2.6167,117.9368,0.0000,0.945515,False
hot,0.9755,-2.7707,117.9368,0.0000,0.945523,False
hot,-1.5923,-2.6858,117.9368,0.0000,0.945527,False
cold,0.4692,-2.8979,117.9368,-0.0000,0.945527,False
hot,-1.7370,-1.5405,117.9368,0.0000,0.945530,False
cold,0.4330,-2.7282,117.9368,-0.0000,0.945532,False
hot,-1.6285,-2.8131,117.9368,0.0000,0.945534,False
hot,2.2775,3.1257,117.9368,0.0000,0.945544,False
hot,2.6753,2.9136,117.9368,0.0000,0.945545,False
hot,-1.0137,-2.9403,117.9368,0.0000,0.945550,False
hot,3.2178,3.0409,117.9368,0.0000,0.945551,False
cold,-1.7370,-2.3889,117.9368,-0.0000,0.945567,False
hot,3.1093,1.8531,117.9368,0.0000,0.945575,False
cold,0.9755,-3.0252,117.9368,-0.0000,0.945576,False
hot,2.9285,1.8955,117.9368,0.0000,0.945578,False
cold,3.1455,2.7439,117.9368,-0.0000,0.945585,False
hot,3.0008,2.4046,117.9368,0.0000,0.945591,False
cold,3.1093,3.0833,117.9368,-0.0000,0.945605,False
cold,0.6500,-3.0252,117.9368,-0.0000,0.945611,False
hot,-1.0860,-2.2192,117.9368,0.0000,0.945619,False
cold,-1.6646,-2.4313,117.9368,-0.0000,0.945622,False
hot,-1.7731,-2.7282,117.9368,0.0000,0.945628,False
hot,3.4348,2.7863,117.9368,0.0000,0.945632,False
hot,-1.1222,-3.0676,117.9368,0.0000,0.945632,False
cold,-0.0733,-2.9403,117.9368,-0.0000,0.945633,False
hot,-1.4477,-2.2616,117.9368,0.0000,0.945644,False
hot,2.4583,2.8712,117.9368,0.0000,0.945659,False
cold,-1.6646,-2.1768,117.9368,-0.0000,0.945661,False
hot,3.1093,2.7863,117.9368,0.0000,0.945683,False
cold,-0.7243,-2.6434,117.9368,-0.0000,0.945685,False
cold,-1.1583,-3.0676,117.9368,-0.0000,0.945692,False
hot,-0.0010,-2.8131,117.9368,0.0000,0.945694,False
hot,-0.5435,-2.5586,117.9368,0.0000,0.945699,False
hot,3.4348,2.4470,117.9368,0.0000,0.945706,False
cold,-0.5797,-2.8555,117.9368,-0.0000,0.945718,False
cold,0.6138,-2.4313,117.9368,-0.0000,0.945719,False
hot,-0.5435,-3.0676,117.9368,0.0000,0.945720,False
cold,1.6988,1.6410,117.8885,0.0244,0.945730,False
hot,2.6391,3.0833,117.9368,0.0000,0.945735,False
hot,3.2178,2.6591,117.9368,0.0000,0.945735,False
hot,-1.8093,-2.0919,117.9368,0.0000,0.945735,False
cold,2.8200,2.7439,117.9368,-0.0000,0.945739,False
cold,-0.2542,-2.9403,117.9368,-0.0000,0.945749,False
cold,-1.7008,-2.9403,117.9368,-0.0000,0.945752,False
hot,0.4330,-2.3889,117.9368,0.0000,0.945755,False
cold,2.7838,2.8712,117.9368,-0.0000,0.945766,False
hot,2.2051,3.0409,117.9368,0.0000,0.945768,False
cold,0.4692,-3.0676,117.9368,-0.0000,0.945781,False
hot,3.2901,1.6410,117.9368,0.0000,0.945791,False
hot,-1.2307,-3.0676,117.9368,0.0000,0.945803,False
cold,1.8797,3.0833,117.9368,-0.0000,0.945830,False
hot,-1.6646,-2.8555,117.9368,0.0000,0.945831,False
hot,2.5306,2.9560,117.9368,0.0000,0.945831,False
hot,3.1093,2.2773,117.9368,0.0000,0.945840,False
hot,-0.4712,-2.9828,117.9368,0.0000,0.945848,False
cold,3.0008,2.0652,117.9368,-0.0000,0.945848,False
hot,2.4583,3.0409,117.9368,0.0000,0.945849,False
hot,0.3968,-2.8555,117.9368,0.0000,0.945855,False
cold,0.6862,-2.7282,117.9368,-0.0000,0.945858,False
hot,3.2178,2.5742,117.9368,0.0000,0.945861,False
cold,-0.1457,-2.7282,117.9368,-0.0000,0.945889,False
hot,2.6391,2.9136,117.9368,0.0000,0.945892,False
cold,-1.8455,-2.0495,117.9368,-0.0000,0.945905,False
hot,2.4583,2.9560,117.9368,0.0000,0.945915,False
hot,0.6862,-2.8555,117.9368,0.0000,0.945993,False
hot,2.7476,2.7439,117.9368,0.0000,0.945997,False
hot,2.6753,2.4470,117.9368,0.0000,0.946002,False
cold,0.1075,-2.8979,117.9368,-0.0000,0.946008,False
cold,0.4330,-2.8555,117.9368,-0.0000,0.946080,False
hot,3.2540,2.0228,117.9368,0.0000,0.946088,False
hot,3.3625,2.9984,117.9368,0.0000,0.946090,False
cold,-1.0137,-2.6858,117.9368,-0.0000,0.946098,False
hot,-0.8690,-2.3889,117.9368,0.0000,0.946101,False
hot,0.0713,-2.5161,117.9368,0.0000,0.946108,False
hot,-0.6882,-3.1100,117.9368,0.0000,0.946110,False
hot,3.0370,2.3197,117.9368,0.0000,0.946114,False
hot,0.8308,-3.0676,117.9368,0.0000,0.946124,False
cold,-1.6646,-3.0676,117.9368,-0.0000,0.946154,False
cold,0.7223,-2.6858,117.9368,-0.0000,0.946182,False
hot,2.9285,2.5318,117.9368,0.0000,0.946185,False
cold,-1.1945,-2.8555,117.9368,-0.0000,0.946211,False
cold,2.3860,3.1257,117.9368,-0.0000,0.946229,False
cold,1.8797,3.1257,117.9368,-0.0000,0.946251,False
cold,0.5777,-3.0252,117.9368,-0.0000,0.946270,False
cold,0.0713,-3.1100,117.9368,-0.0000,0.946273,False
cold,-1.3392,-2.8979,117.9368,-0.0000,0.946278,False
cold,3.0370,2.4894,117.9368,-0.0000,0.946288,False
cold,0.5777,-2.8555,117.9368,-0.0000,0.946297,False
cold,-1.4477,-2.7282,117.9368,-0.0000,0.946328,False
hot,0.6500,-2.4737,117.9368,0.0000,0.946348,False
hot,-1.4115,-3.1100,117.9368,0.0000,0.946354,False
hot,-0.5073,-2.8979,117.9368,0.0000,0.946363,False
hot,-0.6158,-2.8555,117.9368,0.0000,0.946368,False
hot,-1.6646,-1.6253,117.9368,0.0000,0.946385,False
hot,0.9393,-2.6858,117.9368,0.0000,0.946395,False
cold,-0.6158,-3.0676,117.9368,-0.0000,0.946403,False
hot,-1.0860,-2.4313,117.9368,0.0000,0.946410,False
hot,3.1816,2.7863,117.9368,0.0000,0.946415,False
hot,1.4095,-3.1100,117.9368,0.0000,0.946426,False
hot,0.6138,-2.4313,117.9368,0.0000,0.946429,False
cold,3.0731,2.9560,117.9368,-0.0000,0.946468,False
cold,3.1455,2.9560,117.9368,-0.0000,0.946468,False
cold,-1.7008,-2.3889,117.9368,-0.0000,0.946473,False
cold,-0.0372,-2.7707,117.9368,-0.0000,0.946480,False
hot,3.4348,1.7258,117.9368,0.0000,0.946513,False
hot,-1.1222,-2.2192,117.9368,0.0000,0.946514,False
cold,2.1690,3.0409,117.9368,-0.0000,0.946551,False
hot,2.5668,2.6167,117.9368,0.0000,0.946580,False
hot,3.2540,2.4046,117.9368,0.0000,0.946582,False
hot,3.4710,2.1500,117.9368,0.0000,0.946609,False
cold,2.9646,3.0833,117.9368,-0.0000,0.946616,False
hot,-0.6158,-2.7707,117.9368,0.0000,0.946649,False
cold,-0.1095,-2.6858,117.9368,-0.0000,0.946656,False
cold,0.7223,-2.5161,117.9368,-0.0000,0.946705,False
hot,-0.9052,-2.8555,117.9368,0.0000,0.946716,False
cold,-1.1583,-2.8131,117.9368,-0.0000,0.946726,False
cold,-1.6285,-2.5586,117.9368,-0.0000,0.946742,False
hot,2.8561,1.9804,117.9368,0.0000,0.946775,False
cold,2.8923,2.6167,117.9368,-0.0000,0.946790,False
cold,0.5053,-2.8979,117.9368,-0.0000,0.946825,False
hot,-0.3627,-2.8131,117.9368,0.0000,0.946905,False
hot,2.8561,1.9379,117.9368,0.0000,0.946907,False
hot,-0.1095,-3.0252,117.9368,0.0000,0.946999,False
cold,3.2178,2.0652,117.9368,-0.0000,0.947008,False
cold,3.0008,2.7015,117.9368,-0.0000,0.947008,False
hot,-1.5923,-2.9403,117.9368,0.0000,0.947082,False
hot,2.7476,2.1500,117.9368,0.0000,0.947140,False
hot,0.3245,-2.6434,117.9368,0.0000,0.947321,False
hot,-0.4712,-2.9403,117.9368,0.0000,0.947478,False
hot,-1.5562,-2.7282,117.9368,0.0000,0.947485,False
hot,-1.0860,-2.6434,117.9368,0.0000,0.947596,False
hot,-0.9775,-2.6858,117.9368,0.0000,0.947637,False
cold,-0.7605,-2.6434,117.9368,-0.0000,0.947719,False
cold,3.2901,2.4894,117.9368,-0.0000,0.948157,False
hot,3.4710,3.0409,117.9368,0.0000,0.948207,False
hot,3.1816,2.3621,117.9368,0.0000,0.948532,False
cold,-1.3753,2.0228,118.9387,-0.5073,0.969780,False
